track_id,pitch_midi,note,start_s,duration_s,mean_relative_salience,status
radio_amor_01,31,G1,0.0,8.5,0.885,machine_pitch_candidate_not_verified_note
radio_amor_01,89,F6,0.0,22.5,0.773,machine_pitch_candidate_not_verified_note
radio_amor_01,68,Ab4,3.0,1.5,0.364,machine_pitch_candidate_not_verified_note
radio_amor_01,76,E5,4.0,1.5,0.488,machine_pitch_candidate_not_verified_note
radio_amor_01,25,C#1,6.5,3.0,0.524,machine_pitch_candidate_not_verified_note
radio_amor_01,68,Ab4,6.5,3.5,0.46,machine_pitch_candidate_not_verified_note
radio_amor_01,32,Ab1,7.5,2.0,0.455,machine_pitch_candidate_not_verified_note
radio_amor_01,62,D4,7.5,2.0,0.381,machine_pitch_candidate_not_verified_note
radio_amor_01,41,F2,8.0,9.0,0.513,machine_pitch_candidate_not_verified_note
radio_amor_01,31,G1,9.0,13.5,0.867,machine_pitch_candidate_not_verified_note
radio_amor_01,74,D5,11.0,1.5,0.354,machine_pitch_candidate_not_verified_note
radio_amor_01,81,A5,11.0,3.0,0.321,machine_pitch_candidate_not_verified_note
radio_amor_01,68,Ab4,12.0,2.0,0.428,machine_pitch_candidate_not_verified_note
radio_amor_01,41,F2,17.5,1.5,0.403,machine_pitch_candidate_not_verified_note
radio_amor_01,68,Ab4,17.5,2.0,0.64,machine_pitch_candidate_not_verified_note
radio_amor_01,81,A5,20.0,1.5,0.35,machine_pitch_candidate_not_verified_note
radio_amor_01,71,B4,22.0,15.5,0.941,machine_pitch_candidate_not_verified_note
radio_amor_01,45,A2,27.0,2.0,0.425,machine_pitch_candidate_not_verified_note
radio_amor_01,33,A1,28.0,3.0,0.375,machine_pitch_candidate_not_verified_note
radio_amor_01,45,A2,29.5,7.0,0.695,machine_pitch_candidate_not_verified_note
radio_amor_01,52,E3,31.5,1.5,0.419,machine_pitch_candidate_not_verified_note
radio_amor_01,33,A1,33.0,2.5,0.386,machine_pitch_candidate_not_verified_note
radio_amor_01,59,B3,33.0,1.5,0.431,machine_pitch_candidate_not_verified_note
radio_amor_01,43,G2,35.0,5.0,0.594,machine_pitch_candidate_not_verified_note
radio_amor_01,69,A4,35.0,4.5,0.97,machine_pitch_candidate_not_verified_note
radio_amor_01,57,A3,38.0,1.5,0.496,machine_pitch_candidate_not_verified_note
radio_amor_01,50,D3,39.0,5.5,0.416,machine_pitch_candidate_not_verified_note
radio_amor_01,76,E5,39.0,7.0,0.885,machine_pitch_candidate_not_verified_note
radio_amor_01,33,A1,43.5,5.5,0.531,machine_pitch_candidate_not_verified_note
radio_amor_01,45,A2,43.5,7.5,0.757,machine_pitch_candidate_not_verified_note
radio_amor_01,59,B3,43.5,9.0,0.412,machine_pitch_candidate_not_verified_note
radio_amor_01,71,B4,43.5,10.5,0.878,machine_pitch_candidate_not_verified_note
radio_amor_01,33,A1,52.0,2.0,0.501,machine_pitch_candidate_not_verified_note
radio_amor_01,45,A2,52.0,2.0,0.879,machine_pitch_candidate_not_verified_note
radio_amor_01,31,G1,54.0,2.5,0.443,machine_pitch_candidate_not_verified_note
radio_amor_01,43,G2,54.0,4.5,0.552,machine_pitch_candidate_not_verified_note
radio_amor_01,57,A3,54.0,4.0,0.526,machine_pitch_candidate_not_verified_note
radio_amor_01,58,Bb3,54.0,1.5,0.346,machine_pitch_candidate_not_verified_note
radio_amor_01,69,A4,54.0,4.5,0.929,machine_pitch_candidate_not_verified_note
radio_amor_01,50,D3,57.5,5.0,0.358,machine_pitch_candidate_not_verified_note
radio_amor_01,76,E5,58.0,5.5,0.941,machine_pitch_candidate_not_verified_note
radio_amor_01,71,B4,62.5,10.5,0.927,machine_pitch_candidate_not_verified_note
radio_amor_01,45,A2,63.5,9.5,0.722,machine_pitch_candidate_not_verified_note
radio_amor_01,32,Ab1,68.0,4.0,0.41,machine_pitch_candidate_not_verified_note
radio_amor_01,40,E2,68.0,3.5,0.406,machine_pitch_candidate_not_verified_note
radio_amor_01,48,C3,68.0,3.0,0.474,machine_pitch_candidate_not_verified_note
radio_amor_01,60,C4,68.0,4.0,0.504,machine_pitch_candidate_not_verified_note
radio_amor_01,64,E4,68.0,4.0,0.392,machine_pitch_candidate_not_verified_note
radio_amor_01,52,E3,68.5,1.5,0.381,machine_pitch_candidate_not_verified_note
radio_amor_01,33,A1,70.0,1.5,0.464,machine_pitch_candidate_not_verified_note
radio_amor_01,69,A4,72.5,4.5,0.829,machine_pitch_candidate_not_verified_note
radio_amor_01,43,G2,73.0,3.5,0.775,machine_pitch_candidate_not_verified_note
radio_amor_01,31,G1,73.5,3.0,0.422,machine_pitch_candidate_not_verified_note
radio_amor_01,38,D2,76.0,4.0,0.348,machine_pitch_candidate_not_verified_note
radio_amor_01,76,E5,76.0,5.5,0.898,machine_pitch_candidate_not_verified_note
radio_amor_01,50,D3,76.5,3.5,0.371,machine_pitch_candidate_not_verified_note
radio_amor_01,33,A1,80.0,10.5,0.634,machine_pitch_candidate_not_verified_note
radio_amor_01,45,A2,80.0,13.0,0.751,machine_pitch_candidate_not_verified_note
radio_amor_01,59,B3,80.0,4.5,0.419,machine_pitch_candidate_not_verified_note
radio_amor_01,71,B4,80.0,10.5,0.972,machine_pitch_candidate_not_verified_note
radio_amor_01,48,C3,82.0,1.5,0.438,machine_pitch_candidate_not_verified_note
radio_amor_01,40,E2,82.5,1.5,0.441,machine_pitch_candidate_not_verified_note
radio_amor_01,60,C4,85.5,2.0,0.361,machine_pitch_candidate_not_verified_note
radio_amor_01,48,C3,86.5,2.0,0.338,machine_pitch_candidate_not_verified_note
radio_amor_01,59,B3,86.5,3.5,0.475,machine_pitch_candidate_not_verified_note
radio_amor_01,48,C3,89.0,5.0,0.67,machine_pitch_candidate_not_verified_note
radio_amor_01,60,C4,89.0,5.0,0.756,machine_pitch_candidate_not_verified_note
radio_amor_01,40,E2,89.5,4.5,0.793,machine_pitch_candidate_not_verified_note
radio_amor_01,52,E3,91.0,1.5,0.764,machine_pitch_candidate_not_verified_note
radio_amor_01,32,Ab1,92.0,2.0,0.568,machine_pitch_candidate_not_verified_note
radio_amor_01,33,A1,92.0,3.0,0.561,machine_pitch_candidate_not_verified_note
radio_amor_01,64,E4,92.0,1.5,0.999,machine_pitch_candidate_not_verified_note
radio_amor_01,71,B4,92.0,3.5,0.711,machine_pitch_candidate_not_verified_note
radio_amor_01,45,A2,93.5,1.5,0.471,machine_pitch_candidate_not_verified_note
radio_amor_01,43,G2,95.0,5.0,0.439,machine_pitch_candidate_not_verified_note
radio_amor_01,69,A4,95.0,10.0,0.901,machine_pitch_candidate_not_verified_note
radio_amor_01,57,A3,97.5,3.5,0.403,machine_pitch_candidate_not_verified_note
radio_amor_01,50,D3,98.5,11.5,0.674,machine_pitch_candidate_not_verified_note
radio_amor_01,76,E5,99.0,13.5,0.896,machine_pitch_candidate_not_verified_note
radio_amor_01,53,F3,99.5,1.5,0.404,machine_pitch_candidate_not_verified_note
radio_amor_01,64,E4,99.5,2.5,0.351,machine_pitch_candidate_not_verified_note
radio_amor_01,65,F4,99.5,2.5,0.416,machine_pitch_candidate_not_verified_note
radio_amor_01,31,G1,101.5,2.0,0.367,machine_pitch_candidate_not_verified_note
radio_amor_01,57,A3,101.5,3.0,0.347,machine_pitch_candidate_not_verified_note
radio_amor_01,64,E4,103.5,2.5,0.437,machine_pitch_candidate_not_verified_note
radio_amor_01,65,F4,103.5,2.0,0.324,machine_pitch_candidate_not_verified_note
radio_amor_01,62,D4,107.0,2.0,0.36,machine_pitch_candidate_not_verified_note
radio_amor_01,45,A2,107.5,7.0,0.808,machine_pitch_candidate_not_verified_note
radio_amor_01,64,E4,108.0,2.0,0.377,machine_pitch_candidate_not_verified_note
radio_amor_01,79,G5,108.0,3.5,0.514,machine_pitch_candidate_not_verified_note
radio_amor_01,38,D2,109.0,2.0,0.611,machine_pitch_candidate_not_verified_note
radio_amor_01,65,F4,109.0,1.5,0.621,machine_pitch_candidate_not_verified_note
radio_amor_01,71,B4,109.0,5.0,0.652,machine_pitch_candidate_not_verified_note
radio_amor_01,32,Ab1,110.0,2.5,0.509,machine_pitch_candidate_not_verified_note
radio_amor_01,33,A1,110.0,5.0,0.758,machine_pitch_candidate_not_verified_note
radio_amor_01,60,C4,110.0,9.5,0.513,machine_pitch_candidate_not_verified_note
radio_amor_01,59,B3,111.0,2.0,0.45,machine_pitch_candidate_not_verified_note
radio_amor_01,64,E4,111.5,2.0,0.38,machine_pitch_candidate_not_verified_note
radio_amor_01,48,C3,112.0,2.0,0.315,machine_pitch_candidate_not_verified_note
radio_amor_01,52,E3,113.0,2.0,0.798,machine_pitch_candidate_not_verified_note
radio_amor_01,43,G2,114.5,4.5,0.682,machine_pitch_candidate_not_verified_note
radio_amor_01,69,A4,114.5,5.0,0.802,machine_pitch_candidate_not_verified_note
radio_amor_01,64,E4,115.0,4.5,0.542,machine_pitch_candidate_not_verified_note
radio_amor_01,71,B4,115.5,1.5,0.536,machine_pitch_candidate_not_verified_note
radio_amor_01,42,F#2,116.0,3.0,0.524,machine_pitch_candidate_not_verified_note
radio_amor_01,52,E3,116.0,1.5,0.821,machine_pitch_candidate_not_verified_note
radio_amor_01,38,D2,117.0,7.0,0.645,machine_pitch_candidate_not_verified_note
radio_amor_01,31,G1,117.5,1.5,0.499,machine_pitch_candidate_not_verified_note
radio_amor_01,76,E5,118.5,6.5,0.854,machine_pitch_candidate_not_verified_note
radio_amor_01,65,F4,119.0,5.0,0.624,machine_pitch_candidate_not_verified_note
radio_amor_01,50,D3,120.0,4.5,0.662,machine_pitch_candidate_not_verified_note
radio_amor_01,45,A2,121.0,13.0,0.677,machine_pitch_candidate_not_verified_note
radio_amor_01,64,E4,121.0,3.5,0.448,machine_pitch_candidate_not_verified_note
radio_amor_01,33,A1,124.0,4.0,0.558,machine_pitch_candidate_not_verified_note
radio_amor_01,59,B3,124.0,7.0,0.481,machine_pitch_candidate_not_verified_note
radio_amor_01,60,C4,124.0,3.5,0.406,machine_pitch_candidate_not_verified_note
radio_amor_01,71,B4,124.0,11.0,0.893,machine_pitch_candidate_not_verified_note
radio_amor_01,34,Bb1,127.0,1.5,0.338,machine_pitch_candidate_not_verified_note
radio_amor_01,64,E4,128.0,2.5,0.416,machine_pitch_candidate_not_verified_note
radio_amor_01,60,C4,128.5,2.0,0.484,machine_pitch_candidate_not_verified_note
radio_amor_01,33,A1,129.0,5.0,0.564,machine_pitch_candidate_not_verified_note
radio_amor_01,59,B3,132.0,1.5,0.386,machine_pitch_candidate_not_verified_note
radio_amor_01,60,C4,132.0,1.5,0.425,machine_pitch_candidate_not_verified_note
radio_amor_01,64,E4,132.0,3.5,0.425,machine_pitch_candidate_not_verified_note
radio_amor_01,37,C#2,133.5,4.0,0.644,machine_pitch_candidate_not_verified_note
radio_amor_01,75,Eb5,133.5,5.0,1.0,machine_pitch_candidate_not_verified_note
radio_amor_01,63,Eb4,134.0,4.0,0.44,machine_pitch_candidate_not_verified_note
radio_amor_01,49,C#3,134.5,4.0,0.652,machine_pitch_candidate_not_verified_note
radio_amor_01,64,E4,136.0,2.0,0.473,machine_pitch_candidate_not_verified_note
radio_amor_01,44,Ab2,138.0,2.5,0.873,machine_pitch_candidate_not_verified_note
radio_amor_01,70,Bb4,138.0,3.5,0.896,machine_pitch_candidate_not_verified_note
radio_amor_01,58,Bb3,139.0,4.0,0.446,machine_pitch_candidate_not_verified_note
radio_amor_01,73,C#5,140.5,2.0,0.723,machine_pitch_candidate_not_verified_note
radio_amor_01,44,Ab2,142.0,1.5,0.379,machine_pitch_candidate_not_verified_note
radio_amor_01,46,Bb2,142.0,5.5,0.544,machine_pitch_candidate_not_verified_note
radio_amor_01,51,Eb3,142.0,3.0,0.394,machine_pitch_candidate_not_verified_note
radio_amor_01,65,F4,142.0,2.5,0.457,machine_pitch_candidate_not_verified_note
radio_amor_01,80,Ab5,142.0,3.0,1.0,machine_pitch_candidate_not_verified_note
radio_amor_01,63,Eb4,142.5,2.0,0.315,machine_pitch_candidate_not_verified_note
radio_amor_01,77,F5,143.0,2.0,0.552,machine_pitch_candidate_not_verified_note
radio_amor_01,72,C5,145.0,5.0,0.776,machine_pitch_candidate_not_verified_note
radio_amor_01,60,C4,146.0,1.5,0.335,machine_pitch_candidate_not_verified_note
radio_amor_01,75,Eb5,146.0,4.0,0.837,machine_pitch_candidate_not_verified_note
radio_amor_01,78,F#5,149.5,3.5,0.61,machine_pitch_candidate_not_verified_note
radio_amor_01,42,F#2,150.0,6.5,0.511,machine_pitch_candidate_not_verified_note
radio_amor_01,44,Ab2,150.0,2.0,0.357,machine_pitch_candidate_not_verified_note
radio_amor_01,49,C#3,150.0,6.0,0.825,machine_pitch_candidate_not_verified_note
radio_amor_01,75,Eb5,152.0,4.0,0.865,machine_pitch_candidate_not_verified_note
radio_amor_01,44,Ab2,153.0,2.5,0.709,machine_pitch_candidate_not_verified_note
radio_amor_01,61,C#4,153.5,2.0,0.462,machine_pitch_candidate_not_verified_note
radio_amor_01,78,F#5,153.5,3.0,0.488,machine_pitch_candidate_not_verified_note
radio_amor_01,56,Ab3,155.5,3.0,0.697,machine_pitch_candidate_not_verified_note
radio_amor_01,39,Eb2,156.0,2.5,0.664,machine_pitch_candidate_not_verified_note
radio_amor_01,70,Bb4,156.0,6.5,0.81,machine_pitch_candidate_not_verified_note
radio_amor_01,58,Bb3,156.5,1.5,0.52,machine_pitch_candidate_not_verified_note
radio_amor_01,73,C#5,156.5,2.0,0.826,machine_pitch_candidate_not_verified_note
radio_amor_01,32,Ab1,159.0,2.0,0.421,machine_pitch_candidate_not_verified_note
radio_amor_01,44,Ab2,159.0,2.0,0.508,machine_pitch_candidate_not_verified_note
radio_amor_01,73,C#5,159.5,1.5,0.304,machine_pitch_candidate_not_verified_note
radio_amor_01,77,F5,161.5,5.0,0.803,machine_pitch_candidate_not_verified_note
radio_amor_01,72,C5,164.5,10.0,0.979,machine_pitch_candidate_not_verified_note
radio_amor_01,46,Bb2,165.0,2.0,0.339,machine_pitch_candidate_not_verified_note
radio_amor_01,46,Bb2,171.0,1.5,0.346,machine_pitch_candidate_not_verified_note
radio_amor_01,75,Eb5,174.0,9.0,0.809,machine_pitch_candidate_not_verified_note
radio_amor_01,49,C#3,175.0,4.5,0.695,machine_pitch_candidate_not_verified_note
radio_amor_01,44,Ab2,179.0,2.0,0.382,machine_pitch_candidate_not_verified_note
radio_amor_01,70,Bb4,179.0,6.0,0.958,machine_pitch_candidate_not_verified_note
radio_amor_01,72,C5,179.5,2.0,0.57,machine_pitch_candidate_not_verified_note
radio_amor_01,72,C5,182.0,1.5,0.479,machine_pitch_candidate_not_verified_note
radio_amor_01,77,F5,185.0,4.5,0.871,machine_pitch_candidate_not_verified_note
radio_amor_01,51,Eb3,185.5,3.0,0.403,machine_pitch_candidate_not_verified_note
radio_amor_01,72,C5,188.5,3.5,1.0,machine_pitch_candidate_not_verified_note
radio_amor_01,71,B4,191.5,7.0,0.924,machine_pitch_candidate_not_verified_note
radio_amor_01,45,A2,192.0,3.0,0.376,machine_pitch_candidate_not_verified_note
radio_amor_01,45,A2,195.5,1.5,0.399,machine_pitch_candidate_not_verified_note
radio_amor_01,58,Bb3,198.0,3.0,0.44,machine_pitch_candidate_not_verified_note
radio_amor_01,69,A4,198.0,4.0,0.822,machine_pitch_candidate_not_verified_note
radio_amor_01,31,G1,198.5,1.5,0.312,machine_pitch_candidate_not_verified_note
radio_amor_01,46,Bb2,199.5,1.5,0.323,machine_pitch_candidate_not_verified_note
radio_amor_01,76,E5,201.0,6.5,1.0,machine_pitch_candidate_not_verified_note
radio_amor_01,38,D2,201.5,1.5,0.31,machine_pitch_candidate_not_verified_note
radio_amor_01,59,B3,207.0,8.0,0.534,machine_pitch_candidate_not_verified_note
radio_amor_01,33,A1,207.5,1.5,0.337,machine_pitch_candidate_not_verified_note
radio_amor_01,71,B4,207.5,3.0,0.897,machine_pitch_candidate_not_verified_note
radio_amor_01,45,A2,208.5,4.0,0.792,machine_pitch_candidate_not_verified_note
radio_amor_01,74,D5,209.0,1.5,0.434,machine_pitch_candidate_not_verified_note
radio_amor_01,33,A1,210.0,2.0,0.679,machine_pitch_candidate_not_verified_note
radio_amor_01,40,E2,210.0,1.5,0.396,machine_pitch_candidate_not_verified_note
radio_amor_01,48,C3,210.0,1.5,0.345,machine_pitch_candidate_not_verified_note
radio_amor_01,74,D5,211.0,4.0,0.361,machine_pitch_candidate_not_verified_note
radio_amor_01,71,B4,211.5,2.0,0.85,machine_pitch_candidate_not_verified_note
radio_amor_01,48,C3,212.0,2.5,0.671,machine_pitch_candidate_not_verified_note
radio_amor_01,33,A1,212.5,2.0,0.58,machine_pitch_candidate_not_verified_note
radio_amor_01,40,E2,212.5,1.5,0.35,machine_pitch_candidate_not_verified_note
radio_amor_01,57,A3,212.5,2.5,0.393,machine_pitch_candidate_not_verified_note
radio_amor_01,64,E4,212.5,1.5,0.388,machine_pitch_candidate_not_verified_note
radio_amor_01,52,E3,213.0,2.0,0.74,machine_pitch_candidate_not_verified_note
radio_amor_01,69,A4,214.5,7.5,0.867,machine_pitch_candidate_not_verified_note
radio_amor_01,45,A2,215.0,1.5,0.414,machine_pitch_candidate_not_verified_note
radio_amor_01,43,G2,215.5,5.0,0.564,machine_pitch_candidate_not_verified_note
radio_amor_01,45,A2,220.0,6.0,0.536,machine_pitch_candidate_not_verified_note
radio_amor_01,59,B3,220.0,3.5,0.425,machine_pitch_candidate_not_verified_note
radio_amor_01,76,E5,220.5,4.5,0.932,machine_pitch_candidate_not_verified_note
radio_amor_01,69,A4,222.5,2.0,0.373,machine_pitch_candidate_not_verified_note
radio_amor_01,52,E3,223.5,1.5,0.404,machine_pitch_candidate_not_verified_note
radio_amor_01,71,B4,224.0,19.0,0.931,machine_pitch_candidate_not_verified_note
radio_amor_01,59,B3,227.0,2.0,0.484,machine_pitch_candidate_not_verified_note
radio_amor_01,45,A2,228.5,1.5,0.373,machine_pitch_candidate_not_verified_note
radio_amor_01,59,B3,230.0,11.0,0.724,machine_pitch_candidate_not_verified_note
radio_amor_01,45,A2,230.5,4.0,0.523,machine_pitch_candidate_not_verified_note
radio_amor_01,69,A4,233.5,8.5,0.811,machine_pitch_candidate_not_verified_note
radio_amor_01,31,G1,236.0,1.5,0.31,machine_pitch_candidate_not_verified_note
radio_amor_01,45,A2,236.0,1.5,0.351,machine_pitch_candidate_not_verified_note
radio_amor_01,59,B3,241.5,48.0,0.916,machine_pitch_candidate_not_verified_note
radio_amor_01,76,E5,242.5,6.0,0.751,machine_pitch_candidate_not_verified_note
radio_amor_01,71,B4,244.0,6.5,0.616,machine_pitch_candidate_not_verified_note
radio_amor_01,52,E3,248.5,3.0,0.316,machine_pitch_candidate_not_verified_note
radio_amor_01,48,C3,249.0,8.5,0.465,machine_pitch_candidate_not_verified_note
radio_amor_01,45,A2,251.5,1.5,0.622,machine_pitch_candidate_not_verified_note
radio_amor_01,52,E3,252.5,1.5,0.726,machine_pitch_candidate_not_verified_note
radio_amor_01,45,A2,253.5,1.5,0.399,machine_pitch_candidate_not_verified_note
radio_amor_01,74,D5,254.0,1.5,0.324,machine_pitch_candidate_not_verified_note
radio_amor_01,45,A2,255.5,12.5,0.62,machine_pitch_candidate_not_verified_note
radio_amor_01,71,B4,257.5,2.0,0.451,machine_pitch_candidate_not_verified_note
radio_amor_01,48,C3,258.5,2.5,0.506,machine_pitch_candidate_not_verified_note
radio_amor_01,52,E3,261.0,1.5,0.387,machine_pitch_candidate_not_verified_note
radio_amor_01,48,C3,264.5,8.0,0.455,machine_pitch_candidate_not_verified_note
radio_amor_01,44,Ab2,265.5,1.5,0.345,machine_pitch_candidate_not_verified_note
radio_amor_01,71,B4,265.5,2.5,0.53,machine_pitch_candidate_not_verified_note
radio_amor_01,44,Ab2,268.0,1.5,0.329,machine_pitch_candidate_not_verified_note
radio_amor_01,45,A2,269.0,4.5,0.64,machine_pitch_candidate_not_verified_note
radio_amor_01,45,A2,275.0,12.5,0.831,machine_pitch_candidate_not_verified_note
radio_amor_01,48,C3,276.0,3.0,0.333,machine_pitch_candidate_not_verified_note
radio_amor_01,71,B4,276.0,4.0,0.441,machine_pitch_candidate_not_verified_note
radio_amor_01,48,C3,280.5,2.5,0.352,machine_pitch_candidate_not_verified_note
radio_amor_01,71,B4,285.0,1.5,0.359,machine_pitch_candidate_not_verified_note
radio_amor_01,48,C3,285.5,1.5,0.352,machine_pitch_candidate_not_verified_note
radio_amor_01,75,Eb5,286.0,38.5,0.719,machine_pitch_candidate_not_verified_note
radio_amor_01,52,E3,286.5,9.0,0.39,machine_pitch_candidate_not_verified_note
radio_amor_01,68,Ab4,288.0,2.0,0.346,machine_pitch_candidate_not_verified_note
radio_amor_01,37,C#2,289.0,27.0,0.938,machine_pitch_candidate_not_verified_note
radio_amor_01,38,D2,289.0,5.5,0.561,machine_pitch_candidate_not_verified_note
radio_amor_01,83,B5,289.5,1.5,0.329,machine_pitch_candidate_not_verified_note
radio_amor_01,59,B3,290.0,5.5,0.645,machine_pitch_candidate_not_verified_note
radio_amor_01,45,A2,291.5,4.5,0.597,machine_pitch_candidate_not_verified_note
radio_amor_01,64,E4,292.0,3.5,0.462,machine_pitch_candidate_not_verified_note
radio_amor_01,63,Eb4,293.0,1.5,0.456,machine_pitch_candidate_not_verified_note
radio_amor_01,71,B4,294.0,2.0,0.403,machine_pitch_candidate_not_verified_note
radio_amor_01,83,B5,297.0,1.5,0.389,machine_pitch_candidate_not_verified_note
radio_amor_01,38,D2,301.0,2.5,0.431,machine_pitch_candidate_not_verified_note
radio_amor_01,63,Eb4,301.5,1.5,0.368,machine_pitch_candidate_not_verified_note
radio_amor_01,64,E4,301.5,1.5,0.411,machine_pitch_candidate_not_verified_note
radio_amor_01,83,B5,302.0,2.0,0.561,machine_pitch_candidate_not_verified_note
radio_amor_01,52,E3,302.5,1.5,0.414,machine_pitch_candidate_not_verified_note
radio_amor_01,38,D2,304.0,6.0,0.515,machine_pitch_candidate_not_verified_note
radio_amor_01,64,E4,304.0,1.5,0.453,machine_pitch_candidate_not_verified_note
radio_amor_01,83,B5,305.0,2.5,0.401,machine_pitch_candidate_not_verified_note
radio_amor_01,83,B5,309.0,3.5,0.474,machine_pitch_candidate_not_verified_note
radio_amor_01,49,C#3,309.5,1.5,0.483,machine_pitch_candidate_not_verified_note
radio_amor_01,52,E3,310.0,2.0,0.443,machine_pitch_candidate_not_verified_note
radio_amor_01,64,E4,310.0,4.5,0.487,machine_pitch_candidate_not_verified_note
radio_amor_01,34,Bb1,310.5,2.0,0.397,machine_pitch_candidate_not_verified_note
radio_amor_01,38,D2,311.0,1.5,0.602,machine_pitch_candidate_not_verified_note
radio_amor_01,63,Eb4,311.0,3.0,0.381,machine_pitch_candidate_not_verified_note
radio_amor_01,38,D2,313.5,10.5,0.672,machine_pitch_candidate_not_verified_note
radio_amor_01,49,C#3,315.5,5.0,0.619,machine_pitch_candidate_not_verified_note
radio_amor_01,83,B5,315.5,4.0,0.395,machine_pitch_candidate_not_verified_note
radio_amor_01,64,E4,316.0,4.5,0.419,machine_pitch_candidate_not_verified_note
radio_amor_01,53,F3,316.5,1.5,0.774,machine_pitch_candidate_not_verified_note
radio_amor_01,63,Eb4,317.5,4.0,0.343,machine_pitch_candidate_not_verified_note
radio_amor_01,37,C#2,318.5,2.0,0.304,machine_pitch_candidate_not_verified_note
radio_amor_01,44,Ab2,318.5,1.5,0.322,machine_pitch_candidate_not_verified_note
radio_amor_01,37,C#2,321.0,4.5,0.678,machine_pitch_candidate_not_verified_note
radio_amor_01,36,C2,321.5,2.5,0.449,machine_pitch_candidate_not_verified_note
radio_amor_01,32,Ab1,322.0,2.0,0.482,machine_pitch_candidate_not_verified_note
radio_amor_01,64,E4,322.0,3.5,0.456,machine_pitch_candidate_not_verified_note
radio_amor_01,83,B5,322.0,2.5,0.377,machine_pitch_candidate_not_verified_note
radio_amor_01,44,Ab2,323.5,2.0,0.638,machine_pitch_candidate_not_verified_note
radio_amor_01,59,B3,323.5,3.0,0.672,machine_pitch_candidate_not_verified_note
radio_amor_01,51,Eb3,324.0,11.0,0.702,machine_pitch_candidate_not_verified_note
radio_amor_01,32,Ab1,326.0,1.5,1.0,machine_pitch_candidate_not_verified_note
radio_amor_01,38,D2,326.0,5.5,0.72,machine_pitch_candidate_not_verified_note
radio_amor_01,75,Eb5,327.0,4.0,0.507,machine_pitch_candidate_not_verified_note
radio_amor_01,37,C#2,327.5,2.5,0.397,machine_pitch_candidate_not_verified_note
radio_amor_01,39,Eb2,328.0,3.0,0.476,machine_pitch_candidate_not_verified_note
radio_amor_01,59,B3,328.0,1.5,0.324,machine_pitch_candidate_not_verified_note
radio_amor_01,77,F5,328.0,5.5,0.833,machine_pitch_candidate_not_verified_note
radio_amor_01,66,F#4,328.5,4.0,0.382,machine_pitch_candidate_not_verified_note
radio_amor_01,32,Ab1,329.0,1.5,0.65,machine_pitch_candidate_not_verified_note
radio_amor_01,80,Ab5,330.0,1.5,0.797,machine_pitch_candidate_not_verified_note
radio_amor_01,46,Bb2,332.5,2.5,0.664,machine_pitch_candidate_not_verified_note
radio_amor_01,72,C5,332.5,5.5,0.883,machine_pitch_candidate_not_verified_note
radio_amor_01,61,C#4,333.0,4.0,0.389,machine_pitch_candidate_not_verified_note
radio_amor_01,65,F4,334.5,2.5,0.348,machine_pitch_candidate_not_verified_note
radio_amor_01,75,Eb5,335.0,9.5,0.804,machine_pitch_candidate_not_verified_note
radio_amor_01,46,Bb2,335.5,1.5,0.649,machine_pitch_candidate_not_verified_note
radio_amor_01,49,C#3,337.0,2.0,0.528,machine_pitch_candidate_not_verified_note
radio_amor_01,68,Ab4,337.5,3.0,0.366,machine_pitch_candidate_not_verified_note
radio_amor_01,64,E4,340.5,1.5,0.398,machine_pitch_candidate_not_verified_note
radio_amor_01,44,Ab2,341.5,1.5,0.3,machine_pitch_candidate_not_verified_note
radio_amor_01,58,Bb3,341.5,3.5,0.688,machine_pitch_candidate_not_verified_note
radio_amor_01,63,Eb4,341.5,5.5,0.806,machine_pitch_candidate_not_verified_note
radio_amor_01,68,Ab4,341.5,1.5,0.588,machine_pitch_candidate_not_verified_note
radio_amor_01,70,Bb4,341.5,6.0,0.856,machine_pitch_candidate_not_verified_note
radio_amor_01,34,Bb1,342.0,2.0,0.638,machine_pitch_candidate_not_verified_note
radio_amor_01,39,Eb2,342.0,2.5,0.782,machine_pitch_candidate_not_verified_note
radio_amor_01,43,G2,342.0,2.5,0.71,machine_pitch_candidate_not_verified_note
radio_amor_01,47,B2,342.0,4.5,0.556,machine_pitch_candidate_not_verified_note
radio_amor_01,59,B3,342.0,5.0,0.554,machine_pitch_candidate_not_verified_note
radio_amor_01,51,Eb3,343.5,5.5,0.484,machine_pitch_candidate_not_verified_note
radio_amor_01,32,Ab1,344.5,2.0,0.466,machine_pitch_candidate_not_verified_note
radio_amor_01,56,Ab3,344.5,1.5,0.467,machine_pitch_candidate_not_verified_note
radio_amor_01,77,F5,346.5,4.5,0.923,machine_pitch_candidate_not_verified_note
radio_amor_01,66,F#4,347.0,4.0,0.405,machine_pitch_candidate_not_verified_note
radio_amor_01,80,Ab5,347.0,3.0,0.341,machine_pitch_candidate_not_verified_note
radio_amor_01,39,Eb2,348.0,2.5,0.511,machine_pitch_candidate_not_verified_note
radio_amor_01,51,Eb3,349.5,1.5,0.529,machine_pitch_candidate_not_verified_note
radio_amor_01,61,C#4,350.5,5.5,0.926,machine_pitch_candidate_not_verified_note
radio_amor_01,72,C5,350.5,6.0,0.635,machine_pitch_candidate_not_verified_note
radio_amor_01,35,B1,351.0,1.5,0.975,machine_pitch_candidate_not_verified_note
radio_amor_01,49,C#3,351.0,7.5,0.574,machine_pitch_candidate_not_verified_note
radio_amor_01,65,F4,351.0,5.5,0.709,machine_pitch_candidate_not_verified_note
radio_amor_01,75,Eb5,351.0,11.5,0.628,machine_pitch_candidate_not_verified_note
radio_amor_01,33,A1,352.0,3.5,0.371,machine_pitch_candidate_not_verified_note
radio_amor_01,34,Bb1,352.5,1.5,0.439,machine_pitch_candidate_not_verified_note
radio_amor_01,41,F2,352.5,2.0,0.442,machine_pitch_candidate_not_verified_note
radio_amor_01,46,Bb2,353.0,2.0,0.481,machine_pitch_candidate_not_verified_note
radio_amor_01,34,Bb1,354.5,2.0,0.597,machine_pitch_candidate_not_verified_note
radio_amor_01,37,C#2,356.0,5.0,0.655,machine_pitch_candidate_not_verified_note
radio_amor_01,44,Ab2,356.5,2.0,0.433,machine_pitch_candidate_not_verified_note
radio_amor_01,52,E3,356.5,1.5,0.366,machine_pitch_candidate_not_verified_note
radio_amor_01,64,E4,356.5,4.5,0.598,machine_pitch_candidate_not_verified_note
radio_amor_01,68,Ab4,356.5,4.0,0.731,machine_pitch_candidate_not_verified_note
radio_amor_01,78,F#5,357.0,1.5,0.322,machine_pitch_candidate_not_verified_note
radio_amor_01,63,Eb4,359.0,5.5,0.57,machine_pitch_candidate_not_verified_note
radio_amor_01,59,B3,360.0,4.5,0.805,machine_pitch_candidate_not_verified_note
radio_amor_01,70,Bb4,360.0,6.0,0.604,machine_pitch_candidate_not_verified_note
radio_amor_01,47,B2,360.5,4.5,0.4,machine_pitch_candidate_not_verified_note
radio_amor_01,68,Ab4,361.0,1.5,0.351,machine_pitch_candidate_not_verified_note
radio_amor_01,51,Eb3,361.5,6.5,0.539,machine_pitch_candidate_not_verified_note
radio_amor_01,32,Ab1,362.0,2.5,0.411,machine_pitch_candidate_not_verified_note
radio_amor_01,66,F#4,364.0,1.5,0.319,machine_pitch_candidate_not_verified_note
radio_amor_01,77,F5,364.0,4.5,0.88,machine_pitch_candidate_not_verified_note
radio_amor_01,80,Ab5,364.5,4.5,0.421,machine_pitch_candidate_not_verified_note
radio_amor_01,34,Bb1,367.5,1.5,0.476,machine_pitch_candidate_not_verified_note
radio_amor_01,61,C#4,367.5,2.5,0.714,machine_pitch_candidate_not_verified_note
radio_amor_01,72,C5,368.0,8.0,0.959,machine_pitch_candidate_not_verified_note
radio_amor_01,65,F4,368.5,7.0,0.63,machine_pitch_candidate_not_verified_note
radio_amor_01,61,C#4,372.0,3.5,0.471,machine_pitch_candidate_not_verified_note
radio_amor_01,41,F2,373.5,2.0,0.533,machine_pitch_candidate_not_verified_note
radio_amor_01,75,Eb5,374.5,9.5,0.835,machine_pitch_candidate_not_verified_note
radio_amor_01,37,C#2,375.5,2.0,0.872,machine_pitch_candidate_not_verified_note
radio_amor_01,44,Ab2,375.5,5.0,0.497,machine_pitch_candidate_not_verified_note
radio_amor_01,49,C#3,375.5,1.5,0.608,machine_pitch_candidate_not_verified_note
radio_amor_01,64,E4,375.5,5.5,0.718,machine_pitch_candidate_not_verified_note
radio_amor_01,52,E3,376.0,1.5,0.364,machine_pitch_candidate_not_verified_note
radio_amor_01,78,F#5,376.0,2.0,0.364,machine_pitch_candidate_not_verified_note
radio_amor_01,68,Ab4,377.0,4.5,0.659,machine_pitch_candidate_not_verified_note
radio_amor_01,37,C#2,378.5,2.0,0.363,machine_pitch_candidate_not_verified_note
radio_amor_01,49,C#3,378.5,1.5,0.387,machine_pitch_candidate_not_verified_note
radio_amor_01,63,Eb4,379.0,5.0,0.523,machine_pitch_candidate_not_verified_note
radio_amor_01,59,B3,380.0,4.0,0.66,machine_pitch_candidate_not_verified_note
radio_amor_01,70,Bb4,380.0,4.0,0.932,machine_pitch_candidate_not_verified_note
radio_amor_01,56,Ab3,382.5,1.5,0.317,machine_pitch_candidate_not_verified_note
radio_amor_01,77,F5,384.0,8.0,0.889,machine_pitch_candidate_not_verified_note
radio_amor_01,51,Eb3,385.0,1.5,0.554,machine_pitch_candidate_not_verified_note
radio_amor_01,65,F4,385.0,1.5,0.339,machine_pitch_candidate_not_verified_note
radio_amor_01,66,F#4,385.0,1.5,0.61,machine_pitch_candidate_not_verified_note
radio_amor_01,70,Bb4,385.0,1.5,0.436,machine_pitch_candidate_not_verified_note
radio_amor_01,80,Ab5,385.0,1.5,0.503,machine_pitch_candidate_not_verified_note
radio_amor_01,41,F2,389.5,1.5,0.59,machine_pitch_candidate_not_verified_note
radio_amor_01,53,F3,389.5,18.5,0.799,machine_pitch_candidate_not_verified_note
radio_amor_01,58,Bb3,390.5,4.0,0.891,machine_pitch_candidate_not_verified_note
radio_amor_01,70,Bb4,390.5,4.0,0.509,machine_pitch_candidate_not_verified_note
radio_amor_01,46,Bb2,392.0,1.5,0.327,machine_pitch_candidate_not_verified_note
radio_amor_01,72,C5,392.0,1.5,0.528,machine_pitch_candidate_not_verified_note
radio_amor_01,77,F5,392.5,2.0,0.39,machine_pitch_candidate_not_verified_note
radio_amor_01,29,F1,394.5,1.5,0.387,machine_pitch_candidate_not_verified_note
radio_amor_01,41,F2,394.5,1.5,0.817,machine_pitch_candidate_not_verified_note
radio_amor_01,48,C3,394.5,1.5,0.342,machine_pitch_candidate_not_verified_note
radio_amor_01,41,F2,397.0,10.0,0.777,machine_pitch_candidate_not_verified_note
radio_amor_01,42,F#2,397.0,1.5,0.311,machine_pitch_candidate_not_verified_note
radio_amor_01,48,C3,397.0,1.5,0.638,machine_pitch_candidate_not_verified_note
radio_amor_01,42,F#2,400.0,1.5,0.318,machine_pitch_candidate_not_verified_note
radio_amor_01,42,F#2,402.0,2.0,0.345,machine_pitch_candidate_not_verified_note
radio_amor_01,64,E4,405.5,1.5,0.478,machine_pitch_candidate_not_verified_note
radio_amor_01,77,F5,406.5,3.0,0.929,machine_pitch_candidate_not_verified_note
radio_amor_01,72,C5,407.0,1.5,0.478,machine_pitch_candidate_not_verified_note
radio_amor_01,38,D2,407.5,1.5,0.455,machine_pitch_candidate_not_verified_note
radio_amor_01,71,B4,408.5,1.5,0.383,machine_pitch_candidate_not_verified_note
radio_amor_01,66,F#4,409.0,3.5,0.527,machine_pitch_candidate_not_verified_note
radio_amor_01,42,F#2,409.5,1.5,0.427,machine_pitch_candidate_not_verified_note
radio_amor_01,77,F5,410.0,6.5,0.715,machine_pitch_candidate_not_verified_note
radio_amor_01,73,C#5,410.5,2.0,0.48,machine_pitch_candidate_not_verified_note
radio_amor_01,40,E2,411.0,2.0,0.744,machine_pitch_candidate_not_verified_note
radio_amor_01,52,E3,411.0,1.5,0.562,machine_pitch_candidate_not_verified_note
radio_amor_01,53,F3,411.0,1.5,0.432,machine_pitch_candidate_not_verified_note
radio_amor_01,65,F4,411.0,1.5,0.918,machine_pitch_candidate_not_verified_note
radio_amor_01,72,C5,411.0,4.5,0.554,machine_pitch_candidate_not_verified_note
radio_amor_01,76,E5,411.0,1.5,0.474,machine_pitch_candidate_not_verified_note
radio_amor_01,81,A5,412.0,5.5,0.897,machine_pitch_candidate_not_verified_note
radio_amor_01,66,F#4,413.0,2.5,0.582,machine_pitch_candidate_not_verified_note
radio_amor_01,31,G1,413.5,2.5,0.612,machine_pitch_candidate_not_verified_note
radio_amor_01,58,Bb3,414.0,1.5,0.525,machine_pitch_candidate_not_verified_note
radio_amor_01,59,B3,414.0,1.5,0.451,machine_pitch_candidate_not_verified_note
radio_amor_01,68,Ab4,414.0,1.5,0.658,machine_pitch_candidate_not_verified_note
radio_amor_01,65,F4,414.5,1.5,0.5,machine_pitch_candidate_not_verified_note
radio_amor_01,56,Ab3,415.0,3.5,0.53,machine_pitch_candidate_not_verified_note
radio_amor_01,76,E5,415.0,1.5,0.747,machine_pitch_candidate_not_verified_note
radio_amor_01,64,E4,416.0,1.5,0.65,machine_pitch_candidate_not_verified_note
radio_amor_01,84,C6,416.0,3.0,0.812,machine_pitch_candidate_not_verified_note
radio_amor_01,67,G4,416.5,1.5,0.579,machine_pitch_candidate_not_verified_note
radio_amor_01,31,G1,417.5,6.0,0.7,machine_pitch_candidate_not_verified_note
radio_amor_01,63,Eb4,417.5,1.5,0.315,machine_pitch_candidate_not_verified_note
radio_amor_01,81,A5,418.0,2.0,0.837,machine_pitch_candidate_not_verified_note
radio_amor_01,86,D6,418.0,1.5,0.383,machine_pitch_candidate_not_verified_note
radio_amor_01,67,G4,418.5,1.5,0.342,machine_pitch_candidate_not_verified_note
radio_amor_01,72,C5,420.0,3.0,0.669,machine_pitch_candidate_not_verified_note
radio_amor_01,73,C#5,421.0,1.5,0.703,machine_pitch_candidate_not_verified_note
radio_amor_01,54,F#3,422.0,3.0,0.643,machine_pitch_candidate_not_verified_note
radio_amor_01,65,F4,422.5,2.0,0.62,machine_pitch_candidate_not_verified_note
radio_amor_01,66,F#4,423.0,3.0,0.593,machine_pitch_candidate_not_verified_note
radio_amor_01,84,C6,423.0,4.0,0.677,machine_pitch_candidate_not_verified_note
radio_amor_01,81,A5,424.0,3.5,0.881,machine_pitch_candidate_not_verified_note
radio_amor_01,56,Ab3,424.5,2.0,0.383,machine_pitch_candidate_not_verified_note
radio_amor_01,57,A3,425.0,1.5,0.37,machine_pitch_candidate_not_verified_note
radio_amor_01,73,C#5,425.0,4.5,0.664,machine_pitch_candidate_not_verified_note
radio_amor_01,76,E5,425.5,3.0,0.579,machine_pitch_candidate_not_verified_note
radio_amor_01,65,F4,426.0,1.5,0.479,machine_pitch_candidate_not_verified_note
radio_amor_01,52,E3,427.0,2.0,0.58,machine_pitch_candidate_not_verified_note
radio_amor_01,66,F#4,427.5,1.5,0.471,machine_pitch_candidate_not_verified_note
radio_amor_01,65,F4,428.5,1.5,0.348,machine_pitch_candidate_not_verified_note
radio_amor_01,81,A5,428.5,3.5,0.773,machine_pitch_candidate_not_verified_note
radio_amor_01,56,Ab3,429.0,2.5,0.515,machine_pitch_candidate_not_verified_note
radio_amor_01,64,E4,429.5,1.5,0.656,machine_pitch_candidate_not_verified_note
radio_amor_01,76,E5,430.0,2.0,0.64,machine_pitch_candidate_not_verified_note
radio_amor_01,31,G1,430.5,2.0,0.838,machine_pitch_candidate_not_verified_note
radio_amor_01,71,B4,430.5,1.5,0.827,machine_pitch_candidate_not_verified_note
radio_amor_01,84,C6,430.5,2.0,0.642,machine_pitch_candidate_not_verified_note
radio_amor_01,72,C5,431.0,1.5,0.724,machine_pitch_candidate_not_verified_note
radio_amor_01,74,D5,431.5,3.0,0.744,machine_pitch_candidate_not_verified_note
radio_amor_01,65,F4,432.5,1.5,0.577,machine_pitch_candidate_not_verified_note
radio_amor_01,32,Ab1,433.0,1.5,0.568,machine_pitch_candidate_not_verified_note
radio_amor_01,69,A4,433.0,1.5,0.585,machine_pitch_candidate_not_verified_note
radio_amor_01,72,C5,433.0,1.5,0.526,machine_pitch_candidate_not_verified_note
radio_amor_01,44,Ab2,434.0,6.5,0.968,machine_pitch_candidate_not_verified_note
radio_amor_01,32,Ab1,435.0,2.0,0.481,machine_pitch_candidate_not_verified_note
radio_amor_01,26,D1,436.5,1.5,0.351,machine_pitch_candidate_not_verified_note
radio_amor_01,79,G5,437.0,7.31,0.643,machine_pitch_candidate_not_verified_note
radio_amor_01,32,Ab1,437.5,2.5,0.493,machine_pitch_candidate_not_verified_note
radio_amor_01,31,G1,439.0,2.0,0.395,machine_pitch_candidate_not_verified_note
radio_amor_01,43,G2,440.0,2.0,0.447,machine_pitch_candidate_not_verified_note
radio_amor_01,84,C6,440.0,3.5,0.398,machine_pitch_candidate_not_verified_note
radio_amor_01,32,Ab1,440.5,2.5,0.797,machine_pitch_candidate_not_verified_note
radio_amor_01,44,Ab2,441.5,2.81,0.954,machine_pitch_candidate_not_verified_note
radio_amor_01,86,D6,441.5,2.81,0.755,machine_pitch_candidate_not_verified_note
radio_amor_02,44,Ab2,0.0,7.0,0.789,machine_pitch_candidate_not_verified_note
radio_amor_02,79,G5,0.0,6.0,0.637,machine_pitch_candidate_not_verified_note
radio_amor_02,32,Ab1,1.0,4.0,0.6,machine_pitch_candidate_not_verified_note
radio_amor_02,43,G2,2.5,1.5,0.463,machine_pitch_candidate_not_verified_note
radio_amor_02,84,C6,3.5,2.0,0.505,machine_pitch_candidate_not_verified_note
radio_amor_02,86,D6,5.5,2.5,0.758,machine_pitch_candidate_not_verified_note
radio_amor_02,84,C6,6.0,2.5,0.361,machine_pitch_candidate_not_verified_note
radio_amor_02,32,Ab1,7.0,8.0,0.861,machine_pitch_candidate_not_verified_note
radio_amor_02,79,G5,7.0,13.5,0.744,machine_pitch_candidate_not_verified_note
radio_amor_02,43,G2,8.0,4.0,0.391,machine_pitch_candidate_not_verified_note
radio_amor_02,44,Ab2,8.5,12.0,0.788,machine_pitch_candidate_not_verified_note
radio_amor_02,86,D6,10.0,1.5,0.402,machine_pitch_candidate_not_verified_note
radio_amor_02,84,C6,10.5,4.0,0.536,machine_pitch_candidate_not_verified_note
radio_amor_02,25,C#1,11.0,2.5,0.341,machine_pitch_candidate_not_verified_note
radio_amor_02,36,C2,12.0,2.0,0.634,machine_pitch_candidate_not_verified_note
radio_amor_02,37,C#2,12.0,2.5,0.567,machine_pitch_candidate_not_verified_note
radio_amor_02,86,D6,12.5,3.5,0.764,machine_pitch_candidate_not_verified_note
radio_amor_02,39,Eb2,15.0,1.5,0.441,machine_pitch_candidate_not_verified_note
radio_amor_02,32,Ab1,15.5,5.0,0.654,machine_pitch_candidate_not_verified_note
radio_amor_02,43,G2,17.0,1.5,0.309,machine_pitch_candidate_not_verified_note
radio_amor_02,31,G1,17.5,3.0,0.656,machine_pitch_candidate_not_verified_note
radio_amor_02,37,C#2,18.5,3.5,0.593,machine_pitch_candidate_not_verified_note
radio_amor_02,84,C6,18.5,2.0,0.389,machine_pitch_candidate_not_verified_note
radio_amor_02,36,C2,19.5,2.0,0.828,machine_pitch_candidate_not_verified_note
radio_amor_02,86,D6,20.5,3.5,0.749,machine_pitch_candidate_not_verified_note
radio_amor_02,44,Ab2,21.5,2.5,0.584,machine_pitch_candidate_not_verified_note
radio_amor_02,32,Ab1,22.0,4.5,0.646,machine_pitch_candidate_not_verified_note
radio_amor_02,39,Eb2,22.0,2.0,0.866,machine_pitch_candidate_not_verified_note
radio_amor_02,79,G5,23.5,4.5,0.873,machine_pitch_candidate_not_verified_note
radio_amor_02,31,G1,24.5,1.5,0.344,machine_pitch_candidate_not_verified_note
radio_amor_02,44,Ab2,25.0,2.5,0.968,machine_pitch_candidate_not_verified_note
radio_amor_02,43,G2,25.5,1.5,0.65,machine_pitch_candidate_not_verified_note
radio_amor_02,36,C2,27.5,2.0,0.633,machine_pitch_candidate_not_verified_note
radio_amor_02,84,C6,27.5,2.0,0.509,machine_pitch_candidate_not_verified_note
radio_amor_02,37,C#2,28.0,2.0,0.402,machine_pitch_candidate_not_verified_note
radio_amor_02,49,C#3,28.0,1.5,0.815,machine_pitch_candidate_not_verified_note
radio_amor_02,53,F3,28.0,1.5,0.567,machine_pitch_candidate_not_verified_note
radio_amor_02,86,D6,29.0,3.0,0.706,machine_pitch_candidate_not_verified_note
radio_amor_02,38,D2,29.5,2.5,0.56,machine_pitch_candidate_not_verified_note
radio_amor_02,39,Eb2,29.5,2.5,0.65,machine_pitch_candidate_not_verified_note
radio_amor_02,31,G1,31.5,1.5,0.488,machine_pitch_candidate_not_verified_note
radio_amor_02,32,Ab1,31.5,3.5,0.65,machine_pitch_candidate_not_verified_note
radio_amor_02,44,Ab2,31.5,4.5,0.681,machine_pitch_candidate_not_verified_note
radio_amor_02,79,G5,31.5,4.5,0.86,machine_pitch_candidate_not_verified_note
radio_amor_02,43,G2,32.5,1.5,0.513,machine_pitch_candidate_not_verified_note
radio_amor_02,31,G1,34.0,1.5,0.575,machine_pitch_candidate_not_verified_note
radio_amor_02,36,C2,35.0,2.5,0.628,machine_pitch_candidate_not_verified_note
radio_amor_02,37,C#2,35.5,2.0,0.894,machine_pitch_candidate_not_verified_note
radio_amor_02,49,C#3,35.5,2.0,0.479,machine_pitch_candidate_not_verified_note
radio_amor_02,84,C6,35.5,1.5,0.936,machine_pitch_candidate_not_verified_note
radio_amor_02,38,D2,37.0,2.0,0.812,machine_pitch_candidate_not_verified_note
radio_amor_02,39,Eb2,37.5,1.5,0.823,machine_pitch_candidate_not_verified_note
radio_amor_02,55,G3,37.5,1.5,0.357,machine_pitch_candidate_not_verified_note
radio_amor_02,86,D6,37.5,2.0,0.866,machine_pitch_candidate_not_verified_note
radio_amor_02,31,G1,39.0,4.5,0.594,machine_pitch_candidate_not_verified_note
radio_amor_02,79,G5,39.0,4.5,0.965,machine_pitch_candidate_not_verified_note
radio_amor_02,44,Ab2,39.5,3.5,0.896,machine_pitch_candidate_not_verified_note
radio_amor_02,32,Ab1,41.5,2.0,0.435,machine_pitch_candidate_not_verified_note
radio_amor_02,37,C#2,43.0,2.5,0.919,machine_pitch_candidate_not_verified_note
radio_amor_02,38,D2,45.0,2.0,0.837,machine_pitch_candidate_not_verified_note
radio_amor_02,39,Eb2,45.0,2.0,0.807,machine_pitch_candidate_not_verified_note
radio_amor_02,86,D6,45.0,2.5,0.878,machine_pitch_candidate_not_verified_note
radio_amor_02,31,G1,47.0,4.0,0.738,machine_pitch_candidate_not_verified_note
radio_amor_02,44,Ab2,47.0,4.0,0.95,machine_pitch_candidate_not_verified_note
radio_amor_02,79,G5,47.0,4.0,0.589,machine_pitch_candidate_not_verified_note
radio_amor_02,32,Ab1,47.5,3.0,0.507,machine_pitch_candidate_not_verified_note
radio_amor_02,43,G2,48.0,1.5,0.319,machine_pitch_candidate_not_verified_note
radio_amor_02,37,C#2,50.5,2.5,0.742,machine_pitch_candidate_not_verified_note
radio_amor_02,36,C2,51.0,2.0,0.449,machine_pitch_candidate_not_verified_note
radio_amor_02,38,D2,52.5,2.0,0.65,machine_pitch_candidate_not_verified_note
radio_amor_02,39,Eb2,53.0,1.5,1.0,machine_pitch_candidate_not_verified_note
radio_amor_02,86,D6,53.0,2.0,0.76,machine_pitch_candidate_not_verified_note
radio_amor_02,31,G1,54.5,3.0,0.46,machine_pitch_candidate_not_verified_note
radio_amor_02,44,Ab2,54.5,3.0,0.832,machine_pitch_candidate_not_verified_note
radio_amor_02,79,G5,54.5,4.5,0.901,machine_pitch_candidate_not_verified_note
radio_amor_02,43,G2,56.0,2.5,0.364,machine_pitch_candidate_not_verified_note
radio_amor_02,32,Ab1,57.0,1.5,0.942,machine_pitch_candidate_not_verified_note
radio_amor_02,37,C#2,58.5,2.0,1.0,machine_pitch_candidate_not_verified_note
radio_amor_02,38,D2,60.0,1.5,0.589,machine_pitch_candidate_not_verified_note
radio_amor_02,39,Eb2,60.5,2.0,1.0,machine_pitch_candidate_not_verified_note
radio_amor_02,86,D6,60.5,2.0,0.827,machine_pitch_candidate_not_verified_note
radio_amor_02,43,G2,62.0,3.0,0.476,machine_pitch_candidate_not_verified_note
radio_amor_02,44,Ab2,62.0,4.0,0.973,machine_pitch_candidate_not_verified_note
radio_amor_02,79,G5,62.5,4.0,0.527,machine_pitch_candidate_not_verified_note
radio_amor_02,37,C#2,66.0,2.5,0.794,machine_pitch_candidate_not_verified_note
radio_amor_02,84,C6,66.5,1.5,0.399,machine_pitch_candidate_not_verified_note
radio_amor_02,38,D2,67.5,2.5,0.615,machine_pitch_candidate_not_verified_note
radio_amor_02,39,Eb2,68.0,2.0,0.822,machine_pitch_candidate_not_verified_note
radio_amor_02,86,D6,68.0,2.0,0.909,machine_pitch_candidate_not_verified_note
radio_amor_02,44,Ab2,70.0,4.0,0.939,machine_pitch_candidate_not_verified_note
radio_amor_02,79,G5,70.0,4.0,0.551,machine_pitch_candidate_not_verified_note
radio_amor_02,32,Ab1,71.5,2.5,0.685,machine_pitch_candidate_not_verified_note
radio_amor_02,43,G2,71.5,2.5,0.611,machine_pitch_candidate_not_verified_note
radio_amor_02,37,C#2,73.5,2.5,0.962,machine_pitch_candidate_not_verified_note
radio_amor_02,44,Ab2,75.5,6.0,0.779,machine_pitch_candidate_not_verified_note
radio_amor_02,38,D2,76.0,2.0,0.784,machine_pitch_candidate_not_verified_note
radio_amor_02,39,Eb2,76.0,1.5,0.927,machine_pitch_candidate_not_verified_note
radio_amor_02,86,D6,76.0,2.0,0.785,machine_pitch_candidate_not_verified_note
radio_amor_02,79,G5,77.5,2.5,0.729,machine_pitch_candidate_not_verified_note
radio_amor_02,31,G1,78.0,4.0,0.462,machine_pitch_candidate_not_verified_note
radio_amor_02,79,G5,80.5,1.5,0.502,machine_pitch_candidate_not_verified_note
radio_amor_02,36,C2,81.0,2.5,0.7,machine_pitch_candidate_not_verified_note
radio_amor_02,37,C#2,81.5,2.0,0.976,machine_pitch_candidate_not_verified_note
radio_amor_02,53,F3,81.5,2.0,0.397,machine_pitch_candidate_not_verified_note
radio_amor_02,84,C6,81.5,2.0,0.601,machine_pitch_candidate_not_verified_note
radio_amor_02,44,Ab2,82.5,7.0,0.702,machine_pitch_candidate_not_verified_note
radio_amor_02,39,Eb2,83.5,2.0,1.0,machine_pitch_candidate_not_verified_note
radio_amor_02,86,D6,83.5,2.0,0.849,machine_pitch_candidate_not_verified_note
radio_amor_02,38,D2,84.0,1.5,0.424,machine_pitch_candidate_not_verified_note
radio_amor_02,32,Ab1,85.0,4.5,0.554,machine_pitch_candidate_not_verified_note
radio_amor_02,43,G2,85.5,1.5,0.34,machine_pitch_candidate_not_verified_note
radio_amor_02,79,G5,85.5,4.5,0.871,machine_pitch_candidate_not_verified_note
radio_amor_02,37,C#2,89.5,1.5,1.0,machine_pitch_candidate_not_verified_note
radio_amor_02,38,D2,91.0,2.0,0.67,machine_pitch_candidate_not_verified_note
radio_amor_02,39,Eb2,91.0,2.0,0.814,machine_pitch_candidate_not_verified_note
radio_amor_02,86,D6,91.0,2.0,0.931,machine_pitch_candidate_not_verified_note
radio_amor_02,44,Ab2,92.5,18.0,0.915,machine_pitch_candidate_not_verified_note
radio_amor_02,31,G1,93.0,2.0,0.48,machine_pitch_candidate_not_verified_note
radio_amor_02,32,Ab1,93.0,3.5,0.709,machine_pitch_candidate_not_verified_note
radio_amor_02,79,G5,93.0,4.0,0.502,machine_pitch_candidate_not_verified_note
radio_amor_02,84,C6,97.0,2.0,0.791,machine_pitch_candidate_not_verified_note
radio_amor_02,79,G5,98.5,7.5,0.645,machine_pitch_candidate_not_verified_note
radio_amor_02,86,D6,99.0,2.0,0.851,machine_pitch_candidate_not_verified_note
radio_amor_02,43,G2,102.0,2.0,0.377,machine_pitch_candidate_not_verified_note
radio_amor_02,31,G1,104.0,1.5,0.361,machine_pitch_candidate_not_verified_note
radio_amor_02,39,Eb2,105.0,4.5,0.602,machine_pitch_candidate_not_verified_note
radio_amor_02,74,D5,107.0,1.5,0.341,machine_pitch_candidate_not_verified_note
radio_amor_02,79,G5,107.0,3.0,0.7,machine_pitch_candidate_not_verified_note
radio_amor_02,43,G2,108.5,2.0,0.371,machine_pitch_candidate_not_verified_note
radio_amor_02,36,C2,110.5,1.5,0.923,machine_pitch_candidate_not_verified_note
radio_amor_02,42,F#2,110.5,1.5,0.339,machine_pitch_candidate_not_verified_note
radio_amor_02,53,F3,110.5,1.5,0.384,machine_pitch_candidate_not_verified_note
radio_amor_02,84,C6,110.5,3.5,0.684,machine_pitch_candidate_not_verified_note
radio_amor_02,49,C#3,111.0,1.5,0.776,machine_pitch_candidate_not_verified_note
radio_amor_02,38,D2,111.5,1.5,0.365,machine_pitch_candidate_not_verified_note
radio_amor_02,79,G5,111.5,9.5,0.621,machine_pitch_candidate_not_verified_note
radio_amor_02,31,G1,112.0,9.0,0.838,machine_pitch_candidate_not_verified_note
radio_amor_02,32,Ab1,112.0,1.5,0.893,machine_pitch_candidate_not_verified_note
radio_amor_02,39,Eb2,112.5,1.5,0.412,machine_pitch_candidate_not_verified_note
radio_amor_02,32,Ab1,114.0,3.5,0.671,machine_pitch_candidate_not_verified_note
radio_amor_02,44,Ab2,114.5,6.0,0.754,machine_pitch_candidate_not_verified_note
radio_amor_02,39,Eb2,117.5,5.5,0.616,machine_pitch_candidate_not_verified_note
radio_amor_02,27,Eb1,118.0,3.5,0.679,machine_pitch_candidate_not_verified_note
radio_amor_02,33,A1,118.0,4.5,0.654,machine_pitch_candidate_not_verified_note
radio_amor_02,38,D2,118.0,7.5,0.59,machine_pitch_candidate_not_verified_note
radio_amor_02,74,D5,118.0,7.5,0.556,machine_pitch_candidate_not_verified_note
radio_amor_02,25,C#1,119.0,2.0,0.42,machine_pitch_candidate_not_verified_note
radio_amor_02,84,C6,120.0,2.0,0.988,machine_pitch_candidate_not_verified_note
radio_amor_02,29,F1,121.0,2.0,0.636,machine_pitch_candidate_not_verified_note
radio_amor_02,30,F#1,121.0,2.5,0.529,machine_pitch_candidate_not_verified_note
radio_amor_02,77,F5,122.0,2.0,0.35,machine_pitch_candidate_not_verified_note
radio_amor_02,86,D6,122.0,2.0,0.9,machine_pitch_candidate_not_verified_note
radio_amor_02,79,G5,122.5,7.0,0.523,machine_pitch_candidate_not_verified_note
radio_amor_02,32,Ab1,123.0,2.0,0.562,machine_pitch_candidate_not_verified_note
radio_amor_02,27,Eb1,123.5,2.0,0.37,machine_pitch_candidate_not_verified_note
radio_amor_02,29,F1,123.5,2.0,0.48,machine_pitch_candidate_not_verified_note
radio_amor_02,33,A1,123.5,6.0,0.514,machine_pitch_candidate_not_verified_note
radio_amor_02,31,G1,124.0,7.0,0.867,machine_pitch_candidate_not_verified_note
radio_amor_02,44,Ab2,124.0,1.5,0.46,machine_pitch_candidate_not_verified_note
radio_amor_02,44,Ab2,126.0,2.5,0.638,machine_pitch_candidate_not_verified_note
radio_amor_02,43,G2,127.5,1.5,0.495,machine_pitch_candidate_not_verified_note
radio_amor_02,84,C6,127.5,2.0,0.808,machine_pitch_candidate_not_verified_note
radio_amor_02,28,E1,130.5,2.5,0.663,machine_pitch_candidate_not_verified_note
radio_amor_02,38,D2,130.5,2.0,0.663,machine_pitch_candidate_not_verified_note
radio_amor_02,74,D5,130.5,5.5,0.654,machine_pitch_candidate_not_verified_note
radio_amor_02,27,Eb1,131.0,4.5,0.655,machine_pitch_candidate_not_verified_note
radio_amor_02,79,G5,131.0,2.5,0.585,machine_pitch_candidate_not_verified_note
radio_amor_02,31,G1,131.5,2.0,0.736,machine_pitch_candidate_not_verified_note
radio_amor_02,26,D1,132.5,2.5,0.341,machine_pitch_candidate_not_verified_note
radio_amor_02,38,D2,133.0,2.0,0.445,machine_pitch_candidate_not_verified_note
radio_amor_02,39,Eb2,133.0,4.0,0.724,machine_pitch_candidate_not_verified_note
radio_amor_02,77,F5,135.0,3.5,0.816,machine_pitch_candidate_not_verified_note
radio_amor_02,84,C6,135.5,1.5,0.881,machine_pitch_candidate_not_verified_note
radio_amor_02,30,F#1,136.5,1.5,0.838,machine_pitch_candidate_not_verified_note
radio_amor_02,29,F1,137.0,1.5,0.753,machine_pitch_candidate_not_verified_note
radio_amor_02,86,D6,137.5,1.5,0.439,machine_pitch_candidate_not_verified_note
radio_amor_02,33,A1,138.0,2.5,0.594,machine_pitch_candidate_not_verified_note
radio_amor_02,79,G5,138.0,5.0,0.593,machine_pitch_candidate_not_verified_note
radio_amor_02,44,Ab2,139.5,1.5,0.76,machine_pitch_candidate_not_verified_note
radio_amor_02,32,Ab1,140.0,5.0,0.947,machine_pitch_candidate_not_verified_note
radio_amor_02,84,C6,142.5,2.5,0.485,machine_pitch_candidate_not_verified_note
radio_amor_02,27,Eb1,144.0,3.5,0.543,machine_pitch_candidate_not_verified_note
radio_amor_02,39,Eb2,144.5,3.5,0.898,machine_pitch_candidate_not_verified_note
radio_amor_02,79,G5,146.5,4.5,0.409,machine_pitch_candidate_not_verified_note
radio_amor_02,30,F#1,147.0,4.5,0.881,machine_pitch_candidate_not_verified_note
radio_amor_02,33,A1,148.5,1.5,0.288,machine_pitch_candidate_not_verified_note
radio_amor_02,32,Ab1,150.0,6.0,0.779,machine_pitch_candidate_not_verified_note
radio_amor_02,84,C6,150.5,2.0,0.881,machine_pitch_candidate_not_verified_note
radio_amor_02,86,D6,153.0,1.5,0.568,machine_pitch_candidate_not_verified_note
radio_amor_02,33,A1,153.5,2.0,0.723,machine_pitch_candidate_not_verified_note
radio_amor_02,44,Ab2,153.5,3.0,0.474,machine_pitch_candidate_not_verified_note
radio_amor_02,79,G5,154.5,4.0,0.878,machine_pitch_candidate_not_verified_note
radio_amor_02,31,G1,156.0,1.5,0.419,machine_pitch_candidate_not_verified_note
radio_amor_02,39,Eb2,157.5,4.5,0.885,machine_pitch_candidate_not_verified_note
radio_amor_02,44,Ab2,157.5,1.5,0.321,machine_pitch_candidate_not_verified_note
radio_amor_02,84,C6,158.5,2.0,0.748,machine_pitch_candidate_not_verified_note
radio_amor_02,74,D5,159.5,2.0,0.402,machine_pitch_candidate_not_verified_note
radio_amor_02,30,F#1,160.0,1.5,0.658,machine_pitch_candidate_not_verified_note
radio_amor_02,31,G1,160.5,3.0,0.533,machine_pitch_candidate_not_verified_note
radio_amor_02,42,F#2,160.5,1.5,0.364,machine_pitch_candidate_not_verified_note
radio_amor_02,86,D6,160.5,2.0,0.881,machine_pitch_candidate_not_verified_note
radio_amor_02,32,Ab1,162.0,1.5,0.702,machine_pitch_candidate_not_verified_note
radio_amor_02,43,G2,162.0,1.5,0.722,machine_pitch_candidate_not_verified_note
radio_amor_02,44,Ab2,162.0,3.5,0.728,machine_pitch_candidate_not_verified_note
radio_amor_02,79,G5,162.0,2.0,0.869,machine_pitch_candidate_not_verified_note
radio_amor_02,32,Ab1,165.5,3.0,0.664,machine_pitch_candidate_not_verified_note
radio_amor_02,36,C2,166.0,2.0,0.436,machine_pitch_candidate_not_verified_note
radio_amor_02,84,C6,166.0,2.0,0.897,machine_pitch_candidate_not_verified_note
radio_amor_02,37,C#2,166.5,1.5,0.877,machine_pitch_candidate_not_verified_note
radio_amor_02,39,Eb2,168.0,2.0,0.839,machine_pitch_candidate_not_verified_note
radio_amor_02,86,D6,168.0,2.0,0.662,machine_pitch_candidate_not_verified_note
radio_amor_02,79,G5,169.5,2.0,0.402,machine_pitch_candidate_not_verified_note
radio_amor_02,43,G2,170.0,1.5,0.352,machine_pitch_candidate_not_verified_note
radio_amor_02,44,Ab2,170.0,78.0,0.948,machine_pitch_candidate_not_verified_note
radio_amor_02,32,Ab1,174.0,5.0,0.399,machine_pitch_candidate_not_verified_note
radio_amor_02,43,G2,174.5,1.5,0.346,machine_pitch_candidate_not_verified_note
radio_amor_02,31,G1,176.0,2.0,0.39,machine_pitch_candidate_not_verified_note
radio_amor_02,43,G2,180.0,2.5,0.37,machine_pitch_candidate_not_verified_note
radio_amor_02,32,Ab1,181.5,2.0,0.428,machine_pitch_candidate_not_verified_note
radio_amor_02,43,G2,183.0,1.5,0.378,machine_pitch_candidate_not_verified_note
radio_amor_02,79,G5,185.0,3.0,0.512,machine_pitch_candidate_not_verified_note
radio_amor_02,31,G1,186.0,2.0,0.463,machine_pitch_candidate_not_verified_note
radio_amor_02,32,Ab1,186.5,3.0,0.667,machine_pitch_candidate_not_verified_note
radio_amor_02,43,G2,193.0,1.5,0.389,machine_pitch_candidate_not_verified_note
radio_amor_02,79,G5,193.0,3.0,0.414,machine_pitch_candidate_not_verified_note
radio_amor_02,32,Ab1,194.0,2.5,0.371,machine_pitch_candidate_not_verified_note
radio_amor_02,31,G1,197.0,2.0,0.559,machine_pitch_candidate_not_verified_note
radio_amor_02,79,G5,197.0,5.5,0.407,machine_pitch_candidate_not_verified_note
radio_amor_02,32,Ab1,197.5,1.5,0.505,machine_pitch_candidate_not_verified_note
radio_amor_02,43,G2,199.0,3.5,0.38,machine_pitch_candidate_not_verified_note
radio_amor_02,31,G1,199.5,1.5,0.462,machine_pitch_candidate_not_verified_note
radio_amor_02,32,Ab1,200.0,2.0,0.327,machine_pitch_candidate_not_verified_note
radio_amor_02,32,Ab1,203.5,1.5,0.348,machine_pitch_candidate_not_verified_note
radio_amor_02,79,G5,204.0,7.0,0.439,machine_pitch_candidate_not_verified_note
radio_amor_02,43,G2,205.0,5.0,0.505,machine_pitch_candidate_not_verified_note
radio_amor_02,32,Ab1,205.5,5.5,0.633,machine_pitch_candidate_not_verified_note
radio_amor_02,31,G1,207.0,8.5,0.632,machine_pitch_candidate_not_verified_note
radio_amor_02,79,G5,212.0,31.0,0.668,machine_pitch_candidate_not_verified_note
radio_amor_02,32,Ab1,214.0,14.0,0.643,machine_pitch_candidate_not_verified_note
radio_amor_02,31,G1,216.5,12.0,0.708,machine_pitch_candidate_not_verified_note
radio_amor_02,43,G2,227.5,2.5,0.468,machine_pitch_candidate_not_verified_note
radio_amor_02,32,Ab1,228.5,2.5,0.558,machine_pitch_candidate_not_verified_note
radio_amor_02,31,G1,230.0,4.5,0.555,machine_pitch_candidate_not_verified_note
radio_amor_02,32,Ab1,232.0,6.5,0.472,machine_pitch_candidate_not_verified_note
radio_amor_02,43,G2,233.5,3.0,0.33,machine_pitch_candidate_not_verified_note
radio_amor_02,31,G1,235.0,5.5,0.638,machine_pitch_candidate_not_verified_note
radio_amor_02,32,Ab1,239.5,1.5,0.475,machine_pitch_candidate_not_verified_note
radio_amor_02,43,G2,241.0,1.5,0.481,machine_pitch_candidate_not_verified_note
radio_amor_02,31,G1,241.5,1.5,0.385,machine_pitch_candidate_not_verified_note
radio_amor_02,32,Ab1,241.5,1.5,0.653,machine_pitch_candidate_not_verified_note
radio_amor_02,36,C2,243.0,1.5,0.908,machine_pitch_candidate_not_verified_note
radio_amor_02,53,F3,243.0,1.5,0.422,machine_pitch_candidate_not_verified_note
radio_amor_02,84,C6,243.0,2.0,0.668,machine_pitch_candidate_not_verified_note
radio_amor_02,38,D2,244.0,2.0,0.741,machine_pitch_candidate_not_verified_note
radio_amor_02,86,D6,245.0,2.0,0.868,machine_pitch_candidate_not_verified_note
radio_amor_02,32,Ab1,246.0,4.5,0.504,machine_pitch_candidate_not_verified_note
radio_amor_02,31,G1,246.5,39.0,0.755,machine_pitch_candidate_not_verified_note
radio_amor_02,79,G5,246.5,15.5,0.973,machine_pitch_candidate_not_verified_note
radio_amor_02,44,Ab2,249.0,7.0,0.689,machine_pitch_candidate_not_verified_note
radio_amor_02,32,Ab1,251.5,2.5,0.45,machine_pitch_candidate_not_verified_note
radio_amor_02,32,Ab1,255.5,3.5,0.625,machine_pitch_candidate_not_verified_note
radio_amor_02,44,Ab2,257.0,3.0,0.774,machine_pitch_candidate_not_verified_note
radio_amor_02,44,Ab2,261.0,1.5,0.582,machine_pitch_candidate_not_verified_note
radio_amor_02,32,Ab1,261.5,3.0,0.682,machine_pitch_candidate_not_verified_note
radio_amor_02,36,C2,262.0,2.0,0.375,machine_pitch_candidate_not_verified_note
radio_amor_02,37,C#2,262.0,1.5,0.606,machine_pitch_candidate_not_verified_note
radio_amor_02,84,C6,262.0,2.0,0.786,machine_pitch_candidate_not_verified_note
radio_amor_02,44,Ab2,263.5,18.5,0.742,machine_pitch_candidate_not_verified_note
radio_amor_02,27,Eb1,264.0,2.0,0.34,machine_pitch_candidate_not_verified_note
radio_amor_02,38,D2,264.0,1.5,0.596,machine_pitch_candidate_not_verified_note
radio_amor_02,86,D6,264.0,2.0,1.0,machine_pitch_candidate_not_verified_note
radio_amor_02,79,G5,266.0,19.0,0.738,machine_pitch_candidate_not_verified_note
radio_amor_02,32,Ab1,266.5,3.5,0.518,machine_pitch_candidate_not_verified_note
radio_amor_02,32,Ab1,273.0,1.5,0.383,machine_pitch_candidate_not_verified_note
radio_amor_02,36,C2,275.0,1.5,0.387,machine_pitch_candidate_not_verified_note
radio_amor_02,32,Ab1,277.5,5.5,0.612,machine_pitch_candidate_not_verified_note
radio_amor_02,43,G2,281.0,1.5,0.316,machine_pitch_candidate_not_verified_note
radio_amor_02,44,Ab2,283.0,8.0,0.968,machine_pitch_candidate_not_verified_note
radio_amor_02,32,Ab1,283.5,1.5,0.348,machine_pitch_candidate_not_verified_note
radio_amor_02,38,D2,283.5,1.5,0.456,machine_pitch_candidate_not_verified_note
radio_amor_02,79,G5,286.0,5.5,0.597,machine_pitch_candidate_not_verified_note
radio_amor_02,31,G1,286.5,3.0,0.688,machine_pitch_candidate_not_verified_note
radio_amor_02,32,Ab1,286.5,4.5,0.485,machine_pitch_candidate_not_verified_note
radio_amor_02,31,G1,290.0,1.5,0.545,machine_pitch_candidate_not_verified_note
radio_amor_02,81,A5,291.0,1.19,0.872,machine_pitch_candidate_not_verified_note
radio_amor_03,26,D1,0.0,5.5,0.896,machine_pitch_candidate_not_verified_note
radio_amor_03,38,D2,0.0,46.5,0.923,machine_pitch_candidate_not_verified_note
radio_amor_03,74,D5,0.5,2.0,0.495,machine_pitch_candidate_not_verified_note
radio_amor_03,81,A5,0.5,4.5,0.624,machine_pitch_candidate_not_verified_note
radio_amor_03,25,C#1,2.0,3.0,0.564,machine_pitch_candidate_not_verified_note
radio_amor_03,26,D1,6.0,4.5,0.899,machine_pitch_candidate_not_verified_note
radio_amor_03,69,A4,16.5,1.5,0.304,machine_pitch_candidate_not_verified_note
radio_amor_03,26,D1,21.5,4.5,0.383,machine_pitch_candidate_not_verified_note
radio_amor_03,26,D1,31.5,1.5,0.316,machine_pitch_candidate_not_verified_note
radio_amor_03,43,G2,35.5,5.5,0.734,machine_pitch_candidate_not_verified_note
radio_amor_03,74,D5,36.5,3.5,0.497,machine_pitch_candidate_not_verified_note
radio_amor_03,81,A5,37.0,2.0,0.404,machine_pitch_candidate_not_verified_note
radio_amor_03,81,A5,43.0,3.5,0.483,machine_pitch_candidate_not_verified_note
radio_amor_03,45,A2,46.0,7.5,0.961,machine_pitch_candidate_not_verified_note
radio_amor_03,38,D2,49.5,67.0,0.938,machine_pitch_candidate_not_verified_note
radio_amor_03,76,E5,52.0,1.5,0.776,machine_pitch_candidate_not_verified_note
radio_amor_03,81,A5,55.5,1.5,0.306,machine_pitch_candidate_not_verified_note
radio_amor_03,81,A5,57.5,1.5,0.319,machine_pitch_candidate_not_verified_note
radio_amor_03,81,A5,59.5,1.5,0.336,machine_pitch_candidate_not_verified_note
radio_amor_03,81,A5,61.5,1.5,0.311,machine_pitch_candidate_not_verified_note
radio_amor_03,81,A5,64.0,2.5,0.358,machine_pitch_candidate_not_verified_note
radio_amor_03,81,A5,67.5,3.5,0.394,machine_pitch_candidate_not_verified_note
radio_amor_03,74,D5,75.0,2.0,0.366,machine_pitch_candidate_not_verified_note
radio_amor_03,81,A5,75.0,2.0,0.428,machine_pitch_candidate_not_verified_note
radio_amor_03,39,Eb2,75.5,1.5,0.325,machine_pitch_candidate_not_verified_note
radio_amor_03,26,D1,76.0,27.5,0.579,machine_pitch_candidate_not_verified_note
radio_amor_03,26,D1,105.5,4.5,0.462,machine_pitch_candidate_not_verified_note
radio_amor_03,69,A4,106.5,3.5,0.477,machine_pitch_candidate_not_verified_note
radio_amor_03,43,G2,112.0,4.0,0.979,machine_pitch_candidate_not_verified_note
radio_amor_03,36,C2,116.5,1.5,1.0,machine_pitch_candidate_not_verified_note
radio_amor_03,38,D2,118.0,9.0,0.936,machine_pitch_candidate_not_verified_note
radio_amor_03,26,D1,119.0,6.0,0.408,machine_pitch_candidate_not_verified_note
radio_amor_03,43,G2,126.5,5.0,0.961,machine_pitch_candidate_not_verified_note
radio_amor_03,42,F#2,131.0,1.5,0.763,machine_pitch_candidate_not_verified_note
radio_amor_03,26,D1,132.0,4.0,0.55,machine_pitch_candidate_not_verified_note
radio_amor_03,38,D2,132.0,10.0,1.0,machine_pitch_candidate_not_verified_note
radio_amor_03,45,A2,141.5,6.5,0.887,machine_pitch_candidate_not_verified_note
radio_amor_03,38,D2,143.0,24.5,0.908,machine_pitch_candidate_not_verified_note
radio_amor_03,26,D1,144.5,5.0,0.485,machine_pitch_candidate_not_verified_note
radio_amor_03,44,Ab2,147.0,2.0,0.831,machine_pitch_candidate_not_verified_note
radio_amor_03,26,D1,151.0,16.5,0.645,machine_pitch_candidate_not_verified_note
radio_amor_03,50,D3,164.5,3.0,0.83,machine_pitch_candidate_not_verified_note
radio_amor_03,81,A5,164.5,3.0,0.401,machine_pitch_candidate_not_verified_note
radio_amor_03,43,G2,167.5,6.0,1.0,machine_pitch_candidate_not_verified_note
radio_amor_03,38,D2,173.0,99.0,0.853,machine_pitch_candidate_not_verified_note
radio_amor_03,26,D1,173.5,2.0,0.357,machine_pitch_candidate_not_verified_note
radio_amor_03,26,D1,179.0,31.5,0.961,machine_pitch_candidate_not_verified_note
radio_amor_03,81,A5,208.5,4.0,0.368,machine_pitch_candidate_not_verified_note
radio_amor_03,43,G2,209.5,5.0,0.851,machine_pitch_candidate_not_verified_note
radio_amor_03,74,D5,212.5,2.5,0.626,machine_pitch_candidate_not_verified_note
radio_amor_03,45,A2,213.5,1.5,0.987,machine_pitch_candidate_not_verified_note
radio_amor_03,26,D1,215.0,14.0,0.364,machine_pitch_candidate_not_verified_note
radio_amor_03,43,G2,228.0,1.5,0.398,machine_pitch_candidate_not_verified_note
radio_amor_03,43,G2,231.5,2.5,0.378,machine_pitch_candidate_not_verified_note
radio_amor_03,45,A2,234.5,1.5,0.362,machine_pitch_candidate_not_verified_note
radio_amor_03,36,C2,236.5,3.0,0.94,machine_pitch_candidate_not_verified_note
radio_amor_03,36,C2,240.0,2.0,0.885,machine_pitch_candidate_not_verified_note
radio_amor_03,43,G2,240.5,5.0,0.872,machine_pitch_candidate_not_verified_note
radio_amor_03,81,A5,241.5,2.0,0.689,machine_pitch_candidate_not_verified_note
radio_amor_03,69,A4,242.5,3.0,0.486,machine_pitch_candidate_not_verified_note
radio_amor_03,36,C2,243.0,3.5,0.449,machine_pitch_candidate_not_verified_note
radio_amor_03,45,A2,245.5,1.5,0.562,machine_pitch_candidate_not_verified_note
radio_amor_03,26,D1,264.5,4.5,0.879,machine_pitch_candidate_not_verified_note
radio_amor_03,36,C2,264.5,4.5,0.658,machine_pitch_candidate_not_verified_note
radio_amor_03,69,A4,265.5,2.5,0.357,machine_pitch_candidate_not_verified_note
radio_amor_03,43,G2,269.5,4.5,0.995,machine_pitch_candidate_not_verified_note
radio_amor_03,69,A4,269.5,2.5,0.299,machine_pitch_candidate_not_verified_note
radio_amor_03,38,D2,273.0,45.0,0.967,machine_pitch_candidate_not_verified_note
radio_amor_03,26,D1,282.5,4.0,0.512,machine_pitch_candidate_not_verified_note
radio_amor_03,69,A4,282.5,1.5,0.341,machine_pitch_candidate_not_verified_note
radio_amor_03,45,A2,287.0,1.5,0.363,machine_pitch_candidate_not_verified_note
radio_amor_03,45,A2,289.5,1.5,0.435,machine_pitch_candidate_not_verified_note
radio_amor_03,43,G2,290.5,1.5,0.491,machine_pitch_candidate_not_verified_note
radio_amor_03,26,D1,298.0,3.0,0.354,machine_pitch_candidate_not_verified_note
radio_amor_03,69,A4,306.0,1.5,0.447,machine_pitch_candidate_not_verified_note
radio_amor_03,26,D1,309.5,1.5,0.52,machine_pitch_candidate_not_verified_note
radio_amor_03,26,D1,312.5,23.5,0.807,machine_pitch_candidate_not_verified_note
radio_amor_03,38,D2,319.0,11.0,0.792,machine_pitch_candidate_not_verified_note
radio_amor_03,38,D2,330.5,10.0,0.832,machine_pitch_candidate_not_verified_note
radio_amor_03,26,D1,339.0,7.0,0.98,machine_pitch_candidate_not_verified_note
radio_amor_03,38,D2,345.5,9.5,0.88,machine_pitch_candidate_not_verified_note
radio_amor_03,31,G1,346.5,1.5,0.296,machine_pitch_candidate_not_verified_note
radio_amor_03,26,D1,350.5,21.0,0.863,machine_pitch_candidate_not_verified_note
radio_amor_03,38,D2,356.0,116.5,0.975,machine_pitch_candidate_not_verified_note
radio_amor_03,69,A4,367.0,1.5,0.306,machine_pitch_candidate_not_verified_note
radio_amor_03,69,A4,384.5,7.0,0.457,machine_pitch_candidate_not_verified_note
radio_amor_03,69,A4,439.0,1.5,0.331,machine_pitch_candidate_not_verified_note
radio_amor_03,69,A4,442.0,1.5,0.39,machine_pitch_candidate_not_verified_note
radio_amor_03,69,A4,466.5,2.5,0.766,machine_pitch_candidate_not_verified_note
radio_amor_03,46,Bb2,472.5,2.5,0.382,machine_pitch_candidate_not_verified_note
radio_amor_03,58,Bb3,472.5,2.0,0.771,machine_pitch_candidate_not_verified_note
radio_amor_03,60,C4,472.5,2.5,0.451,machine_pitch_candidate_not_verified_note
radio_amor_03,63,Eb4,472.5,1.5,0.589,machine_pitch_candidate_not_verified_note
radio_amor_03,74,D5,473.0,3.5,0.639,machine_pitch_candidate_not_verified_note
radio_amor_03,83,B5,473.5,1.5,0.783,machine_pitch_candidate_not_verified_note
radio_amor_03,83,B5,476.0,1.5,1.0,machine_pitch_candidate_not_verified_note
radio_amor_03,71,B4,477.0,1.5,0.642,machine_pitch_candidate_not_verified_note
radio_amor_03,46,Bb2,477.5,1.5,0.457,machine_pitch_candidate_not_verified_note
radio_amor_03,51,Eb3,477.5,2.5,0.353,machine_pitch_candidate_not_verified_note
radio_amor_03,74,D5,477.5,11.0,0.747,machine_pitch_candidate_not_verified_note
radio_amor_03,79,G5,477.5,1.5,1.0,machine_pitch_candidate_not_verified_note
radio_amor_03,70,Bb4,479.5,2.5,0.778,machine_pitch_candidate_not_verified_note
radio_amor_03,71,B4,479.5,2.0,0.512,machine_pitch_candidate_not_verified_note
radio_amor_03,60,C4,480.0,2.0,0.319,machine_pitch_candidate_not_verified_note
radio_amor_03,83,B5,481.5,2.0,0.915,machine_pitch_candidate_not_verified_note
radio_amor_03,31,G1,482.0,1.5,0.66,machine_pitch_candidate_not_verified_note
radio_amor_03,53,F3,482.0,2.0,0.587,machine_pitch_candidate_not_verified_note
radio_amor_03,51,Eb3,482.5,1.5,0.35,machine_pitch_candidate_not_verified_note
radio_amor_03,67,G4,482.5,1.5,0.389,machine_pitch_candidate_not_verified_note
radio_amor_03,81,A5,482.5,1.5,0.637,machine_pitch_candidate_not_verified_note
radio_amor_03,34,Bb1,483.0,1.5,0.392,machine_pitch_candidate_not_verified_note
radio_amor_03,68,Ab4,483.0,1.5,0.434,machine_pitch_candidate_not_verified_note
radio_amor_03,70,Bb4,483.0,6.0,0.61,machine_pitch_candidate_not_verified_note
radio_amor_03,71,B4,483.5,5.82,0.805,machine_pitch_candidate_not_verified_note
radio_amor_03,62,D4,486.0,3.32,0.796,machine_pitch_candidate_not_verified_note
radio_amor_03,65,F4,486.0,3.0,0.817,machine_pitch_candidate_not_verified_note
radio_amor_03,57,A3,486.5,1.5,0.503,machine_pitch_candidate_not_verified_note
radio_amor_03,41,F2,487.0,1.5,0.426,machine_pitch_candidate_not_verified_note
radio_amor_03,59,B3,487.0,1.5,0.423,machine_pitch_candidate_not_verified_note
radio_amor_03,58,Bb3,487.5,1.5,0.379,machine_pitch_candidate_not_verified_note
radio_amor_04,51,Eb3,0.0,3.0,0.609,machine_pitch_candidate_not_verified_note
radio_amor_04,58,Bb3,0.0,3.0,0.537,machine_pitch_candidate_not_verified_note
radio_amor_04,62,D4,0.5,15.5,0.885,machine_pitch_candidate_not_verified_note
radio_amor_04,67,G4,0.5,2.5,1.0,machine_pitch_candidate_not_verified_note
radio_amor_04,46,Bb2,2.5,12.0,0.496,machine_pitch_candidate_not_verified_note
radio_amor_04,65,F4,3.0,10.0,0.421,machine_pitch_candidate_not_verified_note
radio_amor_04,53,F3,3.5,10.5,0.452,machine_pitch_candidate_not_verified_note
radio_amor_04,57,A3,6.0,6.5,0.354,machine_pitch_candidate_not_verified_note
radio_amor_04,51,Eb3,14.5,4.5,0.457,machine_pitch_candidate_not_verified_note
radio_amor_04,58,Bb3,14.5,1.5,0.408,machine_pitch_candidate_not_verified_note
radio_amor_04,67,G4,14.5,2.5,0.739,machine_pitch_candidate_not_verified_note
radio_amor_04,60,C4,16.0,9.5,0.982,machine_pitch_candidate_not_verified_note
radio_amor_04,63,Eb4,16.5,4.0,0.393,machine_pitch_candidate_not_verified_note
radio_amor_04,44,Ab2,19.5,6.0,0.801,machine_pitch_candidate_not_verified_note
radio_amor_04,51,Eb3,20.0,7.0,0.527,machine_pitch_candidate_not_verified_note
radio_amor_04,55,G3,21.0,1.5,0.362,machine_pitch_candidate_not_verified_note
radio_amor_04,63,Eb4,21.0,4.0,0.384,machine_pitch_candidate_not_verified_note
radio_amor_04,58,Bb3,25.0,2.0,0.466,machine_pitch_candidate_not_verified_note
radio_amor_04,62,D4,25.5,31.5,0.887,machine_pitch_candidate_not_verified_note
radio_amor_04,67,G4,25.5,2.5,0.794,machine_pitch_candidate_not_verified_note
radio_amor_04,46,Bb2,27.0,30.0,0.655,machine_pitch_candidate_not_verified_note
radio_amor_04,53,F3,27.0,13.5,0.525,machine_pitch_candidate_not_verified_note
radio_amor_04,65,F4,27.5,6.0,0.462,machine_pitch_candidate_not_verified_note
radio_amor_04,57,A3,28.5,2.5,0.437,machine_pitch_candidate_not_verified_note
radio_amor_04,57,A3,33.0,3.0,0.372,machine_pitch_candidate_not_verified_note
radio_amor_04,65,F4,34.5,13.0,0.601,machine_pitch_candidate_not_verified_note
radio_amor_04,57,A3,37.0,1.5,0.355,machine_pitch_candidate_not_verified_note
radio_amor_04,57,A3,39.0,9.0,0.71,machine_pitch_candidate_not_verified_note
radio_amor_04,74,D5,39.0,1.5,0.474,machine_pitch_candidate_not_verified_note
radio_amor_04,53,F3,41.5,6.5,0.562,machine_pitch_candidate_not_verified_note
radio_amor_04,74,D5,42.0,1.5,0.668,machine_pitch_candidate_not_verified_note
radio_amor_04,67,G4,48.0,2.0,0.902,machine_pitch_candidate_not_verified_note
radio_amor_04,53,F3,49.5,7.0,0.486,machine_pitch_candidate_not_verified_note
radio_amor_04,57,A3,50.5,2.5,0.369,machine_pitch_candidate_not_verified_note
radio_amor_04,65,F4,50.5,3.0,0.352,machine_pitch_candidate_not_verified_note
radio_amor_04,57,A3,54.0,1.5,0.36,machine_pitch_candidate_not_verified_note
radio_amor_04,65,F4,54.0,3.0,0.349,machine_pitch_candidate_not_verified_note
radio_amor_04,44,Ab2,57.0,3.0,0.538,machine_pitch_candidate_not_verified_note
radio_amor_04,60,C4,57.0,7.5,0.955,machine_pitch_candidate_not_verified_note
radio_amor_04,63,Eb4,57.0,7.0,0.375,machine_pitch_candidate_not_verified_note
radio_amor_04,44,Ab2,60.5,2.5,0.427,machine_pitch_candidate_not_verified_note
radio_amor_04,55,G3,61.0,1.5,0.303,machine_pitch_candidate_not_verified_note
radio_amor_04,45,A2,63.0,2.0,0.371,machine_pitch_candidate_not_verified_note
radio_amor_04,46,Bb2,65.0,9.0,0.482,machine_pitch_candidate_not_verified_note
radio_amor_04,53,F3,65.0,9.0,0.481,machine_pitch_candidate_not_verified_note
radio_amor_04,62,D4,65.0,34.5,0.933,machine_pitch_candidate_not_verified_note
radio_amor_04,65,F4,66.0,3.0,0.367,machine_pitch_candidate_not_verified_note
radio_amor_04,57,A3,70.0,3.0,0.331,machine_pitch_candidate_not_verified_note
radio_amor_04,65,F4,70.5,2.0,0.427,machine_pitch_candidate_not_verified_note
radio_amor_04,58,Bb3,74.0,1.5,0.377,machine_pitch_candidate_not_verified_note
radio_amor_04,67,G4,74.0,1.5,0.992,machine_pitch_candidate_not_verified_note
radio_amor_04,46,Bb2,75.0,5.5,0.341,machine_pitch_candidate_not_verified_note
radio_amor_04,53,F3,75.0,6.5,0.36,machine_pitch_candidate_not_verified_note
radio_amor_04,65,F4,76.0,8.0,0.353,machine_pitch_candidate_not_verified_note
radio_amor_04,46,Bb2,83.0,3.0,0.415,machine_pitch_candidate_not_verified_note
radio_amor_04,53,F3,83.0,3.5,0.379,machine_pitch_candidate_not_verified_note
radio_amor_04,57,A3,83.0,1.5,0.337,machine_pitch_candidate_not_verified_note
radio_amor_04,67,G4,86.5,2.0,1.0,machine_pitch_candidate_not_verified_note
radio_amor_04,65,F4,89.0,5.5,0.411,machine_pitch_candidate_not_verified_note
radio_amor_04,46,Bb2,89.5,4.0,0.371,machine_pitch_candidate_not_verified_note
radio_amor_04,53,F3,90.0,8.0,0.416,machine_pitch_candidate_not_verified_note
radio_amor_04,46,Bb2,94.0,2.5,0.443,machine_pitch_candidate_not_verified_note
radio_amor_04,65,F4,95.5,2.0,0.414,machine_pitch_candidate_not_verified_note
radio_amor_04,57,A3,96.5,1.5,0.294,machine_pitch_candidate_not_verified_note
radio_amor_04,46,Bb2,97.0,2.0,0.317,machine_pitch_candidate_not_verified_note
radio_amor_04,51,Eb3,98.0,5.0,0.496,machine_pitch_candidate_not_verified_note
radio_amor_04,67,G4,98.0,2.0,0.874,machine_pitch_candidate_not_verified_note
radio_amor_04,44,Ab2,99.5,6.5,0.586,machine_pitch_candidate_not_verified_note
radio_amor_04,60,C4,99.5,6.0,1.0,machine_pitch_candidate_not_verified_note
radio_amor_04,63,Eb4,100.0,3.5,0.38,machine_pitch_candidate_not_verified_note
radio_amor_04,51,Eb3,103.5,2.5,0.408,machine_pitch_candidate_not_verified_note
radio_amor_04,63,Eb4,104.0,1.5,0.4,machine_pitch_candidate_not_verified_note
radio_amor_04,46,Bb2,106.0,7.0,0.634,machine_pitch_candidate_not_verified_note
radio_amor_04,53,F3,106.0,7.0,0.534,machine_pitch_candidate_not_verified_note
radio_amor_04,57,A3,106.0,4.5,0.445,machine_pitch_candidate_not_verified_note
radio_amor_04,62,D4,106.0,7.0,1.0,machine_pitch_candidate_not_verified_note
radio_amor_04,65,F4,107.0,4.5,0.335,machine_pitch_candidate_not_verified_note
radio_amor_04,44,Ab2,113.0,9.0,0.569,machine_pitch_candidate_not_verified_note
radio_amor_04,60,C4,113.0,10.5,0.952,machine_pitch_candidate_not_verified_note
radio_amor_04,63,Eb4,113.5,2.0,0.432,machine_pitch_candidate_not_verified_note
radio_amor_04,51,Eb3,114.5,5.5,0.412,machine_pitch_candidate_not_verified_note
radio_amor_04,63,Eb4,116.0,6.0,0.388,machine_pitch_candidate_not_verified_note
radio_amor_04,55,G3,118.5,1.5,0.32,machine_pitch_candidate_not_verified_note
radio_amor_04,46,Bb2,122.5,9.5,0.512,machine_pitch_candidate_not_verified_note
radio_amor_04,53,F3,122.5,25.0,0.53,machine_pitch_candidate_not_verified_note
radio_amor_04,62,D4,122.5,25.5,0.987,machine_pitch_candidate_not_verified_note
radio_amor_04,65,F4,123.0,3.5,0.468,machine_pitch_candidate_not_verified_note
radio_amor_04,57,A3,124.5,4.0,0.421,machine_pitch_candidate_not_verified_note
radio_amor_04,65,F4,127.0,1.5,0.707,machine_pitch_candidate_not_verified_note
radio_amor_04,57,A3,130.0,2.5,0.399,machine_pitch_candidate_not_verified_note
radio_amor_04,60,C4,130.0,2.0,0.362,machine_pitch_candidate_not_verified_note
radio_amor_04,46,Bb2,133.0,2.0,0.451,machine_pitch_candidate_not_verified_note
radio_amor_04,57,A3,133.0,2.0,0.513,machine_pitch_candidate_not_verified_note
radio_amor_04,60,C4,134.0,1.5,0.368,machine_pitch_candidate_not_verified_note
radio_amor_04,67,G4,135.5,2.0,0.45,machine_pitch_candidate_not_verified_note
radio_amor_04,46,Bb2,136.0,6.0,0.456,machine_pitch_candidate_not_verified_note
radio_amor_04,65,F4,139.5,5.0,0.408,machine_pitch_candidate_not_verified_note
radio_amor_04,46,Bb2,142.5,5.5,0.528,machine_pitch_candidate_not_verified_note
radio_amor_04,57,A3,142.5,5.0,0.359,machine_pitch_candidate_not_verified_note
radio_amor_04,65,F4,145.0,3.0,0.481,machine_pitch_candidate_not_verified_note
radio_amor_04,69,A4,147.5,3.5,0.921,machine_pitch_candidate_not_verified_note
radio_amor_04,72,C5,148.0,2.5,0.419,machine_pitch_candidate_not_verified_note
radio_amor_04,53,F3,149.0,8.0,0.543,machine_pitch_candidate_not_verified_note
radio_amor_04,46,Bb2,150.5,7.0,0.568,machine_pitch_candidate_not_verified_note
radio_amor_04,57,A3,150.5,3.5,0.374,machine_pitch_candidate_not_verified_note
radio_amor_04,62,D4,150.5,7.5,0.925,machine_pitch_candidate_not_verified_note
radio_amor_04,65,F4,151.5,5.5,0.434,machine_pitch_candidate_not_verified_note
radio_amor_04,57,A3,154.5,2.0,0.336,machine_pitch_candidate_not_verified_note
radio_amor_04,51,Eb3,157.0,3.5,0.53,machine_pitch_candidate_not_verified_note
radio_amor_04,67,G4,157.0,2.5,0.796,machine_pitch_candidate_not_verified_note
radio_amor_04,44,Ab2,158.0,2.5,0.587,machine_pitch_candidate_not_verified_note
radio_amor_04,60,C4,158.0,6.0,0.822,machine_pitch_candidate_not_verified_note
radio_amor_04,63,Eb4,159.5,2.5,0.414,machine_pitch_candidate_not_verified_note
radio_amor_04,49,C#3,162.5,2.5,0.486,machine_pitch_candidate_not_verified_note
radio_amor_04,65,F4,162.5,1.5,1.0,machine_pitch_candidate_not_verified_note
radio_amor_04,68,Ab4,162.5,1.5,0.478,machine_pitch_candidate_not_verified_note
radio_amor_04,58,Bb3,164.0,6.5,0.83,machine_pitch_candidate_not_verified_note
radio_amor_04,61,C#4,164.0,4.5,0.477,machine_pitch_candidate_not_verified_note
radio_amor_04,49,C#3,166.5,2.5,0.353,machine_pitch_candidate_not_verified_note
radio_amor_04,60,C4,168.5,8.0,0.97,machine_pitch_candidate_not_verified_note
radio_amor_04,44,Ab2,169.0,7.5,0.709,machine_pitch_candidate_not_verified_note
radio_amor_04,51,Eb3,169.5,2.5,0.475,machine_pitch_candidate_not_verified_note
radio_amor_04,51,Eb3,173.0,3.0,0.482,machine_pitch_candidate_not_verified_note
radio_amor_04,63,Eb4,173.0,3.0,0.411,machine_pitch_candidate_not_verified_note
radio_amor_04,49,C#3,175.5,3.0,0.445,machine_pitch_candidate_not_verified_note
radio_amor_04,58,Bb3,177.0,7.5,0.905,machine_pitch_candidate_not_verified_note
radio_amor_04,61,C#4,177.0,6.0,0.464,machine_pitch_candidate_not_verified_note
radio_amor_04,42,F#2,177.5,4.5,0.372,machine_pitch_candidate_not_verified_note
radio_amor_04,51,Eb3,183.0,3.0,0.433,machine_pitch_candidate_not_verified_note
radio_amor_04,60,C4,183.0,5.5,1.0,machine_pitch_candidate_not_verified_note
radio_amor_04,44,Ab2,183.5,5.0,0.518,machine_pitch_candidate_not_verified_note
radio_amor_04,63,Eb4,184.0,4.5,0.394,machine_pitch_candidate_not_verified_note
radio_amor_04,51,Eb3,187.5,2.0,0.495,machine_pitch_candidate_not_verified_note
radio_amor_04,58,Bb3,188.0,1.5,0.445,machine_pitch_candidate_not_verified_note
radio_amor_04,67,G4,188.0,2.0,0.792,machine_pitch_candidate_not_verified_note
radio_amor_04,62,D4,188.5,19.5,0.915,machine_pitch_candidate_not_verified_note
radio_amor_04,46,Bb2,189.5,8.5,0.546,machine_pitch_candidate_not_verified_note
radio_amor_04,53,F3,190.0,7.5,0.421,machine_pitch_candidate_not_verified_note
radio_amor_04,57,A3,192.0,1.5,0.335,machine_pitch_candidate_not_verified_note
radio_amor_04,65,F4,192.0,2.0,0.385,machine_pitch_candidate_not_verified_note
radio_amor_04,65,F4,194.5,3.5,0.433,machine_pitch_candidate_not_verified_note
radio_amor_04,57,A3,195.5,2.5,0.396,machine_pitch_candidate_not_verified_note
radio_amor_04,51,Eb3,197.5,1.5,0.403,machine_pitch_candidate_not_verified_note
radio_amor_04,67,G4,198.0,1.5,0.836,machine_pitch_candidate_not_verified_note
radio_amor_04,46,Bb2,199.0,8.5,0.587,machine_pitch_candidate_not_verified_note
radio_amor_04,53,F3,199.5,8.0,0.523,machine_pitch_candidate_not_verified_note
radio_amor_04,57,A3,200.0,1.5,0.351,machine_pitch_candidate_not_verified_note
radio_amor_04,65,F4,200.0,7.0,0.467,machine_pitch_candidate_not_verified_note
radio_amor_04,57,A3,202.5,5.0,0.415,machine_pitch_candidate_not_verified_note
radio_amor_04,67,G4,207.5,1.5,0.884,machine_pitch_candidate_not_verified_note
radio_amor_04,70,Bb4,207.5,1.5,0.322,machine_pitch_candidate_not_verified_note
radio_amor_04,51,Eb3,208.0,6.5,0.385,machine_pitch_candidate_not_verified_note
radio_amor_04,44,Ab2,208.5,5.0,0.631,machine_pitch_candidate_not_verified_note
radio_amor_04,60,C4,208.5,6.0,0.973,machine_pitch_candidate_not_verified_note
radio_amor_04,63,Eb4,209.0,4.5,0.382,machine_pitch_candidate_not_verified_note
radio_amor_04,55,G3,210.5,1.5,0.298,machine_pitch_candidate_not_verified_note
radio_amor_04,53,F3,214.0,7.0,0.396,machine_pitch_candidate_not_verified_note
radio_amor_04,62,D4,214.0,7.0,1.0,machine_pitch_candidate_not_verified_note
radio_amor_04,65,F4,215.0,6.0,0.38,machine_pitch_candidate_not_verified_note
radio_amor_04,57,A3,217.5,3.0,0.371,machine_pitch_candidate_not_verified_note
radio_amor_04,46,Bb2,218.0,3.0,0.445,machine_pitch_candidate_not_verified_note
radio_amor_04,60,C4,221.0,9.5,0.871,machine_pitch_candidate_not_verified_note
radio_amor_04,51,Eb3,221.5,6.5,0.446,machine_pitch_candidate_not_verified_note
radio_amor_04,63,Eb4,221.5,2.0,0.317,machine_pitch_candidate_not_verified_note
radio_amor_04,44,Ab2,222.0,8.0,0.499,machine_pitch_candidate_not_verified_note
radio_amor_04,55,G3,225.5,2.0,0.489,machine_pitch_candidate_not_verified_note
radio_amor_04,63,Eb4,225.5,2.0,0.699,machine_pitch_candidate_not_verified_note
radio_amor_04,46,Bb2,228.0,2.0,0.451,machine_pitch_candidate_not_verified_note
radio_amor_04,62,D4,228.0,3.0,0.791,machine_pitch_candidate_not_verified_note
radio_amor_04,53,F3,228.5,3.0,0.475,machine_pitch_candidate_not_verified_note
radio_amor_04,65,F4,228.5,5.5,0.651,machine_pitch_candidate_not_verified_note
radio_amor_04,63,Eb4,229.0,1.5,0.446,machine_pitch_candidate_not_verified_note
radio_amor_04,74,D5,230.0,1.5,0.401,machine_pitch_candidate_not_verified_note
radio_amor_04,46,Bb2,230.5,3.0,0.781,machine_pitch_candidate_not_verified_note
radio_amor_04,57,A3,230.5,3.5,0.501,machine_pitch_candidate_not_verified_note
radio_amor_04,62,D4,231.5,14.5,0.829,machine_pitch_candidate_not_verified_note
radio_amor_04,53,F3,232.5,3.0,0.418,machine_pitch_candidate_not_verified_note
radio_amor_04,46,Bb2,234.5,2.0,0.645,machine_pitch_candidate_not_verified_note
radio_amor_04,65,F4,234.5,10.0,0.744,machine_pitch_candidate_not_verified_note
radio_amor_04,32,Ab1,235.0,2.0,0.32,machine_pitch_candidate_not_verified_note
radio_amor_04,44,Ab2,235.0,7.0,0.764,machine_pitch_candidate_not_verified_note
radio_amor_04,60,C4,235.0,7.0,0.664,machine_pitch_candidate_not_verified_note
radio_amor_04,51,Eb3,236.5,2.0,0.431,machine_pitch_candidate_not_verified_note
radio_amor_04,63,Eb4,237.5,7.0,0.646,machine_pitch_candidate_not_verified_note
radio_amor_04,51,Eb3,239.0,3.5,0.554,machine_pitch_candidate_not_verified_note
radio_amor_04,46,Bb2,242.0,5.5,0.619,machine_pitch_candidate_not_verified_note
radio_amor_04,34,Bb1,243.0,1.5,0.49,machine_pitch_candidate_not_verified_note
radio_amor_04,51,Eb3,243.0,1.5,0.593,machine_pitch_candidate_not_verified_note
radio_amor_04,53,F3,243.0,1.5,0.516,machine_pitch_candidate_not_verified_note
radio_amor_04,67,G4,244.5,2.0,1.0,machine_pitch_candidate_not_verified_note
radio_amor_04,70,Bb4,244.5,2.0,0.348,machine_pitch_candidate_not_verified_note
radio_amor_04,34,Bb1,245.0,4.0,0.357,machine_pitch_candidate_not_verified_note
radio_amor_04,60,C4,246.0,4.5,0.958,machine_pitch_candidate_not_verified_note
radio_amor_04,53,F3,247.0,2.0,0.374,machine_pitch_candidate_not_verified_note
radio_amor_04,63,Eb4,247.0,6.0,0.554,machine_pitch_candidate_not_verified_note
radio_amor_04,33,A1,247.5,1.5,0.415,machine_pitch_candidate_not_verified_note
radio_amor_04,44,Ab2,249.5,8.5,0.928,machine_pitch_candidate_not_verified_note
radio_amor_04,51,Eb3,250.0,3.5,0.443,machine_pitch_candidate_not_verified_note
radio_amor_04,60,C4,251.0,5.0,0.646,machine_pitch_candidate_not_verified_note
radio_amor_04,62,D4,252.0,11.0,0.69,machine_pitch_candidate_not_verified_note
radio_amor_04,65,F4,252.5,5.0,0.443,machine_pitch_candidate_not_verified_note
radio_amor_04,63,Eb4,253.5,1.5,0.338,machine_pitch_candidate_not_verified_note
radio_amor_04,45,A2,254.5,2.5,0.446,machine_pitch_candidate_not_verified_note
radio_amor_04,53,F3,256.5,8.0,0.61,machine_pitch_candidate_not_verified_note
radio_amor_04,46,Bb2,257.0,8.0,0.78,machine_pitch_candidate_not_verified_note
radio_amor_04,51,Eb3,257.0,1.5,0.481,machine_pitch_candidate_not_verified_note
radio_amor_04,34,Bb1,258.0,6.0,0.577,machine_pitch_candidate_not_verified_note
radio_amor_04,57,A3,258.0,1.5,0.582,machine_pitch_candidate_not_verified_note
radio_amor_04,44,Ab2,263.5,8.5,0.916,machine_pitch_candidate_not_verified_note
radio_amor_04,60,C4,263.5,8.0,0.731,machine_pitch_candidate_not_verified_note
radio_amor_04,51,Eb3,266.0,7.0,0.628,machine_pitch_candidate_not_verified_note
radio_amor_04,63,Eb4,266.0,1.5,0.76,machine_pitch_candidate_not_verified_note
radio_amor_04,55,G3,268.0,2.5,0.325,machine_pitch_candidate_not_verified_note
radio_amor_04,45,A2,269.5,1.5,0.647,machine_pitch_candidate_not_verified_note
radio_amor_04,63,Eb4,269.5,1.5,0.448,machine_pitch_candidate_not_verified_note
radio_amor_04,46,Bb2,271.0,7.5,0.762,machine_pitch_candidate_not_verified_note
radio_amor_04,53,F3,271.5,6.5,0.731,machine_pitch_candidate_not_verified_note
radio_amor_04,33,A1,272.0,2.0,0.327,machine_pitch_candidate_not_verified_note
radio_amor_04,34,Bb1,272.5,2.0,0.399,machine_pitch_candidate_not_verified_note
radio_amor_04,62,D4,272.5,5.0,0.697,machine_pitch_candidate_not_verified_note
radio_amor_04,34,Bb1,275.5,2.5,0.537,machine_pitch_candidate_not_verified_note
radio_amor_04,33,A1,276.0,2.0,0.313,machine_pitch_candidate_not_verified_note
radio_amor_04,45,A2,276.5,1.5,0.841,machine_pitch_candidate_not_verified_note
radio_amor_04,44,Ab2,277.5,9.0,1.0,machine_pitch_candidate_not_verified_note
radio_amor_04,60,C4,277.5,3.0,0.401,machine_pitch_candidate_not_verified_note
radio_amor_04,51,Eb3,280.5,2.5,0.476,machine_pitch_candidate_not_verified_note
radio_amor_04,60,C4,282.0,2.5,0.399,machine_pitch_candidate_not_verified_note
radio_amor_04,45,A2,283.0,2.0,0.376,machine_pitch_candidate_not_verified_note
radio_amor_04,51,Eb3,284.0,2.5,0.419,machine_pitch_candidate_not_verified_note
radio_amor_04,46,Bb2,285.5,2.5,0.792,machine_pitch_candidate_not_verified_note
radio_amor_04,53,F3,285.5,1.5,0.378,machine_pitch_candidate_not_verified_note
radio_amor_04,62,D4,285.5,2.5,0.489,machine_pitch_candidate_not_verified_note
radio_amor_04,57,A3,286.0,2.0,0.374,machine_pitch_candidate_not_verified_note
radio_amor_04,73,C#5,287.5,4.5,0.566,machine_pitch_candidate_not_verified_note
radio_amor_04,77,F5,287.5,8.5,0.806,machine_pitch_candidate_not_verified_note
radio_amor_04,78,F#5,287.5,4.0,0.915,machine_pitch_candidate_not_verified_note
radio_amor_04,81,A5,287.5,1.5,0.636,machine_pitch_candidate_not_verified_note
radio_amor_04,69,A4,289.0,2.5,0.484,machine_pitch_candidate_not_verified_note
radio_amor_04,72,C5,289.0,2.5,0.551,machine_pitch_candidate_not_verified_note
radio_amor_04,81,A5,290.0,2.0,0.521,machine_pitch_candidate_not_verified_note
radio_amor_04,68,Ab4,290.5,2.5,0.795,machine_pitch_candidate_not_verified_note
radio_amor_04,72,C5,292.5,3.0,0.762,machine_pitch_candidate_not_verified_note
radio_amor_04,74,D5,292.5,1.5,0.322,machine_pitch_candidate_not_verified_note
radio_amor_04,81,A5,292.5,4.0,0.527,machine_pitch_candidate_not_verified_note
radio_amor_04,85,C#6,292.5,1.5,0.435,machine_pitch_candidate_not_verified_note
radio_amor_04,69,A4,293.5,2.0,0.847,machine_pitch_candidate_not_verified_note
radio_amor_04,79,G5,296.5,1.5,0.65,machine_pitch_candidate_not_verified_note
radio_amor_04,69,A4,297.0,2.5,0.819,machine_pitch_candidate_not_verified_note
radio_amor_04,70,Bb4,297.0,1.5,0.893,machine_pitch_candidate_not_verified_note
radio_amor_04,71,B4,298.5,2.0,0.628,machine_pitch_candidate_not_verified_note
radio_amor_04,77,F5,300.0,2.5,0.477,machine_pitch_candidate_not_verified_note
radio_amor_04,65,F4,301.0,1.5,0.977,machine_pitch_candidate_not_verified_note
radio_amor_04,67,G4,301.5,1.5,0.905,machine_pitch_candidate_not_verified_note
radio_amor_04,75,Eb5,301.5,1.5,0.581,machine_pitch_candidate_not_verified_note
radio_amor_04,76,E5,302.5,1.5,0.838,machine_pitch_candidate_not_verified_note
radio_amor_04,73,C#5,303.0,2.5,0.754,machine_pitch_candidate_not_verified_note
radio_amor_04,31,G1,303.5,7.0,0.914,machine_pitch_candidate_not_verified_note
radio_amor_04,67,G4,303.5,2.0,0.456,machine_pitch_candidate_not_verified_note
radio_amor_04,69,A4,304.0,1.5,0.592,machine_pitch_candidate_not_verified_note
radio_amor_04,72,C5,305.0,1.5,0.782,machine_pitch_candidate_not_verified_note
radio_amor_04,71,B4,308.0,3.0,0.878,machine_pitch_candidate_not_verified_note
radio_amor_04,32,Ab1,309.0,3.0,0.357,machine_pitch_candidate_not_verified_note
radio_amor_04,75,Eb5,310.5,1.5,0.692,machine_pitch_candidate_not_verified_note
radio_amor_04,27,Eb1,311.0,1.5,0.76,machine_pitch_candidate_not_verified_note
radio_amor_04,31,G1,311.0,5.67,0.961,machine_pitch_candidate_not_verified_note
radio_amor_05,31,G1,0.0,9.0,0.819,machine_pitch_candidate_not_verified_note
radio_amor_05,43,G2,0.0,2.0,0.905,machine_pitch_candidate_not_verified_note
radio_amor_05,32,Ab1,0.5,3.0,0.454,machine_pitch_candidate_not_verified_note
radio_amor_05,27,Eb1,2.5,15.0,0.885,machine_pitch_candidate_not_verified_note
radio_amor_05,28,E1,8.0,1.5,0.611,machine_pitch_candidate_not_verified_note
radio_amor_05,28,E1,12.5,2.0,0.422,machine_pitch_candidate_not_verified_note
radio_amor_05,31,G1,13.5,6.0,0.653,machine_pitch_candidate_not_verified_note
radio_amor_05,46,Bb2,14.0,1.5,0.425,machine_pitch_candidate_not_verified_note
radio_amor_05,65,F4,14.0,5.0,0.749,machine_pitch_candidate_not_verified_note
radio_amor_05,61,C#4,14.5,3.0,0.356,machine_pitch_candidate_not_verified_note
radio_amor_05,32,Ab1,17.5,1.5,0.435,machine_pitch_candidate_not_verified_note
radio_amor_05,27,Eb1,18.5,9.0,0.848,machine_pitch_candidate_not_verified_note
radio_amor_05,28,E1,23.0,2.0,0.614,machine_pitch_candidate_not_verified_note
radio_amor_05,80,Ab5,23.5,1.5,0.521,machine_pitch_candidate_not_verified_note
radio_amor_05,31,G1,24.0,7.0,0.896,machine_pitch_candidate_not_verified_note
radio_amor_05,32,Ab1,24.0,2.0,0.331,machine_pitch_candidate_not_verified_note
radio_amor_05,65,F4,24.5,5.5,0.519,machine_pitch_candidate_not_verified_note
radio_amor_05,61,C#4,26.0,1.5,0.345,machine_pitch_candidate_not_verified_note
radio_amor_05,32,Ab1,28.5,2.0,0.333,machine_pitch_candidate_not_verified_note
radio_amor_05,27,Eb1,29.5,11.0,0.825,machine_pitch_candidate_not_verified_note
radio_amor_05,28,E1,34.5,2.0,0.517,machine_pitch_candidate_not_verified_note
radio_amor_05,42,F#2,35.0,1.5,0.482,machine_pitch_candidate_not_verified_note
radio_amor_05,31,G1,35.5,7.0,0.613,machine_pitch_candidate_not_verified_note
radio_amor_05,46,Bb2,35.5,1.5,0.596,machine_pitch_candidate_not_verified_note
radio_amor_05,65,F4,35.5,6.0,0.764,machine_pitch_candidate_not_verified_note
radio_amor_05,71,B4,35.5,1.5,0.556,machine_pitch_candidate_not_verified_note
radio_amor_05,61,C#4,36.5,2.5,0.385,machine_pitch_candidate_not_verified_note
radio_amor_05,32,Ab1,39.5,1.5,0.46,machine_pitch_candidate_not_verified_note
radio_amor_05,27,Eb1,41.5,9.5,0.861,machine_pitch_candidate_not_verified_note
radio_amor_05,28,E1,41.5,1.5,0.562,machine_pitch_candidate_not_verified_note
radio_amor_05,28,E1,46.5,1.5,0.588,machine_pitch_candidate_not_verified_note
radio_amor_05,31,G1,47.5,5.5,0.776,machine_pitch_candidate_not_verified_note
radio_amor_05,46,Bb2,47.5,1.5,0.445,machine_pitch_candidate_not_verified_note
radio_amor_05,65,F4,47.5,4.0,0.696,machine_pitch_candidate_not_verified_note
radio_amor_05,61,C#4,48.0,3.0,0.37,machine_pitch_candidate_not_verified_note
radio_amor_05,32,Ab1,50.5,2.0,0.397,machine_pitch_candidate_not_verified_note
radio_amor_05,27,Eb1,52.5,8.0,0.9,machine_pitch_candidate_not_verified_note
radio_amor_05,28,E1,56.5,2.0,0.628,machine_pitch_candidate_not_verified_note
radio_amor_05,31,G1,56.5,2.0,0.789,machine_pitch_candidate_not_verified_note
radio_amor_05,46,Bb2,57.5,1.5,0.557,machine_pitch_candidate_not_verified_note
radio_amor_05,65,F4,57.5,4.5,0.683,machine_pitch_candidate_not_verified_note
radio_amor_05,59,B3,59.0,1.5,0.348,machine_pitch_candidate_not_verified_note
radio_amor_05,31,G1,59.5,6.5,0.553,machine_pitch_candidate_not_verified_note
radio_amor_05,71,B4,59.5,1.5,0.58,machine_pitch_candidate_not_verified_note
radio_amor_05,32,Ab1,60.5,1.5,0.433,machine_pitch_candidate_not_verified_note
radio_amor_05,58,Bb3,62.0,3.0,0.799,machine_pitch_candidate_not_verified_note
radio_amor_05,34,Bb1,62.5,6.0,0.958,machine_pitch_candidate_not_verified_note
radio_amor_05,53,F3,62.5,2.0,0.744,machine_pitch_candidate_not_verified_note
radio_amor_05,87,Eb6,66.5,1.5,0.546,machine_pitch_candidate_not_verified_note
radio_amor_05,31,G1,67.0,2.0,0.424,machine_pitch_candidate_not_verified_note
radio_amor_05,29,F1,68.5,11.0,0.973,machine_pitch_candidate_not_verified_note
radio_amor_05,48,C3,70.0,2.5,0.4,machine_pitch_candidate_not_verified_note
radio_amor_05,48,C3,75.0,2.5,0.513,machine_pitch_candidate_not_verified_note
radio_amor_05,27,Eb1,79.0,8.5,0.828,machine_pitch_candidate_not_verified_note
radio_amor_05,28,E1,83.0,2.0,0.542,machine_pitch_candidate_not_verified_note
radio_amor_05,42,F#2,83.5,1.5,0.529,machine_pitch_candidate_not_verified_note
radio_amor_05,80,Ab5,83.5,1.5,0.573,machine_pitch_candidate_not_verified_note
radio_amor_05,34,Bb1,84.5,10.5,0.875,machine_pitch_candidate_not_verified_note
radio_amor_05,53,F3,85.0,2.5,0.407,machine_pitch_candidate_not_verified_note
radio_amor_05,58,Bb3,85.0,3.0,0.704,machine_pitch_candidate_not_verified_note
radio_amor_05,35,B1,88.5,1.5,0.344,machine_pitch_candidate_not_verified_note
radio_amor_05,87,Eb6,88.5,1.5,0.812,machine_pitch_candidate_not_verified_note
radio_amor_05,53,F3,89.0,5.5,0.612,machine_pitch_candidate_not_verified_note
radio_amor_05,58,Bb3,89.0,5.5,0.688,machine_pitch_candidate_not_verified_note
radio_amor_05,87,Eb6,91.0,3.0,0.396,machine_pitch_candidate_not_verified_note
radio_amor_05,29,F1,94.0,6.0,1.0,machine_pitch_candidate_not_verified_note
radio_amor_05,48,C3,95.5,2.0,0.517,machine_pitch_candidate_not_verified_note
radio_amor_05,27,Eb1,100.0,14.0,0.885,machine_pitch_candidate_not_verified_note
radio_amor_05,34,Bb1,106.0,5.0,0.697,machine_pitch_candidate_not_verified_note
radio_amor_05,53,F3,106.0,1.5,0.432,machine_pitch_candidate_not_verified_note
radio_amor_05,51,Eb3,109.5,3.0,0.444,machine_pitch_candidate_not_verified_note
radio_amor_05,46,Bb2,110.5,2.5,0.674,machine_pitch_candidate_not_verified_note
radio_amor_05,29,F1,111.5,1.5,0.382,machine_pitch_candidate_not_verified_note
radio_amor_05,34,Bb1,111.5,16.0,0.941,machine_pitch_candidate_not_verified_note
radio_amor_05,39,Eb2,111.5,2.0,0.427,machine_pitch_candidate_not_verified_note
radio_amor_05,58,Bb3,112.5,3.0,0.743,machine_pitch_candidate_not_verified_note
radio_amor_05,53,F3,113.5,2.0,0.481,machine_pitch_candidate_not_verified_note
radio_amor_05,32,Ab1,116.5,1.5,0.305,machine_pitch_candidate_not_verified_note
radio_amor_05,53,F3,116.5,1.5,0.568,machine_pitch_candidate_not_verified_note
radio_amor_05,87,Eb6,116.5,1.5,0.406,machine_pitch_candidate_not_verified_note
radio_amor_05,58,Bb3,118.5,1.5,0.356,machine_pitch_candidate_not_verified_note
radio_amor_05,53,F3,119.5,2.5,0.65,machine_pitch_candidate_not_verified_note
radio_amor_05,87,Eb6,119.5,2.0,0.373,machine_pitch_candidate_not_verified_note
radio_amor_05,53,F3,122.5,5.0,0.691,machine_pitch_candidate_not_verified_note
radio_amor_05,58,Bb3,122.5,5.0,0.505,machine_pitch_candidate_not_verified_note
radio_amor_05,87,Eb6,125.0,2.5,0.402,machine_pitch_candidate_not_verified_note
radio_amor_05,29,F1,126.5,8.0,0.946,machine_pitch_candidate_not_verified_note
radio_amor_05,48,C3,128.0,2.0,0.708,machine_pitch_candidate_not_verified_note
radio_amor_05,27,Eb1,134.5,8.0,0.922,machine_pitch_candidate_not_verified_note
radio_amor_05,28,E1,138.5,2.0,0.528,machine_pitch_candidate_not_verified_note
radio_amor_05,42,F#2,139.0,2.0,0.522,machine_pitch_candidate_not_verified_note
radio_amor_05,46,Bb2,139.5,2.5,0.768,machine_pitch_candidate_not_verified_note
radio_amor_05,65,F4,139.5,1.5,0.725,machine_pitch_candidate_not_verified_note
radio_amor_05,53,F3,140.5,30.0,0.795,machine_pitch_candidate_not_verified_note
radio_amor_05,34,Bb1,141.0,17.5,0.727,machine_pitch_candidate_not_verified_note
radio_amor_05,58,Bb3,141.0,4.0,0.682,machine_pitch_candidate_not_verified_note
radio_amor_05,46,Bb2,145.5,2.5,0.321,machine_pitch_candidate_not_verified_note
radio_amor_05,58,Bb3,146.5,24.0,0.908,machine_pitch_candidate_not_verified_note
radio_amor_05,35,B1,147.0,2.0,0.333,machine_pitch_candidate_not_verified_note
radio_amor_05,87,Eb6,147.0,1.5,0.34,machine_pitch_candidate_not_verified_note
radio_amor_05,72,C5,149.0,1.5,0.6,machine_pitch_candidate_not_verified_note
radio_amor_05,87,Eb6,149.0,1.5,0.315,machine_pitch_candidate_not_verified_note
radio_amor_05,46,Bb2,157.5,8.0,0.444,machine_pitch_candidate_not_verified_note
radio_amor_05,34,Bb1,159.0,4.0,0.436,machine_pitch_candidate_not_verified_note
radio_amor_05,62,D4,160.0,1.5,0.542,machine_pitch_candidate_not_verified_note
radio_amor_05,72,C5,160.5,1.5,0.417,machine_pitch_candidate_not_verified_note
radio_amor_05,62,D4,163.0,3.0,0.418,machine_pitch_candidate_not_verified_note
radio_amor_05,34,Bb1,163.5,2.0,0.348,machine_pitch_candidate_not_verified_note
radio_amor_05,46,Bb2,166.0,3.5,0.395,machine_pitch_candidate_not_verified_note
radio_amor_05,62,D4,167.0,3.0,0.366,machine_pitch_candidate_not_verified_note
radio_amor_05,29,F1,169.5,8.5,0.984,machine_pitch_candidate_not_verified_note
radio_amor_05,48,C3,171.0,2.0,0.434,machine_pitch_candidate_not_verified_note
radio_amor_05,48,C3,176.0,2.0,0.753,machine_pitch_candidate_not_verified_note
radio_amor_05,27,Eb1,178.0,9.0,0.992,machine_pitch_candidate_not_verified_note
radio_amor_05,34,Bb1,184.5,42.5,0.826,machine_pitch_candidate_not_verified_note
radio_amor_05,53,F3,185.5,1.5,0.551,machine_pitch_candidate_not_verified_note
radio_amor_05,87,Eb6,188.5,1.5,0.43,machine_pitch_candidate_not_verified_note
radio_amor_05,27,Eb1,189.0,2.5,0.619,machine_pitch_candidate_not_verified_note
radio_amor_05,58,Bb3,189.5,1.5,0.303,machine_pitch_candidate_not_verified_note
radio_amor_05,87,Eb6,190.5,1.5,0.377,machine_pitch_candidate_not_verified_note
radio_amor_05,53,F3,191.0,1.5,0.742,machine_pitch_candidate_not_verified_note
radio_amor_05,72,C5,191.0,3.5,0.477,machine_pitch_candidate_not_verified_note
radio_amor_05,27,Eb1,193.0,1.5,0.495,machine_pitch_candidate_not_verified_note
radio_amor_05,58,Bb3,194.5,4.0,0.493,machine_pitch_candidate_not_verified_note
radio_amor_05,53,F3,195.0,2.0,0.556,machine_pitch_candidate_not_verified_note
radio_amor_05,87,Eb6,198.5,3.5,0.389,machine_pitch_candidate_not_verified_note
radio_amor_05,53,F3,201.5,26.0,0.795,machine_pitch_candidate_not_verified_note
radio_amor_05,46,Bb2,202.0,3.0,0.612,machine_pitch_candidate_not_verified_note
radio_amor_05,72,C5,202.5,25.0,0.666,machine_pitch_candidate_not_verified_note
radio_amor_05,87,Eb6,203.0,3.0,0.461,machine_pitch_candidate_not_verified_note
radio_amor_05,58,Bb3,203.5,1.5,0.493,machine_pitch_candidate_not_verified_note
radio_amor_05,46,Bb2,205.5,1.5,0.306,machine_pitch_candidate_not_verified_note
radio_amor_05,87,Eb6,207.0,20.5,0.665,machine_pitch_candidate_not_verified_note
radio_amor_05,46,Bb2,207.5,1.5,0.776,machine_pitch_candidate_not_verified_note
radio_amor_05,58,Bb3,207.5,2.5,0.434,machine_pitch_candidate_not_verified_note
radio_amor_05,89,F6,207.5,1.5,0.447,machine_pitch_candidate_not_verified_note
radio_amor_05,41,F2,209.0,1.5,0.365,machine_pitch_candidate_not_verified_note
radio_amor_05,62,D4,209.0,5.5,0.409,machine_pitch_candidate_not_verified_note
radio_amor_05,46,Bb2,210.0,11.0,0.841,machine_pitch_candidate_not_verified_note
radio_amor_05,58,Bb3,212.0,2.5,0.545,machine_pitch_candidate_not_verified_note
radio_amor_05,48,C3,214.0,1.5,0.315,machine_pitch_candidate_not_verified_note
radio_amor_05,68,Ab4,214.0,1.5,0.303,machine_pitch_candidate_not_verified_note
radio_amor_05,58,Bb3,215.5,4.5,0.459,machine_pitch_candidate_not_verified_note
radio_amor_05,62,D4,215.5,9.0,0.535,machine_pitch_candidate_not_verified_note
radio_amor_05,41,F2,217.0,1.5,0.358,machine_pitch_candidate_not_verified_note
radio_amor_05,48,C3,219.0,1.5,0.3,machine_pitch_candidate_not_verified_note
radio_amor_05,58,Bb3,221.0,6.0,0.494,machine_pitch_candidate_not_verified_note
radio_amor_05,46,Bb2,222.0,5.0,0.766,machine_pitch_candidate_not_verified_note
radio_amor_05,62,D4,225.5,1.5,0.426,machine_pitch_candidate_not_verified_note
radio_amor_05,29,F1,226.0,7.0,0.923,machine_pitch_candidate_not_verified_note
radio_amor_05,48,C3,228.0,2.0,0.489,machine_pitch_candidate_not_verified_note
radio_amor_05,51,Eb3,232.5,1.5,0.361,machine_pitch_candidate_not_verified_note
radio_amor_05,27,Eb1,233.0,89.0,0.841,machine_pitch_candidate_not_verified_note
radio_amor_05,29,F1,237.0,8.5,0.74,machine_pitch_candidate_not_verified_note
radio_amor_05,58,Bb3,238.5,1.5,0.454,machine_pitch_candidate_not_verified_note
radio_amor_05,34,Bb1,239.0,6.0,0.568,machine_pitch_candidate_not_verified_note
radio_amor_05,39,Eb2,241.5,1.5,0.628,machine_pitch_candidate_not_verified_note
radio_amor_05,34,Bb1,246.0,1.5,0.376,machine_pitch_candidate_not_verified_note
radio_amor_05,29,F1,246.5,47.0,0.714,machine_pitch_candidate_not_verified_note
radio_amor_05,58,Bb3,247.5,3.0,0.483,machine_pitch_candidate_not_verified_note
radio_amor_05,87,Eb6,247.5,3.0,0.376,machine_pitch_candidate_not_verified_note
radio_amor_05,53,F3,248.0,2.0,0.454,machine_pitch_candidate_not_verified_note
radio_amor_05,34,Bb1,248.5,5.0,0.798,machine_pitch_candidate_not_verified_note
radio_amor_05,39,Eb2,249.5,2.0,0.415,machine_pitch_candidate_not_verified_note
radio_amor_05,51,Eb3,251.5,2.0,0.341,machine_pitch_candidate_not_verified_note
radio_amor_05,87,Eb6,252.0,1.5,0.471,machine_pitch_candidate_not_verified_note
radio_amor_05,39,Eb2,253.5,2.0,0.678,machine_pitch_candidate_not_verified_note
radio_amor_05,87,Eb6,254.0,3.0,0.384,machine_pitch_candidate_not_verified_note
radio_amor_05,34,Bb1,254.5,5.5,0.692,machine_pitch_candidate_not_verified_note
radio_amor_05,39,Eb2,256.5,3.5,0.699,machine_pitch_candidate_not_verified_note
radio_amor_05,46,Bb2,258.0,1.5,0.405,machine_pitch_candidate_not_verified_note
radio_amor_05,87,Eb6,258.0,2.0,0.402,machine_pitch_candidate_not_verified_note
radio_amor_05,87,Eb6,261.0,8.0,0.383,machine_pitch_candidate_not_verified_note
radio_amor_05,39,Eb2,261.5,3.0,0.708,machine_pitch_candidate_not_verified_note
radio_amor_05,58,Bb3,262.0,1.5,0.343,machine_pitch_candidate_not_verified_note
radio_amor_05,34,Bb1,263.0,32.0,0.617,machine_pitch_candidate_not_verified_note
radio_amor_05,51,Eb3,263.5,2.0,0.36,machine_pitch_candidate_not_verified_note
radio_amor_05,46,Bb2,265.0,2.5,0.594,machine_pitch_candidate_not_verified_note
radio_amor_05,39,Eb2,265.5,2.5,0.878,machine_pitch_candidate_not_verified_note
radio_amor_05,51,Eb3,268.0,1.5,0.459,machine_pitch_candidate_not_verified_note
radio_amor_05,39,Eb2,269.0,3.5,0.645,machine_pitch_candidate_not_verified_note
radio_amor_05,87,Eb6,270.5,2.5,0.376,machine_pitch_candidate_not_verified_note
radio_amor_05,46,Bb2,271.0,1.5,0.77,machine_pitch_candidate_not_verified_note
radio_amor_05,89,F6,271.0,2.0,0.323,machine_pitch_candidate_not_verified_note
radio_amor_05,51,Eb3,272.0,2.5,0.492,machine_pitch_candidate_not_verified_note
radio_amor_05,72,C5,272.0,3.5,0.378,machine_pitch_candidate_not_verified_note
radio_amor_05,39,Eb2,273.5,7.5,0.697,machine_pitch_candidate_not_verified_note
radio_amor_05,46,Bb2,273.5,4.5,0.641,machine_pitch_candidate_not_verified_note
radio_amor_05,48,C3,274.5,2.0,0.326,machine_pitch_candidate_not_verified_note
radio_amor_05,53,F3,274.5,2.5,0.417,machine_pitch_candidate_not_verified_note
radio_amor_05,51,Eb3,276.5,3.5,0.445,machine_pitch_candidate_not_verified_note
radio_amor_05,72,C5,276.5,1.5,0.331,machine_pitch_candidate_not_verified_note
radio_amor_05,48,C3,278.5,1.5,0.442,machine_pitch_candidate_not_verified_note
radio_amor_05,46,Bb2,279.0,2.5,0.701,machine_pitch_candidate_not_verified_note
radio_amor_05,72,C5,279.5,1.5,0.363,machine_pitch_candidate_not_verified_note
radio_amor_05,87,Eb6,280.5,7.5,0.477,machine_pitch_candidate_not_verified_note
radio_amor_05,48,C3,281.5,7.0,0.573,machine_pitch_candidate_not_verified_note
radio_amor_05,53,F3,281.5,1.5,0.598,machine_pitch_candidate_not_verified_note
radio_amor_05,58,Bb3,281.5,4.0,0.487,machine_pitch_candidate_not_verified_note
radio_amor_05,39,Eb2,282.0,13.5,0.769,machine_pitch_candidate_not_verified_note
radio_amor_05,51,Eb3,282.0,5.5,0.527,machine_pitch_candidate_not_verified_note
radio_amor_05,62,D4,282.0,9.5,0.528,machine_pitch_candidate_not_verified_note
radio_amor_05,72,C5,282.0,13.0,0.475,machine_pitch_candidate_not_verified_note
radio_amor_05,46,Bb2,282.5,12.0,0.637,machine_pitch_candidate_not_verified_note
radio_amor_05,53,F3,283.5,7.5,0.637,machine_pitch_candidate_not_verified_note
radio_amor_05,58,Bb3,286.5,2.5,0.455,machine_pitch_candidate_not_verified_note
radio_amor_05,87,Eb6,288.5,2.0,0.546,machine_pitch_candidate_not_verified_note
radio_amor_05,48,C3,289.0,4.5,0.598,machine_pitch_candidate_not_verified_note
radio_amor_05,51,Eb3,289.0,3.0,0.903,machine_pitch_candidate_not_verified_note
radio_amor_05,58,Bb3,289.5,1.5,0.474,machine_pitch_candidate_not_verified_note
radio_amor_05,53,F3,292.0,6.0,0.389,machine_pitch_candidate_not_verified_note
radio_amor_05,87,Eb6,292.0,4.0,0.516,machine_pitch_candidate_not_verified_note
radio_amor_05,58,Bb3,293.5,3.5,0.454,machine_pitch_candidate_not_verified_note
radio_amor_05,29,F1,294.0,4.0,0.417,machine_pitch_candidate_not_verified_note
radio_amor_05,51,Eb3,294.0,3.5,0.391,machine_pitch_candidate_not_verified_note
radio_amor_05,48,C3,295.5,4.0,0.501,machine_pitch_candidate_not_verified_note
radio_amor_05,72,C5,295.5,1.5,0.338,machine_pitch_candidate_not_verified_note
radio_amor_05,34,Bb1,296.0,13.5,0.576,machine_pitch_candidate_not_verified_note
radio_amor_05,39,Eb2,296.0,4.5,0.874,machine_pitch_candidate_not_verified_note
radio_amor_05,46,Bb2,296.0,2.5,0.75,machine_pitch_candidate_not_verified_note
radio_amor_05,89,F6,296.0,3.0,0.343,machine_pitch_candidate_not_verified_note
radio_amor_05,29,F1,299.0,2.5,0.422,machine_pitch_candidate_not_verified_note
radio_amor_05,53,F3,299.5,3.0,0.399,machine_pitch_candidate_not_verified_note
radio_amor_05,51,Eb3,300.0,2.0,0.352,machine_pitch_candidate_not_verified_note
radio_amor_05,48,C3,300.5,11.0,0.554,machine_pitch_candidate_not_verified_note
radio_amor_05,46,Bb2,301.5,1.5,0.901,machine_pitch_candidate_not_verified_note
radio_amor_05,39,Eb2,302.0,13.0,0.742,machine_pitch_candidate_not_verified_note
radio_amor_05,29,F1,304.0,3.5,0.391,machine_pitch_candidate_not_verified_note
radio_amor_05,51,Eb3,304.5,3.0,0.505,machine_pitch_candidate_not_verified_note
radio_amor_05,87,Eb6,305.0,2.0,0.468,machine_pitch_candidate_not_verified_note
radio_amor_05,89,F6,305.0,2.5,0.428,machine_pitch_candidate_not_verified_note
radio_amor_05,53,F3,305.5,2.0,0.457,machine_pitch_candidate_not_verified_note
radio_amor_05,46,Bb2,306.0,2.0,0.665,machine_pitch_candidate_not_verified_note
radio_amor_05,51,Eb3,308.5,1.5,0.451,machine_pitch_candidate_not_verified_note
radio_amor_05,53,F3,309.0,3.5,0.403,machine_pitch_candidate_not_verified_note
radio_amor_05,58,Bb3,309.5,3.5,0.498,machine_pitch_candidate_not_verified_note
radio_amor_05,29,F1,310.5,1.5,0.329,machine_pitch_candidate_not_verified_note
radio_amor_05,51,Eb3,310.5,3.0,0.552,machine_pitch_candidate_not_verified_note
radio_amor_05,80,Ab5,310.5,4.0,0.59,machine_pitch_candidate_not_verified_note
radio_amor_05,34,Bb1,311.0,3.5,0.545,machine_pitch_candidate_not_verified_note
radio_amor_05,54,F#3,311.0,1.5,0.307,machine_pitch_candidate_not_verified_note
radio_amor_05,46,Bb2,311.5,3.5,0.385,machine_pitch_candidate_not_verified_note
radio_amor_05,48,C3,312.0,1.5,0.709,machine_pitch_candidate_not_verified_note
radio_amor_05,89,F6,314.0,1.5,0.406,machine_pitch_candidate_not_verified_note
radio_amor_05,48,C3,314.5,2.0,0.519,machine_pitch_candidate_not_verified_note
radio_amor_05,51,Eb3,314.5,3.5,0.609,machine_pitch_candidate_not_verified_note
radio_amor_05,34,Bb1,315.5,4.5,0.509,machine_pitch_candidate_not_verified_note
radio_amor_05,80,Ab5,315.5,4.0,0.616,machine_pitch_candidate_not_verified_note
radio_amor_05,89,F6,316.0,2.5,0.428,machine_pitch_candidate_not_verified_note
radio_amor_05,53,F3,317.0,1.5,0.294,machine_pitch_candidate_not_verified_note
radio_amor_05,39,Eb2,317.5,2.5,0.617,machine_pitch_candidate_not_verified_note
radio_amor_05,48,C3,317.5,4.5,0.583,machine_pitch_candidate_not_verified_note
radio_amor_05,76,E5,318.0,3.0,0.649,machine_pitch_candidate_not_verified_note
radio_amor_05,46,Bb2,319.0,1.5,0.595,machine_pitch_candidate_not_verified_note
radio_amor_05,54,F#3,319.0,1.5,0.482,machine_pitch_candidate_not_verified_note
radio_amor_05,57,A3,319.0,2.0,0.379,machine_pitch_candidate_not_verified_note
radio_amor_05,64,E4,319.0,2.0,0.433,machine_pitch_candidate_not_verified_note
radio_amor_05,81,A5,319.5,1.5,0.812,machine_pitch_candidate_not_verified_note
radio_amor_05,32,Ab1,320.0,1.5,0.375,machine_pitch_candidate_not_verified_note
radio_amor_05,51,Eb3,320.0,2.0,0.78,machine_pitch_candidate_not_verified_note
radio_amor_05,58,Bb3,320.5,1.5,0.737,machine_pitch_candidate_not_verified_note
radio_amor_05,74,D5,321.5,3.5,0.773,machine_pitch_candidate_not_verified_note
radio_amor_05,81,A5,321.5,2.0,0.482,machine_pitch_candidate_not_verified_note
radio_amor_05,69,A4,323.0,2.5,0.938,machine_pitch_candidate_not_verified_note
radio_amor_05,45,A2,325.0,1.5,0.557,machine_pitch_candidate_not_verified_note
radio_amor_05,57,A3,325.0,2.0,0.574,machine_pitch_candidate_not_verified_note
radio_amor_05,64,E4,325.0,1.5,0.709,machine_pitch_candidate_not_verified_note
radio_amor_05,76,E5,325.0,1.5,0.861,machine_pitch_candidate_not_verified_note
radio_amor_05,83,B5,325.0,1.5,0.743,machine_pitch_candidate_not_verified_note
radio_amor_05,80,Ab5,325.5,2.5,0.534,machine_pitch_candidate_not_verified_note
radio_amor_05,70,Bb4,326.0,1.5,0.544,machine_pitch_candidate_not_verified_note
radio_amor_05,69,A4,326.5,1.5,0.959,machine_pitch_candidate_not_verified_note
radio_amor_05,71,B4,327.0,2.0,0.605,machine_pitch_candidate_not_verified_note
radio_amor_05,67,G4,327.5,2.0,0.738,machine_pitch_candidate_not_verified_note
radio_amor_05,48,C3,328.5,2.0,0.503,machine_pitch_candidate_not_verified_note
radio_amor_05,47,B2,329.0,2.0,0.458,machine_pitch_candidate_not_verified_note
radio_amor_05,84,C6,329.0,2.0,0.64,machine_pitch_candidate_not_verified_note
radio_amor_05,73,C#5,329.5,1.5,0.843,machine_pitch_candidate_not_verified_note
radio_amor_05,76,E5,329.5,7.5,0.764,machine_pitch_candidate_not_verified_note
radio_amor_05,56,Ab3,331.0,1.5,0.554,machine_pitch_candidate_not_verified_note
radio_amor_05,70,Bb4,331.0,1.5,0.636,machine_pitch_candidate_not_verified_note
radio_amor_05,81,A5,332.0,1.5,0.41,machine_pitch_candidate_not_verified_note
radio_amor_05,45,A2,333.0,1.5,0.571,machine_pitch_candidate_not_verified_note
radio_amor_05,69,A4,333.0,2.0,0.796,machine_pitch_candidate_not_verified_note
radio_amor_05,70,Bb4,333.0,3.5,0.554,machine_pitch_candidate_not_verified_note
radio_amor_05,73,C#5,333.0,1.5,0.773,machine_pitch_candidate_not_verified_note
radio_amor_05,46,Bb2,333.5,1.5,0.524,machine_pitch_candidate_not_verified_note
radio_amor_05,83,B5,333.5,1.5,0.638,machine_pitch_candidate_not_verified_note
radio_amor_05,84,C6,333.5,1.5,0.83,machine_pitch_candidate_not_verified_note
radio_amor_05,77,F5,334.0,2.5,0.515,machine_pitch_candidate_not_verified_note
radio_amor_05,66,F#4,336.5,3.5,0.61,machine_pitch_candidate_not_verified_note
radio_amor_05,81,A5,336.5,1.5,0.709,machine_pitch_candidate_not_verified_note
radio_amor_05,84,C6,336.5,2.0,0.551,machine_pitch_candidate_not_verified_note
radio_amor_05,47,B2,337.0,1.5,0.446,machine_pitch_candidate_not_verified_note
radio_amor_05,78,F#5,337.5,3.0,0.834,machine_pitch_candidate_not_verified_note
radio_amor_05,59,B3,338.0,2.5,0.394,machine_pitch_candidate_not_verified_note
radio_amor_05,62,D4,338.0,2.5,0.481,machine_pitch_candidate_not_verified_note
radio_amor_05,75,Eb5,338.0,2.0,0.36,machine_pitch_candidate_not_verified_note
radio_amor_05,76,E5,338.5,1.5,0.747,machine_pitch_candidate_not_verified_note
radio_amor_05,47,B2,339.0,1.5,0.439,machine_pitch_candidate_not_verified_note
radio_amor_05,84,C6,339.0,1.5,0.545,machine_pitch_candidate_not_verified_note
radio_amor_05,74,D5,339.5,2.0,0.799,machine_pitch_candidate_not_verified_note
radio_amor_05,81,A5,339.5,2.0,0.424,machine_pitch_candidate_not_verified_note
radio_amor_05,85,C#6,340.5,1.5,0.754,machine_pitch_candidate_not_verified_note
radio_amor_05,64,E4,341.0,2.0,0.542,machine_pitch_candidate_not_verified_note
radio_amor_05,76,E5,341.0,2.76,0.784,machine_pitch_candidate_not_verified_note
radio_amor_05,83,B5,341.0,2.0,0.479,machine_pitch_candidate_not_verified_note
radio_amor_06,53,F3,0.0,7.5,0.648,machine_pitch_candidate_not_verified_note
radio_amor_06,58,Bb3,0.0,15.0,0.992,machine_pitch_candidate_not_verified_note
radio_amor_06,53,F3,8.0,12.0,0.612,machine_pitch_candidate_not_verified_note
radio_amor_06,60,C4,12.0,1.5,0.293,machine_pitch_candidate_not_verified_note
radio_amor_06,37,C#2,13.5,1.5,0.692,machine_pitch_candidate_not_verified_note
radio_amor_06,58,Bb3,16.0,7.5,0.935,machine_pitch_candidate_not_verified_note
radio_amor_06,53,F3,23.5,5.5,0.781,machine_pitch_candidate_not_verified_note
radio_amor_06,58,Bb3,25.0,10.5,0.83,machine_pitch_candidate_not_verified_note
radio_amor_06,30,F#1,25.5,1.5,0.362,machine_pitch_candidate_not_verified_note
radio_amor_06,51,Eb3,29.5,2.0,0.674,machine_pitch_candidate_not_verified_note
radio_amor_06,53,F3,30.5,5.0,0.457,machine_pitch_candidate_not_verified_note
radio_amor_06,30,F#1,31.5,1.5,0.837,machine_pitch_candidate_not_verified_note
radio_amor_06,42,F#2,31.5,3.0,0.821,machine_pitch_candidate_not_verified_note
radio_amor_06,65,F4,34.0,3.5,0.775,machine_pitch_candidate_not_verified_note
radio_amor_06,29,F1,35.5,1.5,0.421,machine_pitch_candidate_not_verified_note
radio_amor_06,37,C#2,36.0,3.0,0.65,machine_pitch_candidate_not_verified_note
radio_amor_06,53,F3,36.5,5.5,0.81,machine_pitch_candidate_not_verified_note
radio_amor_06,25,C#1,38.0,1.5,0.314,machine_pitch_candidate_not_verified_note
radio_amor_06,58,Bb3,39.0,16.5,0.785,machine_pitch_candidate_not_verified_note
radio_amor_06,51,Eb3,43.0,2.0,0.647,machine_pitch_candidate_not_verified_note
radio_amor_06,53,F3,43.5,1.5,0.476,machine_pitch_candidate_not_verified_note
radio_amor_06,30,F#1,45.0,1.5,0.703,machine_pitch_candidate_not_verified_note
radio_amor_06,42,F#2,45.0,3.0,0.799,machine_pitch_candidate_not_verified_note
radio_amor_06,53,F3,46.0,4.0,0.926,machine_pitch_candidate_not_verified_note
radio_amor_06,53,F3,50.5,3.5,0.677,machine_pitch_candidate_not_verified_note
radio_amor_06,42,F#2,52.5,1.5,0.4,machine_pitch_candidate_not_verified_note
radio_amor_06,60,C4,55.0,3.0,0.651,machine_pitch_candidate_not_verified_note
radio_amor_06,53,F3,56.0,7.0,0.822,machine_pitch_candidate_not_verified_note
radio_amor_06,58,Bb3,56.0,2.0,0.602,machine_pitch_candidate_not_verified_note
radio_amor_06,25,C#1,57.0,3.0,0.64,machine_pitch_candidate_not_verified_note
radio_amor_06,65,F4,57.0,1.5,0.777,machine_pitch_candidate_not_verified_note
radio_amor_06,58,Bb3,59.0,6.0,0.894,machine_pitch_candidate_not_verified_note
radio_amor_06,42,F#2,61.5,1.5,0.56,machine_pitch_candidate_not_verified_note
radio_amor_06,31,G1,62.5,1.5,0.337,machine_pitch_candidate_not_verified_note
radio_amor_06,51,Eb3,64.0,2.5,0.903,machine_pitch_candidate_not_verified_note
radio_amor_06,31,G1,65.5,5.0,0.696,machine_pitch_candidate_not_verified_note
radio_amor_06,30,F#1,66.0,1.5,0.605,machine_pitch_candidate_not_verified_note
radio_amor_06,42,F#2,66.5,3.5,0.71,machine_pitch_candidate_not_verified_note
radio_amor_06,49,C#3,66.5,1.5,0.331,machine_pitch_candidate_not_verified_note
radio_amor_06,32,Ab1,67.5,3.0,0.674,machine_pitch_candidate_not_verified_note
radio_amor_06,53,F3,67.5,5.5,0.508,machine_pitch_candidate_not_verified_note
radio_amor_06,58,Bb3,67.5,5.5,0.75,machine_pitch_candidate_not_verified_note
radio_amor_06,50,D3,68.0,2.0,0.452,machine_pitch_candidate_not_verified_note
radio_amor_06,31,G1,71.0,8.5,0.745,machine_pitch_candidate_not_verified_note
radio_amor_06,32,Ab1,71.5,7.5,0.639,machine_pitch_candidate_not_verified_note
radio_amor_06,50,D3,71.5,44.57,0.927,machine_pitch_candidate_not_verified_note
radio_amor_06,51,Eb3,72.0,3.5,0.387,machine_pitch_candidate_not_verified_note
radio_amor_06,53,F3,75.0,7.5,0.652,machine_pitch_candidate_not_verified_note
radio_amor_06,51,Eb3,77.0,3.0,0.464,machine_pitch_candidate_not_verified_note
radio_amor_06,58,Bb3,78.5,3.0,0.55,machine_pitch_candidate_not_verified_note
radio_amor_06,31,G1,80.0,16.5,0.752,machine_pitch_candidate_not_verified_note
radio_amor_06,32,Ab1,80.0,3.0,0.621,machine_pitch_candidate_not_verified_note
radio_amor_06,51,Eb3,82.0,15.0,0.51,machine_pitch_candidate_not_verified_note
radio_amor_06,58,Bb3,82.5,1.5,0.36,machine_pitch_candidate_not_verified_note
radio_amor_06,32,Ab1,83.5,2.5,0.566,machine_pitch_candidate_not_verified_note
radio_amor_06,53,F3,83.5,2.0,0.639,machine_pitch_candidate_not_verified_note
radio_amor_06,39,Eb2,84.0,1.5,0.5,machine_pitch_candidate_not_verified_note
radio_amor_06,32,Ab1,87.0,2.5,0.512,machine_pitch_candidate_not_verified_note
radio_amor_06,53,F3,87.0,1.5,0.9,machine_pitch_candidate_not_verified_note
radio_amor_06,32,Ab1,90.5,2.0,0.825,machine_pitch_candidate_not_verified_note
radio_amor_06,32,Ab1,93.0,3.5,0.491,machine_pitch_candidate_not_verified_note
radio_amor_06,39,Eb2,93.0,2.0,0.348,machine_pitch_candidate_not_verified_note
radio_amor_06,31,G1,97.0,3.0,0.598,machine_pitch_candidate_not_verified_note
radio_amor_06,51,Eb3,97.5,5.0,0.56,machine_pitch_candidate_not_verified_note
radio_amor_06,32,Ab1,98.0,1.5,0.472,machine_pitch_candidate_not_verified_note
radio_amor_06,31,G1,100.5,7.5,0.576,machine_pitch_candidate_not_verified_note
radio_amor_06,32,Ab1,101.5,2.0,0.438,machine_pitch_candidate_not_verified_note
radio_amor_06,51,Eb3,104.0,12.0,0.647,machine_pitch_candidate_not_verified_note
radio_amor_06,32,Ab1,105.0,2.0,0.552,machine_pitch_candidate_not_verified_note
radio_amor_06,31,G1,108.5,7.57,0.483,machine_pitch_candidate_not_verified_note
radio_amor_06,32,Ab1,109.0,1.5,0.48,machine_pitch_candidate_not_verified_note
radio_amor_06,32,Ab1,112.5,1.5,0.419,machine_pitch_candidate_not_verified_note
radio_amor_07,50,D3,0.0,105.5,0.988,machine_pitch_candidate_not_verified_note
radio_amor_07,51,Eb3,0.0,17.5,0.57,machine_pitch_candidate_not_verified_note
radio_amor_07,31,G1,0.5,5.5,0.447,machine_pitch_candidate_not_verified_note
radio_amor_07,31,G1,7.5,2.5,0.539,machine_pitch_candidate_not_verified_note
radio_amor_07,32,Ab1,7.5,1.5,0.459,machine_pitch_candidate_not_verified_note
radio_amor_07,31,G1,10.5,1.5,0.375,machine_pitch_candidate_not_verified_note
radio_amor_07,31,G1,14.0,1.5,0.33,machine_pitch_candidate_not_verified_note
radio_amor_07,31,G1,16.5,3.0,0.304,machine_pitch_candidate_not_verified_note
radio_amor_07,32,Ab1,18.0,1.5,0.361,machine_pitch_candidate_not_verified_note
radio_amor_07,51,Eb3,18.0,15.0,0.588,machine_pitch_candidate_not_verified_note
radio_amor_07,31,G1,23.0,1.5,0.335,machine_pitch_candidate_not_verified_note
radio_amor_07,31,G1,29.0,2.5,0.376,machine_pitch_candidate_not_verified_note
radio_amor_07,51,Eb3,33.5,27.0,0.625,machine_pitch_candidate_not_verified_note
radio_amor_07,31,G1,40.5,2.0,0.304,machine_pitch_candidate_not_verified_note
radio_amor_07,38,D2,59.5,1.5,0.331,machine_pitch_candidate_not_verified_note
radio_amor_07,51,Eb3,61.0,42.0,0.602,machine_pitch_candidate_not_verified_note
radio_amor_07,38,D2,66.0,6.5,0.583,machine_pitch_candidate_not_verified_note
radio_amor_07,38,D2,73.0,3.5,0.742,machine_pitch_candidate_not_verified_note
radio_amor_07,38,D2,78.5,4.5,0.701,machine_pitch_candidate_not_verified_note
radio_amor_07,55,G3,81.0,1.5,0.34,machine_pitch_candidate_not_verified_note
radio_amor_07,38,D2,86.5,5.0,0.56,machine_pitch_candidate_not_verified_note
radio_amor_07,38,D2,92.0,4.0,0.555,machine_pitch_candidate_not_verified_note
radio_amor_07,38,D2,98.0,2.0,0.521,machine_pitch_candidate_not_verified_note
radio_amor_07,38,D2,101.0,11.0,0.849,machine_pitch_candidate_not_verified_note
radio_amor_07,55,G3,102.0,2.0,0.319,machine_pitch_candidate_not_verified_note
radio_amor_07,37,C#2,102.5,1.5,0.311,machine_pitch_candidate_not_verified_note
radio_amor_07,51,Eb3,103.5,2.0,0.387,machine_pitch_candidate_not_verified_note
radio_amor_07,55,G3,104.5,1.5,0.337,machine_pitch_candidate_not_verified_note
radio_amor_07,50,D3,106.0,2.0,0.724,machine_pitch_candidate_not_verified_note
radio_amor_07,51,Eb3,106.0,1.5,0.329,machine_pitch_candidate_not_verified_note
radio_amor_07,58,Bb3,107.5,38.0,0.978,machine_pitch_candidate_not_verified_note
radio_amor_07,51,Eb3,109.0,2.0,0.403,machine_pitch_candidate_not_verified_note
radio_amor_07,55,G3,109.0,1.5,0.361,machine_pitch_candidate_not_verified_note
radio_amor_07,50,D3,110.0,2.5,0.427,machine_pitch_candidate_not_verified_note
radio_amor_07,38,D2,113.0,1.5,0.344,machine_pitch_candidate_not_verified_note
radio_amor_07,32,Ab1,113.5,1.5,0.323,machine_pitch_candidate_not_verified_note
radio_amor_07,61,C#4,113.5,1.5,0.321,machine_pitch_candidate_not_verified_note
radio_amor_07,50,D3,114.0,1.5,0.942,machine_pitch_candidate_not_verified_note
radio_amor_07,38,D2,115.5,2.0,0.355,machine_pitch_candidate_not_verified_note
radio_amor_07,61,C#4,115.5,4.0,0.337,machine_pitch_candidate_not_verified_note
radio_amor_07,50,D3,117.0,1.5,0.319,machine_pitch_candidate_not_verified_note
radio_amor_07,38,D2,119.0,1.5,0.456,machine_pitch_candidate_not_verified_note
radio_amor_07,61,C#4,120.5,5.5,0.405,machine_pitch_candidate_not_verified_note
radio_amor_07,61,C#4,127.0,6.0,0.362,machine_pitch_candidate_not_verified_note
radio_amor_07,61,C#4,133.5,4.5,0.489,machine_pitch_candidate_not_verified_note
radio_amor_07,26,D1,142.0,1.5,0.437,machine_pitch_candidate_not_verified_note
radio_amor_07,61,C#4,142.0,3.0,0.37,machine_pitch_candidate_not_verified_note
radio_amor_07,51,Eb3,144.5,2.5,1.0,machine_pitch_candidate_not_verified_note
radio_amor_07,42,F#2,146.0,1.5,0.408,machine_pitch_candidate_not_verified_note
radio_amor_07,58,Bb3,146.5,6.0,0.755,machine_pitch_candidate_not_verified_note
radio_amor_07,55,G3,147.0,2.5,0.856,machine_pitch_candidate_not_verified_note
radio_amor_07,48,C3,149.5,3.5,0.911,machine_pitch_candidate_not_verified_note
radio_amor_07,30,F#1,150.0,2.0,0.478,machine_pitch_candidate_not_verified_note
radio_amor_07,27,Eb1,152.0,1.5,0.603,machine_pitch_candidate_not_verified_note
radio_amor_07,60,C4,152.5,2.5,0.937,machine_pitch_candidate_not_verified_note
radio_amor_07,63,Eb4,152.5,1.5,0.297,machine_pitch_candidate_not_verified_note
radio_amor_07,32,Ab1,153.0,2.0,0.388,machine_pitch_candidate_not_verified_note
radio_amor_07,58,Bb3,153.5,1.5,0.588,machine_pitch_candidate_not_verified_note
radio_amor_07,55,G3,154.5,3.0,0.98,machine_pitch_candidate_not_verified_note
radio_amor_07,58,Bb3,156.5,3.0,0.796,machine_pitch_candidate_not_verified_note
radio_amor_07,51,Eb3,159.5,12.5,0.962,machine_pitch_candidate_not_verified_note
radio_amor_07,33,A1,161.0,1.5,0.516,machine_pitch_candidate_not_verified_note
radio_amor_07,25,C#1,161.5,2.5,0.432,machine_pitch_candidate_not_verified_note
radio_amor_07,26,D1,162.5,1.5,0.689,machine_pitch_candidate_not_verified_note
radio_amor_07,58,Bb3,162.5,2.0,0.59,machine_pitch_candidate_not_verified_note
radio_amor_07,31,G1,165.5,1.5,0.522,machine_pitch_candidate_not_verified_note
radio_amor_07,32,Ab1,165.5,1.5,0.545,machine_pitch_candidate_not_verified_note
radio_amor_07,58,Bb3,166.0,5.5,0.56,machine_pitch_candidate_not_verified_note
radio_amor_07,32,Ab1,168.0,9.5,0.646,machine_pitch_candidate_not_verified_note
radio_amor_07,38,D2,168.5,1.5,0.325,machine_pitch_candidate_not_verified_note
radio_amor_07,31,G1,169.0,8.5,0.793,machine_pitch_candidate_not_verified_note
radio_amor_07,34,Bb1,171.5,1.5,0.497,machine_pitch_candidate_not_verified_note
radio_amor_07,58,Bb3,173.0,1.5,0.349,machine_pitch_candidate_not_verified_note
radio_amor_07,51,Eb3,173.5,2.0,0.688,machine_pitch_candidate_not_verified_note
radio_amor_07,38,D2,174.0,2.0,1.0,machine_pitch_candidate_not_verified_note
radio_amor_07,58,Bb3,175.0,1.5,0.438,machine_pitch_candidate_not_verified_note
radio_amor_07,58,Bb3,177.0,1.5,0.306,machine_pitch_candidate_not_verified_note
radio_amor_07,55,G3,177.5,6.5,0.854,machine_pitch_candidate_not_verified_note
radio_amor_07,25,C#1,181.0,4.5,0.57,machine_pitch_candidate_not_verified_note
radio_amor_07,30,F#1,181.0,4.0,0.825,machine_pitch_candidate_not_verified_note
radio_amor_07,48,C3,183.0,8.0,0.836,machine_pitch_candidate_not_verified_note
radio_amor_07,27,Eb1,183.5,6.5,0.485,machine_pitch_candidate_not_verified_note
radio_amor_07,51,Eb3,183.5,3.0,0.414,machine_pitch_candidate_not_verified_note
radio_amor_07,39,Eb2,186.5,7.0,0.737,machine_pitch_candidate_not_verified_note
radio_amor_07,30,F#1,187.5,13.5,0.524,machine_pitch_candidate_not_verified_note
radio_amor_07,35,B1,187.5,2.5,0.511,machine_pitch_candidate_not_verified_note
radio_amor_07,60,C4,188.0,3.5,0.46,machine_pitch_candidate_not_verified_note
radio_amor_07,45,A2,188.5,1.5,0.375,machine_pitch_candidate_not_verified_note
radio_amor_07,26,D1,190.0,9.0,0.51,machine_pitch_candidate_not_verified_note
radio_amor_07,63,Eb4,190.0,1.5,0.356,machine_pitch_candidate_not_verified_note
radio_amor_07,51,Eb3,191.0,14.0,0.845,machine_pitch_candidate_not_verified_note
radio_amor_07,28,E1,198.0,2.0,0.58,machine_pitch_candidate_not_verified_note
radio_amor_07,58,Bb3,198.5,18.5,0.777,machine_pitch_candidate_not_verified_note
radio_amor_07,61,C#4,199.0,3.0,0.383,machine_pitch_candidate_not_verified_note
radio_amor_07,32,Ab1,200.0,3.0,0.501,machine_pitch_candidate_not_verified_note
radio_amor_07,31,G1,200.5,2.5,0.899,machine_pitch_candidate_not_verified_note
radio_amor_07,28,E1,201.0,2.5,0.423,machine_pitch_candidate_not_verified_note
radio_amor_07,37,C#2,201.5,1.5,0.359,machine_pitch_candidate_not_verified_note
radio_amor_07,31,G1,203.5,4.5,0.83,machine_pitch_candidate_not_verified_note
radio_amor_07,32,Ab1,203.5,4.5,0.709,machine_pitch_candidate_not_verified_note
radio_amor_07,34,Bb1,206.5,1.5,0.354,machine_pitch_candidate_not_verified_note
radio_amor_07,55,G3,210.0,5.5,0.457,machine_pitch_candidate_not_verified_note
radio_amor_07,30,F#1,210.5,2.5,0.447,machine_pitch_candidate_not_verified_note
radio_amor_07,34,Bb1,212.5,2.0,0.598,machine_pitch_candidate_not_verified_note
radio_amor_07,27,Eb1,213.0,2.0,0.833,machine_pitch_candidate_not_verified_note
radio_amor_07,31,G1,213.5,2.0,0.45,machine_pitch_candidate_not_verified_note
radio_amor_07,25,C#1,214.0,1.5,0.573,machine_pitch_candidate_not_verified_note
radio_amor_07,65,F4,215.5,1.5,0.814,machine_pitch_candidate_not_verified_note
radio_amor_07,61,C#4,216.0,1.5,0.694,machine_pitch_candidate_not_verified_note
radio_amor_07,27,Eb1,216.5,3.0,0.384,machine_pitch_candidate_not_verified_note
radio_amor_07,28,E1,216.5,1.5,0.455,machine_pitch_candidate_not_verified_note
radio_amor_07,31,G1,216.5,4.0,0.831,machine_pitch_candidate_not_verified_note
radio_amor_07,32,Ab1,216.5,1.5,0.569,machine_pitch_candidate_not_verified_note
radio_amor_07,34,Bb1,216.5,2.5,0.729,machine_pitch_candidate_not_verified_note
radio_amor_07,25,C#1,217.0,1.5,0.547,machine_pitch_candidate_not_verified_note
radio_amor_07,35,B1,217.0,1.5,0.472,machine_pitch_candidate_not_verified_note
radio_amor_07,29,F1,219.0,1.5,0.523,machine_pitch_candidate_not_verified_note
radio_amor_07,33,A1,219.0,2.5,0.952,machine_pitch_candidate_not_verified_note
radio_amor_07,56,Ab3,219.0,2.0,0.598,machine_pitch_candidate_not_verified_note
radio_amor_07,25,C#1,219.5,1.5,0.89,machine_pitch_candidate_not_verified_note
radio_amor_07,30,F#1,220.0,1.5,0.508,machine_pitch_candidate_not_verified_note
radio_amor_07,36,C2,220.0,2.5,0.528,machine_pitch_candidate_not_verified_note
radio_amor_07,27,Eb1,221.0,1.5,0.639,machine_pitch_candidate_not_verified_note
radio_amor_07,34,Bb1,221.0,2.0,0.69,machine_pitch_candidate_not_verified_note
radio_amor_07,53,F3,221.0,1.5,0.367,machine_pitch_candidate_not_verified_note
radio_amor_07,67,G4,221.5,2.0,0.577,machine_pitch_candidate_not_verified_note
radio_amor_07,32,Ab1,222.0,2.0,0.83,machine_pitch_candidate_not_verified_note
radio_amor_07,25,C#1,223.0,1.5,0.556,machine_pitch_candidate_not_verified_note
radio_amor_07,28,E1,223.0,1.5,0.353,machine_pitch_candidate_not_verified_note
radio_amor_07,30,F#1,223.0,3.0,0.695,machine_pitch_candidate_not_verified_note
radio_amor_07,55,G3,223.0,2.0,0.752,machine_pitch_candidate_not_verified_note
radio_amor_07,58,Bb3,223.0,1.5,0.811,machine_pitch_candidate_not_verified_note
radio_amor_07,62,D4,223.0,1.5,0.853,machine_pitch_candidate_not_verified_note
radio_amor_07,38,D2,224.0,1.5,0.331,machine_pitch_candidate_not_verified_note
radio_amor_07,26,D1,224.5,1.5,0.334,machine_pitch_candidate_not_verified_note
radio_amor_07,25,C#1,225.0,3.5,0.791,machine_pitch_candidate_not_verified_note
radio_amor_07,28,E1,225.5,1.5,0.779,machine_pitch_candidate_not_verified_note
radio_amor_07,32,Ab1,225.5,3.0,0.528,machine_pitch_candidate_not_verified_note
radio_amor_07,27,Eb1,227.0,1.5,0.763,machine_pitch_candidate_not_verified_note
radio_amor_07,34,Bb1,228.0,1.5,0.587,machine_pitch_candidate_not_verified_note
radio_amor_07,58,Bb3,228.5,2.5,0.641,machine_pitch_candidate_not_verified_note
radio_amor_07,65,F4,228.5,2.5,0.776,machine_pitch_candidate_not_verified_note
radio_amor_07,26,D1,230.0,2.0,0.826,machine_pitch_candidate_not_verified_note
radio_amor_07,53,F3,230.0,1.5,0.608,machine_pitch_candidate_not_verified_note
radio_amor_07,28,E1,230.5,3.5,0.56,machine_pitch_candidate_not_verified_note
radio_amor_07,32,Ab1,231.5,1.5,0.624,machine_pitch_candidate_not_verified_note
radio_amor_07,30,F#1,232.0,1.5,0.943,machine_pitch_candidate_not_verified_note
radio_amor_07,27,Eb1,233.5,1.5,0.614,machine_pitch_candidate_not_verified_note
radio_amor_07,58,Bb3,233.5,13.0,0.768,machine_pitch_candidate_not_verified_note
radio_amor_07,48,C3,234.5,2.5,0.422,machine_pitch_candidate_not_verified_note
radio_amor_07,55,G3,234.5,2.5,0.872,machine_pitch_candidate_not_verified_note
radio_amor_07,62,D4,234.5,1.5,0.589,machine_pitch_candidate_not_verified_note
radio_amor_07,27,Eb1,239.5,1.5,0.351,machine_pitch_candidate_not_verified_note
radio_amor_07,26,D1,240.0,3.0,0.933,machine_pitch_candidate_not_verified_note
radio_amor_07,33,A1,240.5,1.5,0.367,machine_pitch_candidate_not_verified_note
radio_amor_07,31,G1,241.0,1.5,0.649,machine_pitch_candidate_not_verified_note
radio_amor_07,25,C#1,242.5,2.5,0.703,machine_pitch_candidate_not_verified_note
radio_amor_07,28,E1,243.0,2.5,0.719,machine_pitch_candidate_not_verified_note
radio_amor_07,31,G1,243.0,2.0,0.568,machine_pitch_candidate_not_verified_note
radio_amor_07,61,C#4,244.5,2.0,0.907,machine_pitch_candidate_not_verified_note
radio_amor_07,65,F4,244.5,2.0,0.602,machine_pitch_candidate_not_verified_note
radio_amor_07,29,F1,245.0,1.5,0.41,machine_pitch_candidate_not_verified_note
radio_amor_07,30,F#1,245.0,2.5,0.641,machine_pitch_candidate_not_verified_note
radio_amor_07,26,D1,246.5,2.0,0.589,machine_pitch_candidate_not_verified_note
radio_amor_07,56,Ab3,246.5,2.5,0.704,machine_pitch_candidate_not_verified_note
radio_amor_07,60,C4,246.5,1.5,0.835,machine_pitch_candidate_not_verified_note
radio_amor_07,29,F1,247.0,2.0,0.594,machine_pitch_candidate_not_verified_note
radio_amor_07,34,Bb1,247.0,2.0,0.561,machine_pitch_candidate_not_verified_note
radio_amor_07,25,C#1,247.5,1.5,0.888,machine_pitch_candidate_not_verified_note
radio_amor_07,53,F3,248.5,2.0,0.304,machine_pitch_candidate_not_verified_note
radio_amor_07,60,C4,249.0,2.0,0.862,machine_pitch_candidate_not_verified_note
radio_amor_07,63,Eb4,249.0,2.0,0.746,machine_pitch_candidate_not_verified_note
radio_amor_07,67,G4,249.0,1.5,0.809,machine_pitch_candidate_not_verified_note
radio_amor_07,28,E1,250.5,1.5,0.55,machine_pitch_candidate_not_verified_note
radio_amor_07,48,C3,250.5,1.5,0.873,machine_pitch_candidate_not_verified_note
radio_amor_07,55,G3,250.5,2.5,0.733,machine_pitch_candidate_not_verified_note
radio_amor_07,62,D4,250.5,1.5,0.532,machine_pitch_candidate_not_verified_note
radio_amor_07,30,F#1,251.0,4.5,0.579,machine_pitch_candidate_not_verified_note
radio_amor_07,58,Bb3,251.0,2.5,0.811,machine_pitch_candidate_not_verified_note
radio_amor_07,24,C1,252.0,1.5,0.685,machine_pitch_candidate_not_verified_note
radio_amor_07,32,Ab1,252.0,1.5,0.693,machine_pitch_candidate_not_verified_note
radio_amor_07,33,A1,252.0,2.5,0.559,machine_pitch_candidate_not_verified_note
radio_amor_07,26,D1,252.5,1.5,0.821,machine_pitch_candidate_not_verified_note
radio_amor_07,25,C#1,254.0,1.5,0.831,machine_pitch_candidate_not_verified_note
radio_amor_07,26,D1,254.5,1.5,0.554,machine_pitch_candidate_not_verified_note
radio_amor_07,34,Bb1,255.0,2.0,0.685,machine_pitch_candidate_not_verified_note
radio_amor_07,27,Eb1,255.5,2.5,0.896,machine_pitch_candidate_not_verified_note
radio_amor_07,25,C#1,256.5,2.5,0.642,machine_pitch_candidate_not_verified_note
radio_amor_07,30,F#1,256.5,2.5,0.742,machine_pitch_candidate_not_verified_note
radio_amor_07,29,F1,257.0,2.0,0.384,machine_pitch_candidate_not_verified_note
radio_amor_07,33,A1,257.0,1.5,0.456,machine_pitch_candidate_not_verified_note
radio_amor_07,31,G1,258.5,4.5,0.831,machine_pitch_candidate_not_verified_note
radio_amor_07,27,Eb1,259.0,3.5,0.486,machine_pitch_candidate_not_verified_note
radio_amor_07,28,E1,259.0,1.5,0.401,machine_pitch_candidate_not_verified_note
radio_amor_07,34,Bb1,259.0,2.5,0.673,machine_pitch_candidate_not_verified_note
radio_amor_07,32,Ab1,259.5,1.5,0.457,machine_pitch_candidate_not_verified_note
radio_amor_07,35,B1,259.5,1.5,0.608,machine_pitch_candidate_not_verified_note
radio_amor_07,29,F1,261.5,1.5,0.571,machine_pitch_candidate_not_verified_note
radio_amor_07,33,A1,261.5,2.5,0.861,machine_pitch_candidate_not_verified_note
radio_amor_07,25,C#1,262.0,1.5,1.0,machine_pitch_candidate_not_verified_note
radio_amor_07,30,F#1,262.5,1.5,0.703,machine_pitch_candidate_not_verified_note
radio_amor_07,36,C2,263.0,2.0,0.694,machine_pitch_candidate_not_verified_note
radio_amor_07,27,Eb1,263.5,1.5,0.63,machine_pitch_candidate_not_verified_note
radio_amor_07,34,Bb1,263.5,2.0,0.769,machine_pitch_candidate_not_verified_note
radio_amor_07,28,E1,264.5,2.0,0.328,machine_pitch_candidate_not_verified_note
radio_amor_07,32,Ab1,264.5,2.5,0.867,machine_pitch_candidate_not_verified_note
radio_amor_07,30,F#1,265.0,1.5,0.467,machine_pitch_candidate_not_verified_note
radio_amor_07,26,D1,267.0,3.5,0.426,machine_pitch_candidate_not_verified_note
radio_amor_07,30,F#1,267.0,1.5,0.839,machine_pitch_candidate_not_verified_note
radio_amor_07,25,C#1,267.5,5.0,0.845,machine_pitch_candidate_not_verified_note
radio_amor_07,29,F1,268.0,1.5,0.393,machine_pitch_candidate_not_verified_note
radio_amor_07,32,Ab1,268.0,2.0,0.604,machine_pitch_candidate_not_verified_note
radio_amor_07,35,B1,269.0,2.5,0.394,machine_pitch_candidate_not_verified_note
radio_amor_07,27,Eb1,269.5,2.5,0.805,machine_pitch_candidate_not_verified_note
radio_amor_07,29,F1,270.0,3.0,0.708,machine_pitch_candidate_not_verified_note
radio_amor_07,33,A1,270.0,2.5,0.518,machine_pitch_candidate_not_verified_note
radio_amor_07,31,G1,270.5,1.5,0.401,machine_pitch_candidate_not_verified_note
radio_amor_07,32,Ab1,270.5,1.5,0.46,machine_pitch_candidate_not_verified_note
radio_amor_07,34,Bb1,270.5,1.5,0.741,machine_pitch_candidate_not_verified_note
radio_amor_07,26,D1,271.0,4.0,0.581,machine_pitch_candidate_not_verified_note
radio_amor_07,28,E1,273.0,3.5,0.436,machine_pitch_candidate_not_verified_note
radio_amor_07,30,F#1,274.5,2.0,1.0,machine_pitch_candidate_not_verified_note
radio_amor_07,28,E1,277.5,3.5,0.837,machine_pitch_candidate_not_verified_note
radio_amor_07,29,F1,277.5,2.0,0.726,machine_pitch_candidate_not_verified_note
radio_amor_07,25,C#1,278.5,2.0,0.625,machine_pitch_candidate_not_verified_note
radio_amor_07,27,Eb1,279.0,2.0,0.592,machine_pitch_candidate_not_verified_note
radio_amor_07,31,G1,279.5,2.5,0.617,machine_pitch_candidate_not_verified_note
radio_amor_07,26,D1,280.0,3.0,0.84,machine_pitch_candidate_not_verified_note
radio_amor_07,33,A1,280.5,1.5,0.812,machine_pitch_candidate_not_verified_note
radio_amor_07,25,C#1,282.5,2.5,0.689,machine_pitch_candidate_not_verified_note
radio_amor_07,31,G1,283.0,2.0,0.413,machine_pitch_candidate_not_verified_note
radio_amor_07,28,E1,283.5,2.0,0.807,machine_pitch_candidate_not_verified_note
radio_amor_07,29,F1,284.5,4.0,0.638,machine_pitch_candidate_not_verified_note
radio_amor_07,30,F#1,285.0,2.5,0.866,machine_pitch_candidate_not_verified_note
radio_amor_07,26,D1,286.0,2.5,0.807,machine_pitch_candidate_not_verified_note
radio_amor_07,25,C#1,286.5,2.0,0.764,machine_pitch_candidate_not_verified_note
radio_amor_07,34,Bb1,287.0,2.0,0.553,machine_pitch_candidate_not_verified_note
radio_amor_07,28,E1,288.5,3.5,0.713,machine_pitch_candidate_not_verified_note
radio_amor_07,29,F1,289.5,1.5,0.885,machine_pitch_candidate_not_verified_note
radio_amor_07,30,F#1,289.5,6.0,0.678,machine_pitch_candidate_not_verified_note
radio_amor_07,32,Ab1,291.0,2.5,0.522,machine_pitch_candidate_not_verified_note
radio_amor_07,24,C1,292.0,1.5,0.787,machine_pitch_candidate_not_verified_note
radio_amor_07,25,C#1,292.0,1.5,0.469,machine_pitch_candidate_not_verified_note
radio_amor_07,26,D1,292.0,2.0,0.603,machine_pitch_candidate_not_verified_note
radio_amor_07,28,E1,292.5,1.5,0.452,machine_pitch_candidate_not_verified_note
radio_amor_07,33,A1,293.0,1.5,0.646,machine_pitch_candidate_not_verified_note
radio_amor_07,26,D1,294.5,1.5,0.561,machine_pitch_candidate_not_verified_note
radio_amor_07,34,Bb1,295.0,2.0,0.628,machine_pitch_candidate_not_verified_note
radio_amor_07,27,Eb1,295.5,2.5,0.806,machine_pitch_candidate_not_verified_note
radio_amor_07,25,C#1,296.5,2.5,0.891,machine_pitch_candidate_not_verified_note
radio_amor_07,30,F#1,297.0,2.0,0.687,machine_pitch_candidate_not_verified_note
radio_amor_07,33,A1,297.5,1.5,0.561,machine_pitch_candidate_not_verified_note
radio_amor_07,31,G1,298.5,5.0,0.688,machine_pitch_candidate_not_verified_note
radio_amor_07,34,Bb1,298.5,3.0,0.779,machine_pitch_candidate_not_verified_note
radio_amor_07,27,Eb1,299.0,3.0,0.355,machine_pitch_candidate_not_verified_note
radio_amor_07,32,Ab1,299.0,2.0,0.52,machine_pitch_candidate_not_verified_note
radio_amor_07,35,B1,299.5,1.5,0.517,machine_pitch_candidate_not_verified_note
radio_amor_07,29,F1,301.5,1.5,0.551,machine_pitch_candidate_not_verified_note
radio_amor_07,33,A1,301.5,3.0,0.817,machine_pitch_candidate_not_verified_note
radio_amor_07,25,C#1,302.0,1.5,0.927,machine_pitch_candidate_not_verified_note
radio_amor_07,30,F#1,302.0,2.0,0.504,machine_pitch_candidate_not_verified_note
radio_amor_07,26,D1,302.5,1.5,0.385,machine_pitch_candidate_not_verified_note
radio_amor_07,27,Eb1,303.0,2.0,0.537,machine_pitch_candidate_not_verified_note
radio_amor_07,36,C2,303.0,1.5,0.984,machine_pitch_candidate_not_verified_note
radio_amor_07,34,Bb1,303.5,2.5,0.584,machine_pitch_candidate_not_verified_note
radio_amor_07,32,Ab1,304.5,2.0,1.0,machine_pitch_candidate_not_verified_note
radio_amor_07,25,C#1,305.5,1.5,0.675,machine_pitch_candidate_not_verified_note
radio_amor_07,30,F#1,305.5,3.0,0.732,machine_pitch_candidate_not_verified_note
radio_amor_07,25,C#1,307.5,3.81,0.786,machine_pitch_candidate_not_verified_note
radio_amor_07,26,D1,307.5,2.5,0.579,machine_pitch_candidate_not_verified_note
radio_amor_07,28,E1,308.0,2.0,0.817,machine_pitch_candidate_not_verified_note
radio_amor_07,32,Ab1,308.0,2.0,0.739,machine_pitch_candidate_not_verified_note
radio_amor_08,25,C#1,0.5,1.5,0.718,machine_pitch_candidate_not_verified_note
radio_amor_08,29,F1,1.0,1.5,0.469,machine_pitch_candidate_not_verified_note
radio_amor_08,26,D1,1.5,1.5,0.932,machine_pitch_candidate_not_verified_note
radio_amor_08,31,G1,1.5,3.0,0.637,machine_pitch_candidate_not_verified_note
radio_amor_08,25,C#1,2.5,2.5,0.712,machine_pitch_candidate_not_verified_note
radio_amor_08,28,E1,3.0,2.0,0.896,machine_pitch_candidate_not_verified_note
radio_amor_08,26,D1,4.0,1.5,0.497,machine_pitch_candidate_not_verified_note
radio_amor_08,30,F#1,5.0,2.5,1.0,machine_pitch_candidate_not_verified_note
radio_amor_08,26,D1,6.0,2.5,0.596,machine_pitch_candidate_not_verified_note
radio_amor_08,25,C#1,7.0,1.5,0.979,machine_pitch_candidate_not_verified_note
radio_amor_08,29,F1,7.0,3.5,0.526,machine_pitch_candidate_not_verified_note
radio_amor_08,68,Ab4,7.5,6.5,0.595,machine_pitch_candidate_not_verified_note
radio_amor_08,72,C5,8.5,2.5,0.335,machine_pitch_candidate_not_verified_note
radio_amor_08,80,Ab5,8.5,2.0,0.691,machine_pitch_candidate_not_verified_note
radio_amor_08,27,Eb1,9.0,3.0,0.929,machine_pitch_candidate_not_verified_note
radio_amor_08,30,F#1,9.0,6.5,0.671,machine_pitch_candidate_not_verified_note
radio_amor_08,35,B1,9.5,2.0,0.571,machine_pitch_candidate_not_verified_note
radio_amor_08,28,E1,10.5,2.0,0.706,machine_pitch_candidate_not_verified_note
radio_amor_08,31,G1,10.5,1.5,0.678,machine_pitch_candidate_not_verified_note
radio_amor_08,26,D1,11.0,2.5,0.794,machine_pitch_candidate_not_verified_note
radio_amor_08,78,F#5,11.0,1.5,0.614,machine_pitch_candidate_not_verified_note
radio_amor_08,24,C1,12.0,1.5,0.735,machine_pitch_candidate_not_verified_note
radio_amor_08,25,C#1,12.0,3.0,0.728,machine_pitch_candidate_not_verified_note
radio_amor_08,27,Eb1,13.0,2.0,0.473,machine_pitch_candidate_not_verified_note
radio_amor_08,78,F#5,13.0,1.5,0.635,machine_pitch_candidate_not_verified_note
radio_amor_08,33,A1,13.5,1.5,0.531,machine_pitch_candidate_not_verified_note
radio_amor_08,34,Bb1,13.5,3.0,0.579,machine_pitch_candidate_not_verified_note
radio_amor_08,38,D2,13.5,1.5,0.71,machine_pitch_candidate_not_verified_note
radio_amor_08,26,D1,14.0,1.5,0.544,machine_pitch_candidate_not_verified_note
radio_amor_08,32,Ab1,14.0,2.0,0.855,machine_pitch_candidate_not_verified_note
radio_amor_08,28,E1,15.0,1.5,0.484,machine_pitch_candidate_not_verified_note
radio_amor_08,31,G1,15.5,1.5,0.578,machine_pitch_candidate_not_verified_note
radio_amor_08,33,A1,15.5,2.5,0.812,machine_pitch_candidate_not_verified_note
radio_amor_08,27,Eb1,16.0,2.0,0.703,machine_pitch_candidate_not_verified_note
radio_amor_08,25,C#1,17.5,3.0,0.746,machine_pitch_candidate_not_verified_note
radio_amor_08,73,C#5,17.5,4.0,0.762,machine_pitch_candidate_not_verified_note
radio_amor_08,77,F5,18.0,2.5,0.55,machine_pitch_candidate_not_verified_note
radio_amor_08,34,Bb1,18.5,2.5,0.638,machine_pitch_candidate_not_verified_note
radio_amor_08,28,E1,19.0,5.0,0.614,machine_pitch_candidate_not_verified_note
radio_amor_08,32,Ab1,19.0,1.5,0.589,machine_pitch_candidate_not_verified_note
radio_amor_08,26,D1,19.5,2.0,0.76,machine_pitch_candidate_not_verified_note
radio_amor_08,31,G1,19.5,2.0,0.652,machine_pitch_candidate_not_verified_note
radio_amor_08,35,B1,20.0,1.5,0.464,machine_pitch_candidate_not_verified_note
radio_amor_08,80,Ab5,20.0,1.5,0.411,machine_pitch_candidate_not_verified_note
radio_amor_08,37,C#2,20.5,1.5,0.452,machine_pitch_candidate_not_verified_note
radio_amor_08,29,F1,21.0,1.5,0.702,machine_pitch_candidate_not_verified_note
radio_amor_08,32,Ab1,21.0,1.5,1.0,machine_pitch_candidate_not_verified_note
radio_amor_08,68,Ab4,21.0,1.5,0.773,machine_pitch_candidate_not_verified_note
radio_amor_08,42,F#2,21.5,1.5,0.662,machine_pitch_candidate_not_verified_note
radio_amor_08,33,A1,22.5,1.5,0.376,machine_pitch_candidate_not_verified_note
radio_amor_08,32,Ab1,23.0,3.0,0.74,machine_pitch_candidate_not_verified_note
radio_amor_08,35,B1,23.5,1.5,0.602,machine_pitch_candidate_not_verified_note
radio_amor_08,30,F#1,24.0,1.5,0.374,machine_pitch_candidate_not_verified_note
radio_amor_08,34,Bb1,24.5,3.0,0.497,machine_pitch_candidate_not_verified_note
radio_amor_08,73,C#5,25.0,41.0,0.882,machine_pitch_candidate_not_verified_note
radio_amor_08,25,C#1,26.0,5.0,0.777,machine_pitch_candidate_not_verified_note
radio_amor_08,39,Eb2,26.0,2.0,0.519,machine_pitch_candidate_not_verified_note
radio_amor_08,66,F#4,26.0,1.5,0.483,machine_pitch_candidate_not_verified_note
radio_amor_08,30,F#1,26.5,1.5,0.58,machine_pitch_candidate_not_verified_note
radio_amor_08,28,E1,27.5,1.5,0.686,machine_pitch_candidate_not_verified_note
radio_amor_08,31,G1,28.0,2.0,0.859,machine_pitch_candidate_not_verified_note
radio_amor_08,80,Ab5,28.0,2.0,0.418,machine_pitch_candidate_not_verified_note
radio_amor_08,27,Eb1,28.5,2.5,0.598,machine_pitch_candidate_not_verified_note
radio_amor_08,77,F5,28.5,2.5,0.499,machine_pitch_candidate_not_verified_note
radio_amor_08,34,Bb1,29.0,3.0,0.762,machine_pitch_candidate_not_verified_note
radio_amor_08,68,Ab4,29.0,2.5,0.458,machine_pitch_candidate_not_verified_note
radio_amor_08,29,F1,30.0,2.0,0.568,machine_pitch_candidate_not_verified_note
radio_amor_08,32,Ab1,30.5,1.5,0.29,machine_pitch_candidate_not_verified_note
radio_amor_08,35,B1,31.0,3.5,0.491,machine_pitch_candidate_not_verified_note
radio_amor_08,25,C#1,31.5,1.5,0.793,machine_pitch_candidate_not_verified_note
radio_amor_08,65,F4,33.0,2.5,0.434,machine_pitch_candidate_not_verified_note
radio_amor_08,36,C2,34.0,1.5,0.552,machine_pitch_candidate_not_verified_note
radio_amor_08,66,F#4,34.0,28.5,0.799,machine_pitch_candidate_not_verified_note
radio_amor_08,77,F5,34.0,28.5,0.614,machine_pitch_candidate_not_verified_note
radio_amor_08,26,D1,34.5,1.5,0.588,machine_pitch_candidate_not_verified_note
radio_amor_08,33,A1,34.5,3.0,0.726,machine_pitch_candidate_not_verified_note
radio_amor_08,68,Ab4,34.5,2.5,0.502,machine_pitch_candidate_not_verified_note
radio_amor_08,70,Bb4,35.0,17.0,0.608,machine_pitch_candidate_not_verified_note
radio_amor_08,42,F#2,36.0,1.5,0.391,machine_pitch_candidate_not_verified_note
radio_amor_08,63,Eb4,36.0,2.5,0.56,machine_pitch_candidate_not_verified_note
radio_amor_08,32,Ab1,37.0,2.5,0.549,machine_pitch_candidate_not_verified_note
radio_amor_08,33,A1,40.0,2.0,0.382,machine_pitch_candidate_not_verified_note
radio_amor_08,63,Eb4,40.0,2.0,0.537,machine_pitch_candidate_not_verified_note
radio_amor_08,63,Eb4,44.0,2.0,0.56,machine_pitch_candidate_not_verified_note
radio_amor_08,63,Eb4,48.0,1.5,0.428,machine_pitch_candidate_not_verified_note
radio_amor_08,25,C#1,49.5,1.5,0.425,machine_pitch_candidate_not_verified_note
radio_amor_08,70,Bb4,53.0,9.5,0.601,machine_pitch_candidate_not_verified_note
radio_amor_08,32,Ab1,54.5,1.5,0.602,machine_pitch_candidate_not_verified_note
radio_amor_08,35,B1,54.5,1.5,0.334,machine_pitch_candidate_not_verified_note
radio_amor_08,35,B1,57.0,1.5,0.386,machine_pitch_candidate_not_verified_note
radio_amor_08,39,Eb2,59.0,2.0,0.388,machine_pitch_candidate_not_verified_note
radio_amor_08,32,Ab1,60.5,1.5,0.401,machine_pitch_candidate_not_verified_note
radio_amor_08,36,C2,60.5,1.5,0.53,machine_pitch_candidate_not_verified_note
radio_amor_08,32,Ab1,62.5,3.0,0.764,machine_pitch_candidate_not_verified_note
radio_amor_08,33,A1,63.0,1.5,0.664,machine_pitch_candidate_not_verified_note
radio_amor_08,77,F5,63.0,3.0,0.528,machine_pitch_candidate_not_verified_note
radio_amor_08,30,F#1,63.5,1.5,0.384,machine_pitch_candidate_not_verified_note
radio_amor_08,39,Eb2,63.5,2.0,0.418,machine_pitch_candidate_not_verified_note
radio_amor_08,66,F#4,63.5,3.0,0.723,machine_pitch_candidate_not_verified_note
radio_amor_08,70,Bb4,63.5,2.5,0.574,machine_pitch_candidate_not_verified_note
radio_amor_08,35,B1,64.0,2.0,0.345,machine_pitch_candidate_not_verified_note
radio_amor_08,28,E1,66.0,2.5,0.697,machine_pitch_candidate_not_verified_note
radio_amor_08,61,C#4,66.5,3.0,0.851,machine_pitch_candidate_not_verified_note
radio_amor_08,25,C#1,67.5,1.5,0.834,machine_pitch_candidate_not_verified_note
radio_amor_08,58,Bb3,67.5,2.0,0.417,machine_pitch_candidate_not_verified_note
radio_amor_08,30,F#1,68.0,1.5,0.509,machine_pitch_candidate_not_verified_note
radio_amor_08,73,C#5,68.0,6.0,0.857,machine_pitch_candidate_not_verified_note
radio_amor_08,77,F5,68.0,5.0,0.706,machine_pitch_candidate_not_verified_note
radio_amor_08,85,C#6,68.0,3.0,0.711,machine_pitch_candidate_not_verified_note
radio_amor_08,39,Eb2,68.5,2.5,0.749,machine_pitch_candidate_not_verified_note
radio_amor_08,29,F1,69.5,1.5,0.44,machine_pitch_candidate_not_verified_note
radio_amor_08,32,Ab1,69.5,1.5,0.495,machine_pitch_candidate_not_verified_note
radio_amor_08,70,Bb4,69.5,2.5,0.552,machine_pitch_candidate_not_verified_note
radio_amor_08,27,Eb1,70.5,2.0,0.637,machine_pitch_candidate_not_verified_note
radio_amor_08,37,C#2,71.0,1.5,0.303,machine_pitch_candidate_not_verified_note
radio_amor_08,68,Ab4,72.5,6.5,0.927,machine_pitch_candidate_not_verified_note
radio_amor_08,72,C5,73.0,6.0,0.57,machine_pitch_candidate_not_verified_note
radio_amor_08,34,Bb1,73.5,4.0,0.379,machine_pitch_candidate_not_verified_note
radio_amor_08,32,Ab1,76.0,1.5,0.845,machine_pitch_candidate_not_verified_note
radio_amor_08,37,C#2,76.0,1.5,0.347,machine_pitch_candidate_not_verified_note
radio_amor_08,27,Eb1,76.5,1.5,0.41,machine_pitch_candidate_not_verified_note
radio_amor_08,53,F3,77.0,1.5,0.359,machine_pitch_candidate_not_verified_note
radio_amor_08,28,E1,78.5,1.5,0.393,machine_pitch_candidate_not_verified_note
radio_amor_08,75,Eb5,78.5,1.5,0.649,machine_pitch_candidate_not_verified_note
radio_amor_08,61,C#4,79.0,3.0,0.742,machine_pitch_candidate_not_verified_note
radio_amor_08,65,F4,79.0,2.5,0.388,machine_pitch_candidate_not_verified_note
radio_amor_08,27,Eb1,80.0,2.0,0.656,machine_pitch_candidate_not_verified_note
radio_amor_08,30,F#1,80.0,1.5,0.494,machine_pitch_candidate_not_verified_note
radio_amor_08,34,Bb1,80.5,1.5,0.331,machine_pitch_candidate_not_verified_note
radio_amor_08,82,Bb5,81.0,5.0,0.631,machine_pitch_candidate_not_verified_note
radio_amor_08,28,E1,81.5,1.5,0.662,machine_pitch_candidate_not_verified_note
radio_amor_08,73,C#5,82.0,2.0,0.797,machine_pitch_candidate_not_verified_note
radio_amor_08,78,F#5,82.0,1.5,0.916,machine_pitch_candidate_not_verified_note
radio_amor_08,66,F#4,82.5,4.5,0.667,machine_pitch_candidate_not_verified_note
radio_amor_08,27,Eb1,83.0,3.0,0.695,machine_pitch_candidate_not_verified_note
radio_amor_08,25,C#1,84.5,2.0,0.838,machine_pitch_candidate_not_verified_note
radio_amor_08,28,E1,87.0,2.5,0.715,machine_pitch_candidate_not_verified_note
radio_amor_08,68,Ab4,87.0,1.5,0.96,machine_pitch_candidate_not_verified_note
radio_amor_08,39,Eb2,88.0,1.5,0.362,machine_pitch_candidate_not_verified_note
radio_amor_08,34,Bb1,88.5,1.5,0.773,machine_pitch_candidate_not_verified_note
radio_amor_08,61,C#4,89.0,3.0,0.892,machine_pitch_candidate_not_verified_note
radio_amor_08,26,D1,89.5,1.5,0.619,machine_pitch_candidate_not_verified_note
radio_amor_08,30,F#1,89.5,2.0,0.421,machine_pitch_candidate_not_verified_note
radio_amor_08,65,F4,89.5,2.5,0.375,machine_pitch_candidate_not_verified_note
radio_amor_08,27,Eb1,90.0,2.0,0.645,machine_pitch_candidate_not_verified_note
radio_amor_08,73,C#5,90.0,4.0,0.64,machine_pitch_candidate_not_verified_note
radio_amor_08,77,F5,90.0,2.5,0.574,machine_pitch_candidate_not_verified_note
radio_amor_08,33,A1,91.5,1.5,0.648,machine_pitch_candidate_not_verified_note
radio_amor_08,82,Bb5,91.5,3.5,0.481,machine_pitch_candidate_not_verified_note
radio_amor_08,39,Eb2,92.0,1.5,0.372,machine_pitch_candidate_not_verified_note
radio_amor_08,78,F#5,92.0,3.0,0.883,machine_pitch_candidate_not_verified_note
radio_amor_08,27,Eb1,93.0,1.5,0.545,machine_pitch_candidate_not_verified_note
radio_amor_08,66,F#4,93.0,4.0,0.776,machine_pitch_candidate_not_verified_note
radio_amor_08,29,F1,93.5,4.5,0.685,machine_pitch_candidate_not_verified_note
radio_amor_08,63,Eb4,93.5,2.0,0.543,machine_pitch_candidate_not_verified_note
radio_amor_08,40,E2,94.0,1.5,0.371,machine_pitch_candidate_not_verified_note
radio_amor_08,70,Bb4,94.0,1.5,0.577,machine_pitch_candidate_not_verified_note
radio_amor_08,26,D1,95.0,1.5,0.426,machine_pitch_candidate_not_verified_note
radio_amor_08,25,C#1,95.5,2.5,0.658,machine_pitch_candidate_not_verified_note
radio_amor_08,32,Ab1,96.0,1.5,0.479,machine_pitch_candidate_not_verified_note
radio_amor_08,38,D2,96.0,1.5,0.613,machine_pitch_candidate_not_verified_note
radio_amor_08,68,Ab4,96.0,2.0,0.486,machine_pitch_candidate_not_verified_note
radio_amor_08,78,F#5,96.5,2.5,0.542,machine_pitch_candidate_not_verified_note
radio_amor_08,82,Bb5,96.5,1.5,0.78,machine_pitch_candidate_not_verified_note
radio_amor_08,27,Eb1,97.5,1.5,0.776,machine_pitch_candidate_not_verified_note
radio_amor_08,26,D1,99.0,1.5,0.491,machine_pitch_candidate_not_verified_note
radio_amor_08,34,Bb1,99.0,1.5,0.919,machine_pitch_candidate_not_verified_note
radio_amor_08,61,C#4,99.0,3.5,0.628,machine_pitch_candidate_not_verified_note
radio_amor_08,73,C#5,99.0,19.5,0.916,machine_pitch_candidate_not_verified_note
radio_amor_08,28,E1,100.5,2.0,0.395,machine_pitch_candidate_not_verified_note
radio_amor_08,58,Bb3,101.0,1.5,0.352,machine_pitch_candidate_not_verified_note
radio_amor_08,35,B1,101.5,1.5,0.846,machine_pitch_candidate_not_verified_note
radio_amor_08,39,Eb2,101.5,1.5,0.61,machine_pitch_candidate_not_verified_note
radio_amor_08,42,F#2,101.5,1.5,0.435,machine_pitch_candidate_not_verified_note
radio_amor_08,25,C#1,103.0,2.0,0.613,machine_pitch_candidate_not_verified_note
radio_amor_08,58,Bb3,103.0,1.5,0.552,machine_pitch_candidate_not_verified_note
radio_amor_08,61,C#4,103.0,3.5,0.587,machine_pitch_candidate_not_verified_note
radio_amor_08,77,F5,103.0,2.5,0.633,machine_pitch_candidate_not_verified_note
radio_amor_08,39,Eb2,103.5,3.0,0.476,machine_pitch_candidate_not_verified_note
radio_amor_08,30,F#1,105.0,1.5,0.474,machine_pitch_candidate_not_verified_note
radio_amor_08,77,F5,106.0,2.5,0.424,machine_pitch_candidate_not_verified_note
radio_amor_08,38,D2,106.5,2.0,0.352,machine_pitch_candidate_not_verified_note
radio_amor_08,58,Bb3,107.0,1.5,0.364,machine_pitch_candidate_not_verified_note
radio_amor_08,61,C#4,107.0,1.5,0.503,machine_pitch_candidate_not_verified_note
radio_amor_08,35,B1,108.0,2.5,0.408,machine_pitch_candidate_not_verified_note
radio_amor_08,39,Eb2,108.0,2.5,0.608,machine_pitch_candidate_not_verified_note
radio_amor_08,61,C#4,109.0,1.5,0.465,machine_pitch_candidate_not_verified_note
radio_amor_08,77,F5,109.0,9.5,0.524,machine_pitch_candidate_not_verified_note
radio_amor_08,27,Eb1,110.5,1.5,0.458,machine_pitch_candidate_not_verified_note
radio_amor_08,61,C#4,111.0,1.5,0.441,machine_pitch_candidate_not_verified_note
radio_amor_08,25,C#1,113.0,1.5,0.592,machine_pitch_candidate_not_verified_note
radio_amor_08,61,C#4,113.0,1.5,0.537,machine_pitch_candidate_not_verified_note
radio_amor_08,28,E1,117.0,2.5,0.641,machine_pitch_candidate_not_verified_note
radio_amor_08,27,Eb1,117.5,1.5,0.365,machine_pitch_candidate_not_verified_note
radio_amor_08,82,Bb5,117.5,1.5,0.467,machine_pitch_candidate_not_verified_note
radio_amor_08,25,C#1,118.0,3.5,0.704,machine_pitch_candidate_not_verified_note
radio_amor_08,70,Bb4,118.0,1.5,0.463,machine_pitch_candidate_not_verified_note
radio_amor_08,78,F#5,118.0,3.0,0.766,machine_pitch_candidate_not_verified_note
radio_amor_08,33,A1,119.5,2.0,0.688,machine_pitch_candidate_not_verified_note
radio_amor_08,82,Bb5,119.5,1.5,0.315,machine_pitch_candidate_not_verified_note
radio_amor_08,27,Eb1,120.0,2.0,0.418,machine_pitch_candidate_not_verified_note
radio_amor_08,66,F#4,120.5,5.5,0.774,machine_pitch_candidate_not_verified_note
radio_amor_08,70,Bb4,121.0,1.5,0.462,machine_pitch_candidate_not_verified_note
radio_amor_08,36,C2,122.0,2.0,0.461,machine_pitch_candidate_not_verified_note
radio_amor_08,73,C#5,122.0,2.0,0.86,machine_pitch_candidate_not_verified_note
radio_amor_08,77,F5,122.5,1.5,0.35,machine_pitch_candidate_not_verified_note
radio_amor_08,28,E1,123.5,1.5,0.656,machine_pitch_candidate_not_verified_note
radio_amor_08,63,Eb4,123.5,1.5,0.441,machine_pitch_candidate_not_verified_note
radio_amor_08,70,Bb4,124.0,1.5,0.424,machine_pitch_candidate_not_verified_note
radio_amor_08,31,G1,124.5,1.5,0.554,machine_pitch_candidate_not_verified_note
radio_amor_08,26,D1,125.0,1.5,0.76,machine_pitch_candidate_not_verified_note
radio_amor_08,27,Eb1,125.0,1.5,0.526,machine_pitch_candidate_not_verified_note
radio_amor_08,78,F#5,125.0,2.0,0.478,machine_pitch_candidate_not_verified_note
radio_amor_08,61,C#4,125.5,2.0,0.704,machine_pitch_candidate_not_verified_note
radio_amor_08,32,Ab1,126.0,2.0,0.348,machine_pitch_candidate_not_verified_note
radio_amor_08,35,B1,126.0,2.5,0.487,machine_pitch_candidate_not_verified_note
radio_amor_08,70,Bb4,126.5,3.0,0.592,machine_pitch_candidate_not_verified_note
radio_amor_08,27,Eb1,127.0,2.0,0.664,machine_pitch_candidate_not_verified_note
radio_amor_08,34,Bb1,127.0,2.0,0.436,machine_pitch_candidate_not_verified_note
radio_amor_08,66,F#4,127.0,7.0,0.611,machine_pitch_candidate_not_verified_note
radio_amor_08,73,C#5,127.5,7.5,0.631,machine_pitch_candidate_not_verified_note
radio_amor_08,77,F5,127.5,2.0,0.414,machine_pitch_candidate_not_verified_note
radio_amor_08,78,F#5,129.5,1.5,0.744,machine_pitch_candidate_not_verified_note
radio_amor_08,70,Bb4,130.5,1.5,0.586,machine_pitch_candidate_not_verified_note
radio_amor_08,27,Eb1,132.0,2.0,0.838,machine_pitch_candidate_not_verified_note
radio_amor_08,78,F#5,132.0,1.5,0.939,machine_pitch_candidate_not_verified_note
radio_amor_08,34,Bb1,133.5,2.5,0.746,machine_pitch_candidate_not_verified_note
radio_amor_08,80,Ab5,133.5,1.5,0.768,machine_pitch_candidate_not_verified_note
radio_amor_08,29,F1,134.0,1.5,0.53,machine_pitch_candidate_not_verified_note
radio_amor_08,68,Ab4,134.0,13.5,0.839,machine_pitch_candidate_not_verified_note
radio_amor_08,25,C#1,134.5,1.5,0.406,machine_pitch_candidate_not_verified_note
radio_amor_08,26,D1,135.0,1.5,0.355,machine_pitch_candidate_not_verified_note
radio_amor_08,72,C5,135.0,2.0,0.309,machine_pitch_candidate_not_verified_note
radio_amor_08,84,C6,136.0,3.5,0.376,machine_pitch_candidate_not_verified_note
radio_amor_08,80,Ab5,136.5,8.0,0.84,machine_pitch_candidate_not_verified_note
radio_amor_08,65,F4,137.0,7.5,0.482,machine_pitch_candidate_not_verified_note
radio_amor_08,34,Bb1,138.0,3.0,0.504,machine_pitch_candidate_not_verified_note
radio_amor_08,72,C5,138.0,1.5,0.314,machine_pitch_candidate_not_verified_note
radio_amor_08,42,F#2,138.5,1.5,0.73,machine_pitch_candidate_not_verified_note
radio_amor_08,26,D1,139.5,1.5,0.408,machine_pitch_candidate_not_verified_note
radio_amor_08,72,C5,140.0,3.5,0.41,machine_pitch_candidate_not_verified_note
radio_amor_08,29,F1,140.5,4.0,0.494,machine_pitch_candidate_not_verified_note
radio_amor_08,30,F#1,143.5,3.0,0.651,machine_pitch_candidate_not_verified_note
radio_amor_08,34,Bb1,143.5,2.0,0.616,machine_pitch_candidate_not_verified_note
radio_amor_08,29,F1,145.0,1.5,0.642,machine_pitch_candidate_not_verified_note
radio_amor_08,72,C5,145.0,2.5,0.404,machine_pitch_candidate_not_verified_note
radio_amor_08,34,Bb1,146.0,2.0,0.473,machine_pitch_candidate_not_verified_note
radio_amor_08,78,F#5,146.0,2.0,0.812,machine_pitch_candidate_not_verified_note
radio_amor_08,32,Ab1,146.5,1.5,0.995,machine_pitch_candidate_not_verified_note
radio_amor_08,82,Bb5,146.5,2.0,0.485,machine_pitch_candidate_not_verified_note
radio_amor_08,28,E1,147.0,3.0,0.429,machine_pitch_candidate_not_verified_note
radio_amor_08,66,F#4,147.0,2.5,0.796,machine_pitch_candidate_not_verified_note
radio_amor_08,27,Eb1,147.5,1.5,0.669,machine_pitch_candidate_not_verified_note
radio_amor_08,70,Bb4,147.5,2.0,0.451,machine_pitch_candidate_not_verified_note
radio_amor_08,85,C#6,148.0,1.5,0.326,machine_pitch_candidate_not_verified_note
radio_amor_08,25,C#1,149.0,1.5,0.474,machine_pitch_candidate_not_verified_note
radio_amor_08,29,F1,149.0,1.5,0.409,machine_pitch_candidate_not_verified_note
radio_amor_08,78,F#5,149.0,2.0,0.907,machine_pitch_candidate_not_verified_note
radio_amor_08,26,D1,149.5,1.5,0.693,machine_pitch_candidate_not_verified_note
radio_amor_08,82,Bb5,149.5,2.0,0.598,machine_pitch_candidate_not_verified_note
radio_amor_08,61,C#4,150.0,2.0,0.499,machine_pitch_candidate_not_verified_note
radio_amor_08,85,C#6,150.5,1.5,0.51,machine_pitch_candidate_not_verified_note
radio_amor_08,25,C#1,151.0,1.5,0.471,machine_pitch_candidate_not_verified_note
radio_amor_08,70,Bb4,151.0,1.5,0.595,machine_pitch_candidate_not_verified_note
radio_amor_08,35,B1,151.5,1.5,0.706,machine_pitch_candidate_not_verified_note
radio_amor_08,73,C#5,151.5,2.5,0.916,machine_pitch_candidate_not_verified_note
radio_amor_08,78,F#5,153.0,3.0,0.81,machine_pitch_candidate_not_verified_note
radio_amor_08,27,Eb1,154.0,1.5,0.644,machine_pitch_candidate_not_verified_note
radio_amor_08,35,B1,154.0,1.5,0.55,machine_pitch_candidate_not_verified_note
radio_amor_08,66,F#4,154.0,6.5,0.763,machine_pitch_candidate_not_verified_note
radio_amor_08,70,Bb4,154.0,2.0,0.473,machine_pitch_candidate_not_verified_note
radio_amor_08,75,Eb5,154.0,1.5,0.488,machine_pitch_candidate_not_verified_note
radio_amor_08,82,Bb5,154.0,2.0,0.454,machine_pitch_candidate_not_verified_note
radio_amor_08,63,Eb4,156.5,2.5,0.433,machine_pitch_candidate_not_verified_note
radio_amor_08,70,Bb4,156.5,3.0,0.42,machine_pitch_candidate_not_verified_note
radio_amor_08,25,C#1,157.0,1.5,0.528,machine_pitch_candidate_not_verified_note
radio_amor_08,28,E1,157.0,2.0,0.699,machine_pitch_candidate_not_verified_note
radio_amor_08,78,F#5,157.0,4.0,0.814,machine_pitch_candidate_not_verified_note
radio_amor_08,82,Bb5,157.0,1.5,0.385,machine_pitch_candidate_not_verified_note
radio_amor_08,75,Eb5,159.0,1.5,0.496,machine_pitch_candidate_not_verified_note
radio_amor_08,35,B1,159.5,1.5,0.579,machine_pitch_candidate_not_verified_note
radio_amor_08,26,D1,160.0,3.5,0.541,machine_pitch_candidate_not_verified_note
radio_amor_08,68,Ab4,160.0,19.5,0.935,machine_pitch_candidate_not_verified_note
radio_amor_08,72,C5,160.5,2.5,0.385,machine_pitch_candidate_not_verified_note
radio_amor_08,31,G1,161.5,1.5,0.43,machine_pitch_candidate_not_verified_note
radio_amor_08,29,F1,163.0,2.5,0.656,machine_pitch_candidate_not_verified_note
radio_amor_08,27,Eb1,163.5,1.5,0.361,machine_pitch_candidate_not_verified_note
radio_amor_08,34,Bb1,163.5,1.5,0.533,machine_pitch_candidate_not_verified_note
radio_amor_08,72,C5,164.5,6.5,0.477,machine_pitch_candidate_not_verified_note
radio_amor_08,65,F4,166.0,3.0,0.491,machine_pitch_candidate_not_verified_note
radio_amor_08,34,Bb1,167.0,2.0,0.703,machine_pitch_candidate_not_verified_note
radio_amor_08,29,F1,169.5,2.0,0.723,machine_pitch_candidate_not_verified_note
radio_amor_08,80,Ab5,169.5,2.5,0.449,machine_pitch_candidate_not_verified_note
radio_amor_08,65,F4,170.5,3.0,0.428,machine_pitch_candidate_not_verified_note
radio_amor_08,34,Bb1,171.0,7.5,0.501,machine_pitch_candidate_not_verified_note
radio_amor_08,38,D2,171.0,1.5,0.544,machine_pitch_candidate_not_verified_note
radio_amor_08,72,C5,171.5,7.5,0.444,machine_pitch_candidate_not_verified_note
radio_amor_08,30,F#1,173.5,2.0,0.352,machine_pitch_candidate_not_verified_note
radio_amor_08,29,F1,174.5,4.0,0.576,machine_pitch_candidate_not_verified_note
radio_amor_08,32,Ab1,177.5,3.0,0.72,machine_pitch_candidate_not_verified_note
radio_amor_08,27,Eb1,178.0,2.5,0.553,machine_pitch_candidate_not_verified_note
radio_amor_08,66,F#4,178.0,2.5,0.766,machine_pitch_candidate_not_verified_note
radio_amor_08,26,D1,179.0,1.5,0.411,machine_pitch_candidate_not_verified_note
radio_amor_08,61,C#4,179.5,3.0,0.814,machine_pitch_candidate_not_verified_note
radio_amor_08,26,D1,181.0,1.5,0.407,machine_pitch_candidate_not_verified_note
radio_amor_08,32,Ab1,181.5,2.0,0.321,machine_pitch_candidate_not_verified_note
radio_amor_08,73,C#5,182.0,1.5,0.799,machine_pitch_candidate_not_verified_note
radio_amor_08,31,G1,182.5,1.5,0.329,machine_pitch_candidate_not_verified_note
radio_amor_08,66,F#4,182.5,7.5,0.845,machine_pitch_candidate_not_verified_note
radio_amor_08,70,Bb4,183.0,3.0,0.352,machine_pitch_candidate_not_verified_note
radio_amor_08,27,Eb1,183.5,1.5,0.467,machine_pitch_candidate_not_verified_note
radio_amor_08,28,E1,183.5,1.5,0.509,machine_pitch_candidate_not_verified_note
radio_amor_08,61,C#4,184.0,3.0,0.677,machine_pitch_candidate_not_verified_note
radio_amor_08,35,B1,185.0,1.5,0.453,machine_pitch_candidate_not_verified_note
radio_amor_08,85,C#6,185.0,1.5,0.383,machine_pitch_candidate_not_verified_note
radio_amor_08,32,Ab1,186.0,3.0,0.541,machine_pitch_candidate_not_verified_note
radio_amor_08,28,E1,186.5,5.5,0.517,machine_pitch_candidate_not_verified_note
radio_amor_08,31,G1,189.5,1.5,0.705,machine_pitch_candidate_not_verified_note
radio_amor_08,73,C#5,189.5,2.0,0.866,machine_pitch_candidate_not_verified_note
radio_amor_08,27,Eb1,190.5,1.5,0.498,machine_pitch_candidate_not_verified_note
radio_amor_08,54,F#3,190.5,1.5,0.48,machine_pitch_candidate_not_verified_note
radio_amor_08,61,C#4,190.5,3.0,0.81,machine_pitch_candidate_not_verified_note
radio_amor_08,65,F4,191.0,2.5,0.357,machine_pitch_candidate_not_verified_note
radio_amor_08,78,F#5,191.5,2.0,0.492,machine_pitch_candidate_not_verified_note
radio_amor_08,54,F#3,192.5,3.0,0.711,machine_pitch_candidate_not_verified_note
radio_amor_08,58,Bb3,193.5,2.0,0.606,machine_pitch_candidate_not_verified_note
radio_amor_08,28,E1,194.0,3.5,0.744,machine_pitch_candidate_not_verified_note
radio_amor_08,32,Ab1,194.0,2.5,0.581,machine_pitch_candidate_not_verified_note
radio_amor_08,51,Eb3,194.0,1.5,0.592,machine_pitch_candidate_not_verified_note
radio_amor_08,66,F#4,194.5,2.5,0.854,machine_pitch_candidate_not_verified_note
radio_amor_08,39,Eb2,195.0,1.5,0.476,machine_pitch_candidate_not_verified_note
radio_amor_08,70,Bb4,195.5,1.5,0.544,machine_pitch_candidate_not_verified_note
radio_amor_08,73,C#5,195.5,2.0,0.484,machine_pitch_candidate_not_verified_note
radio_amor_08,27,Eb1,196.0,1.5,0.589,machine_pitch_candidate_not_verified_note
radio_amor_08,33,A1,196.0,1.5,0.453,machine_pitch_candidate_not_verified_note
radio_amor_08,61,C#4,196.5,2.5,0.8,machine_pitch_candidate_not_verified_note
radio_amor_08,65,F4,197.0,2.0,0.387,machine_pitch_candidate_not_verified_note
radio_amor_08,26,D1,197.5,1.5,0.639,machine_pitch_candidate_not_verified_note
radio_amor_08,34,Bb1,197.5,2.0,0.463,machine_pitch_candidate_not_verified_note
radio_amor_08,78,F#5,197.5,4.0,0.792,machine_pitch_candidate_not_verified_note
radio_amor_08,73,C#5,199.0,2.0,0.731,machine_pitch_candidate_not_verified_note
radio_amor_08,82,Bb5,199.0,2.0,0.541,machine_pitch_candidate_not_verified_note
radio_amor_08,26,D1,200.0,1.5,0.699,machine_pitch_candidate_not_verified_note
radio_amor_08,34,Bb1,200.5,2.5,0.503,machine_pitch_candidate_not_verified_note
radio_amor_08,68,Ab4,200.5,2.0,0.887,machine_pitch_candidate_not_verified_note
radio_amor_08,77,F5,200.5,1.5,0.302,machine_pitch_candidate_not_verified_note
radio_amor_08,72,C5,201.0,1.5,0.335,machine_pitch_candidate_not_verified_note
radio_amor_08,29,F1,201.5,1.5,0.446,machine_pitch_candidate_not_verified_note
radio_amor_08,27,Eb1,202.0,1.5,0.617,machine_pitch_candidate_not_verified_note
radio_amor_08,66,F#4,202.5,3.0,0.87,machine_pitch_candidate_not_verified_note
radio_amor_08,70,Bb4,202.5,2.5,0.39,machine_pitch_candidate_not_verified_note
radio_amor_08,28,E1,203.0,1.5,0.363,machine_pitch_candidate_not_verified_note
radio_amor_08,25,C#1,203.5,2.5,0.628,machine_pitch_candidate_not_verified_note
radio_amor_08,75,Eb5,204.5,1.5,0.921,machine_pitch_candidate_not_verified_note
radio_amor_08,78,F#5,204.5,2.0,0.49,machine_pitch_candidate_not_verified_note
radio_amor_08,34,Bb1,205.0,1.5,0.42,machine_pitch_candidate_not_verified_note
radio_amor_08,73,C#5,205.5,2.5,0.711,machine_pitch_candidate_not_verified_note
radio_amor_08,35,B1,207.5,1.5,0.805,machine_pitch_candidate_not_verified_note
radio_amor_08,61,C#4,207.5,7.5,0.634,machine_pitch_candidate_not_verified_note
radio_amor_08,29,F1,208.0,3.5,0.598,machine_pitch_candidate_not_verified_note
radio_amor_08,73,C#5,209.5,1.5,0.655,machine_pitch_candidate_not_verified_note
radio_amor_08,90,F#6,210.0,5.5,0.919,machine_pitch_candidate_not_verified_note
radio_amor_08,94,Bb6,210.0,5.5,0.537,machine_pitch_candidate_not_verified_note
radio_amor_08,42,F#2,211.0,1.5,0.301,machine_pitch_candidate_not_verified_note
radio_amor_08,39,Eb2,211.5,1.5,0.652,machine_pitch_candidate_not_verified_note
radio_amor_08,46,Bb2,211.5,1.5,0.512,machine_pitch_candidate_not_verified_note
radio_amor_08,34,Bb1,212.0,2.0,0.633,machine_pitch_candidate_not_verified_note
radio_amor_08,27,Eb1,212.5,1.5,0.308,machine_pitch_candidate_not_verified_note
radio_amor_08,35,B1,214.0,7.0,0.495,machine_pitch_candidate_not_verified_note
radio_amor_08,39,Eb2,214.0,1.5,0.878,machine_pitch_candidate_not_verified_note
radio_amor_08,40,E2,214.0,1.5,0.357,machine_pitch_candidate_not_verified_note
radio_amor_08,46,Bb2,214.0,3.5,0.492,machine_pitch_candidate_not_verified_note
radio_amor_08,53,F3,214.0,2.0,0.511,machine_pitch_candidate_not_verified_note
radio_amor_08,29,F1,214.5,2.5,0.54,machine_pitch_candidate_not_verified_note
radio_amor_08,27,Eb1,215.0,1.5,0.991,machine_pitch_candidate_not_verified_note
radio_amor_08,73,C#5,215.0,2.5,0.391,machine_pitch_candidate_not_verified_note
radio_amor_08,33,A1,216.0,1.5,0.351,machine_pitch_candidate_not_verified_note
radio_amor_08,61,C#4,216.0,26.5,0.801,machine_pitch_candidate_not_verified_note
radio_amor_08,72,C5,216.0,3.0,0.425,machine_pitch_candidate_not_verified_note
radio_amor_08,26,D1,216.5,1.5,0.661,machine_pitch_candidate_not_verified_note
radio_amor_08,39,Eb2,216.5,2.5,0.771,machine_pitch_candidate_not_verified_note
radio_amor_08,68,Ab4,216.5,4.5,0.416,machine_pitch_candidate_not_verified_note
radio_amor_08,40,E2,217.0,8.5,0.737,machine_pitch_candidate_not_verified_note
radio_amor_08,65,F4,217.0,1.5,0.439,machine_pitch_candidate_not_verified_note
radio_amor_08,90,F#6,218.0,1.5,0.51,machine_pitch_candidate_not_verified_note
radio_amor_08,53,F3,218.5,2.5,0.531,machine_pitch_candidate_not_verified_note
radio_amor_08,26,D1,219.5,2.0,0.608,machine_pitch_candidate_not_verified_note
radio_amor_08,46,Bb2,219.5,4.0,0.526,machine_pitch_candidate_not_verified_note
radio_amor_08,68,Ab4,222.0,11.0,0.41,machine_pitch_candidate_not_verified_note
radio_amor_08,90,F#6,222.0,1.5,0.571,machine_pitch_candidate_not_verified_note
radio_amor_08,39,Eb2,224.0,9.0,0.536,machine_pitch_candidate_not_verified_note
radio_amor_08,53,F3,224.5,1.5,0.625,machine_pitch_candidate_not_verified_note
radio_amor_08,35,B1,225.0,1.5,0.685,machine_pitch_candidate_not_verified_note
radio_amor_08,46,Bb2,225.0,6.5,0.802,machine_pitch_candidate_not_verified_note
radio_amor_08,25,C#1,225.5,2.0,0.453,machine_pitch_candidate_not_verified_note
radio_amor_08,72,C5,226.0,5.5,0.416,machine_pitch_candidate_not_verified_note
radio_amor_08,29,F1,227.0,2.0,0.5,machine_pitch_candidate_not_verified_note
radio_amor_08,33,A1,227.5,4.0,0.534,machine_pitch_candidate_not_verified_note
radio_amor_08,30,F#1,228.0,1.5,0.352,machine_pitch_candidate_not_verified_note
radio_amor_08,53,F3,228.0,7.5,0.564,machine_pitch_candidate_not_verified_note
radio_amor_08,34,Bb1,228.5,1.5,0.49,machine_pitch_candidate_not_verified_note
radio_amor_08,40,E2,229.0,1.5,0.539,machine_pitch_candidate_not_verified_note
radio_amor_08,29,F1,229.5,1.5,0.599,machine_pitch_candidate_not_verified_note
radio_amor_08,26,D1,230.0,1.5,0.567,machine_pitch_candidate_not_verified_note
radio_amor_08,34,Bb1,231.5,8.0,0.492,machine_pitch_candidate_not_verified_note
radio_amor_08,40,E2,232.0,8.5,0.628,machine_pitch_candidate_not_verified_note
radio_amor_08,90,F#6,232.5,23.5,0.678,machine_pitch_candidate_not_verified_note
radio_amor_08,33,A1,234.0,1.5,0.355,machine_pitch_candidate_not_verified_note
radio_amor_08,36,C2,234.5,2.5,0.556,machine_pitch_candidate_not_verified_note
radio_amor_08,39,Eb2,235.5,2.5,0.69,machine_pitch_candidate_not_verified_note
radio_amor_08,27,Eb1,236.0,1.5,0.507,machine_pitch_candidate_not_verified_note
radio_amor_08,50,D3,236.0,1.5,0.746,machine_pitch_candidate_not_verified_note
radio_amor_08,53,F3,236.0,32.0,0.728,machine_pitch_candidate_not_verified_note
radio_amor_08,68,Ab4,236.0,2.0,0.367,machine_pitch_candidate_not_verified_note
radio_amor_08,41,F2,237.5,1.5,0.331,machine_pitch_candidate_not_verified_note
radio_amor_08,46,Bb2,237.5,3.5,0.436,machine_pitch_candidate_not_verified_note
radio_amor_08,27,Eb1,238.5,1.5,0.612,machine_pitch_candidate_not_verified_note
radio_amor_08,68,Ab4,238.5,2.0,0.398,machine_pitch_candidate_not_verified_note
radio_amor_08,39,Eb2,239.0,1.5,0.621,machine_pitch_candidate_not_verified_note
radio_amor_08,33,A1,239.5,5.0,0.697,machine_pitch_candidate_not_verified_note
radio_amor_08,29,F1,240.0,2.5,0.807,machine_pitch_candidate_not_verified_note
radio_amor_08,50,D3,240.5,1.5,0.461,machine_pitch_candidate_not_verified_note
radio_amor_08,68,Ab4,241.0,6.5,0.525,machine_pitch_candidate_not_verified_note
radio_amor_08,46,Bb2,241.5,4.0,0.727,machine_pitch_candidate_not_verified_note
radio_amor_08,73,C#5,241.5,1.5,0.392,machine_pitch_candidate_not_verified_note
radio_amor_08,34,Bb1,242.0,3.0,0.742,machine_pitch_candidate_not_verified_note
radio_amor_08,72,C5,242.0,2.0,0.45,machine_pitch_candidate_not_verified_note
radio_amor_08,40,E2,242.5,1.5,0.708,machine_pitch_candidate_not_verified_note
radio_amor_08,61,C#4,243.0,8.5,0.492,machine_pitch_candidate_not_verified_note
radio_amor_08,43,G2,243.5,1.5,0.421,machine_pitch_candidate_not_verified_note
radio_amor_08,35,B1,244.0,2.0,0.851,machine_pitch_candidate_not_verified_note
radio_amor_08,29,F1,244.5,3.5,0.406,machine_pitch_candidate_not_verified_note
radio_amor_08,73,C#5,244.5,2.0,0.335,machine_pitch_candidate_not_verified_note
radio_amor_08,25,C#1,245.5,1.5,0.423,machine_pitch_candidate_not_verified_note
radio_amor_08,36,C2,245.5,2.0,0.504,machine_pitch_candidate_not_verified_note
radio_amor_08,50,D3,245.5,1.5,0.623,machine_pitch_candidate_not_verified_note
radio_amor_08,72,C5,245.5,5.0,0.541,machine_pitch_candidate_not_verified_note
radio_amor_08,33,A1,247.0,2.0,0.48,machine_pitch_candidate_not_verified_note
radio_amor_08,40,E2,247.0,6.5,0.604,machine_pitch_candidate_not_verified_note
radio_amor_08,46,Bb2,247.0,3.5,0.587,machine_pitch_candidate_not_verified_note
radio_amor_08,43,G2,249.0,1.5,0.697,machine_pitch_candidate_not_verified_note
radio_amor_08,68,Ab4,249.0,1.5,0.363,machine_pitch_candidate_not_verified_note
radio_amor_08,39,Eb2,249.5,5.0,0.664,machine_pitch_candidate_not_verified_note
radio_amor_08,34,Bb1,250.5,3.5,0.757,machine_pitch_candidate_not_verified_note
radio_amor_08,75,Eb5,250.5,2.5,0.381,machine_pitch_candidate_not_verified_note
radio_amor_08,35,B1,251.0,3.0,0.735,machine_pitch_candidate_not_verified_note
radio_amor_08,68,Ab4,253.0,13.5,0.492,machine_pitch_candidate_not_verified_note
radio_amor_08,72,C5,254.0,6.5,0.545,machine_pitch_candidate_not_verified_note
radio_amor_08,34,Bb1,254.5,2.5,0.933,machine_pitch_candidate_not_verified_note
radio_amor_08,39,Eb2,255.0,1.5,0.466,machine_pitch_candidate_not_verified_note
radio_amor_08,61,C#4,255.0,3.0,0.501,machine_pitch_candidate_not_verified_note
radio_amor_08,33,A1,255.5,3.0,0.486,machine_pitch_candidate_not_verified_note
radio_amor_08,46,Bb2,255.5,3.0,0.958,machine_pitch_candidate_not_verified_note
radio_amor_08,52,E3,255.5,1.5,0.398,machine_pitch_candidate_not_verified_note
radio_amor_08,50,D3,256.0,3.0,0.589,machine_pitch_candidate_not_verified_note
radio_amor_08,30,F#1,257.0,2.0,0.402,machine_pitch_candidate_not_verified_note
radio_amor_08,35,B1,257.0,2.5,0.628,machine_pitch_candidate_not_verified_note
radio_amor_08,34,Bb1,257.5,8.5,0.779,machine_pitch_candidate_not_verified_note
radio_amor_08,40,E2,257.5,3.5,0.85,machine_pitch_candidate_not_verified_note
radio_amor_08,80,Ab5,258.0,2.5,0.548,machine_pitch_candidate_not_verified_note
radio_amor_08,90,F#6,258.0,2.5,0.634,machine_pitch_candidate_not_verified_note
radio_amor_08,39,Eb2,258.5,2.0,0.819,machine_pitch_candidate_not_verified_note
radio_amor_08,45,A2,258.5,1.5,0.629,machine_pitch_candidate_not_verified_note
radio_amor_08,61,C#4,259.0,3.0,0.493,machine_pitch_candidate_not_verified_note
radio_amor_08,33,A1,260.5,1.5,0.487,machine_pitch_candidate_not_verified_note
radio_amor_08,36,C2,261.0,2.0,0.447,machine_pitch_candidate_not_verified_note
radio_amor_08,35,B1,261.5,2.0,0.794,machine_pitch_candidate_not_verified_note
radio_amor_08,45,A2,262.0,2.0,0.513,machine_pitch_candidate_not_verified_note
radio_amor_08,52,E3,262.0,1.5,0.362,machine_pitch_candidate_not_verified_note
radio_amor_08,33,A1,264.5,1.5,0.391,machine_pitch_candidate_not_verified_note
radio_amor_08,35,B1,264.5,2.0,0.661,machine_pitch_candidate_not_verified_note
radio_amor_08,40,E2,264.5,2.5,0.678,machine_pitch_candidate_not_verified_note
radio_amor_08,50,D3,264.5,1.5,0.514,machine_pitch_candidate_not_verified_note
radio_amor_08,72,C5,264.5,3.5,0.56,machine_pitch_candidate_not_verified_note
radio_amor_08,80,Ab5,264.5,3.5,0.656,machine_pitch_candidate_not_verified_note
radio_amor_08,41,F2,265.0,1.5,0.599,machine_pitch_candidate_not_verified_note
radio_amor_08,46,Bb2,265.0,3.0,0.828,machine_pitch_candidate_not_verified_note
radio_amor_08,33,A1,266.5,1.5,0.53,machine_pitch_candidate_not_verified_note
radio_amor_08,50,D3,266.5,1.5,0.412,machine_pitch_candidate_not_verified_note
radio_amor_08,34,Bb1,267.5,2.5,0.852,machine_pitch_candidate_not_verified_note
radio_amor_08,33,A1,269.0,2.0,0.631,machine_pitch_candidate_not_verified_note
radio_amor_08,41,F2,269.0,3.5,0.419,machine_pitch_candidate_not_verified_note
radio_amor_08,53,F3,269.0,6.0,0.748,machine_pitch_candidate_not_verified_note
radio_amor_08,80,Ab5,269.0,1.5,0.416,machine_pitch_candidate_not_verified_note
radio_amor_08,84,C6,269.0,1.5,0.398,machine_pitch_candidate_not_verified_note
radio_amor_08,46,Bb2,269.5,2.5,0.876,machine_pitch_candidate_not_verified_note
radio_amor_08,72,C5,269.5,3.0,0.39,machine_pitch_candidate_not_verified_note
radio_amor_08,40,E2,270.0,3.5,0.734,machine_pitch_candidate_not_verified_note
radio_amor_08,68,Ab4,270.0,3.0,0.349,machine_pitch_candidate_not_verified_note
radio_amor_08,30,F#1,270.5,3.5,0.447,machine_pitch_candidate_not_verified_note
radio_amor_08,34,Bb1,270.5,6.5,0.746,machine_pitch_candidate_not_verified_note
radio_amor_08,50,D3,271.0,1.5,0.379,machine_pitch_candidate_not_verified_note
radio_amor_08,61,C#4,271.0,1.5,0.396,machine_pitch_candidate_not_verified_note
radio_amor_08,80,Ab5,271.5,3.5,0.432,machine_pitch_candidate_not_verified_note
radio_amor_08,29,F1,272.5,4.0,0.51,machine_pitch_candidate_not_verified_note
radio_amor_08,39,Eb2,273.0,1.5,0.494,machine_pitch_candidate_not_verified_note
radio_amor_08,50,D3,273.5,1.5,0.58,machine_pitch_candidate_not_verified_note
radio_amor_08,68,Ab4,273.5,1.5,0.415,machine_pitch_candidate_not_verified_note
radio_amor_08,84,C6,273.5,1.5,0.472,machine_pitch_candidate_not_verified_note
radio_amor_08,40,E2,274.0,5.5,0.565,machine_pitch_candidate_not_verified_note
radio_amor_08,73,C#5,274.0,1.5,0.368,machine_pitch_candidate_not_verified_note
radio_amor_08,77,F5,274.0,1.5,0.349,machine_pitch_candidate_not_verified_note
radio_amor_08,72,C5,274.5,1.5,0.577,machine_pitch_candidate_not_verified_note
radio_amor_08,53,F3,275.5,4.5,0.847,machine_pitch_candidate_not_verified_note
radio_amor_08,80,Ab5,275.5,4.5,0.484,machine_pitch_candidate_not_verified_note
radio_amor_08,25,C#1,276.0,2.5,0.431,machine_pitch_candidate_not_verified_note
radio_amor_08,46,Bb2,276.5,3.0,0.614,machine_pitch_candidate_not_verified_note
radio_amor_08,50,D3,277.0,1.5,0.44,machine_pitch_candidate_not_verified_note
radio_amor_08,34,Bb1,277.5,2.5,0.933,machine_pitch_candidate_not_verified_note
radio_amor_08,68,Ab4,279.0,1.5,0.582,machine_pitch_candidate_not_verified_note
radio_amor_08,76,E5,280.0,2.0,0.761,machine_pitch_candidate_not_verified_note
radio_amor_08,62,D4,280.5,2.5,0.392,machine_pitch_candidate_not_verified_note
radio_amor_08,70,Bb4,281.0,6.5,0.872,machine_pitch_candidate_not_verified_note
radio_amor_08,72,C5,281.0,1.5,0.379,machine_pitch_candidate_not_verified_note
radio_amor_08,73,C#5,282.0,2.5,0.642,machine_pitch_candidate_not_verified_note
radio_amor_08,78,F#5,284.0,2.5,0.631,machine_pitch_candidate_not_verified_note
radio_amor_08,62,D4,284.5,2.0,0.511,machine_pitch_candidate_not_verified_note
radio_amor_08,73,C#5,285.0,2.5,0.5,machine_pitch_candidate_not_verified_note
radio_amor_08,72,C5,287.5,1.5,0.528,machine_pitch_candidate_not_verified_note
radio_amor_08,77,F5,287.5,1.82,0.938,machine_pitch_candidate_not_verified_note
radio_amor_08,85,C#6,287.5,1.82,0.902,machine_pitch_candidate_not_verified_note
radio_amor_09,38,D2,0.0,2.0,0.711,machine_pitch_candidate_not_verified_note
radio_amor_09,44,Ab2,0.0,1.5,0.467,machine_pitch_candidate_not_verified_note
radio_amor_09,85,C#6,0.0,2.0,0.751,machine_pitch_candidate_not_verified_note
radio_amor_09,39,Eb2,0.5,2.0,0.643,machine_pitch_candidate_not_verified_note
radio_amor_09,43,G2,1.0,15.5,0.849,machine_pitch_candidate_not_verified_note
radio_amor_09,38,D2,2.5,23.0,0.719,machine_pitch_candidate_not_verified_note
radio_amor_09,40,E2,2.5,1.5,0.358,machine_pitch_candidate_not_verified_note
radio_amor_09,25,C#1,3.0,1.5,0.406,machine_pitch_candidate_not_verified_note
radio_amor_09,44,Ab2,3.5,3.0,0.388,machine_pitch_candidate_not_verified_note
radio_amor_09,39,Eb2,4.0,3.5,0.559,machine_pitch_candidate_not_verified_note
radio_amor_09,40,E2,5.0,1.5,0.34,machine_pitch_candidate_not_verified_note
radio_amor_09,39,Eb2,8.5,2.5,0.757,machine_pitch_candidate_not_verified_note
radio_amor_09,39,Eb2,11.5,7.0,0.681,machine_pitch_candidate_not_verified_note
radio_amor_09,44,Ab2,14.5,2.0,0.683,machine_pitch_candidate_not_verified_note
radio_amor_09,43,G2,17.0,11.5,0.898,machine_pitch_candidate_not_verified_note
radio_amor_09,39,Eb2,19.5,6.5,0.704,machine_pitch_candidate_not_verified_note
radio_amor_09,44,Ab2,20.0,2.0,0.429,machine_pitch_candidate_not_verified_note
radio_amor_09,44,Ab2,24.0,2.0,0.502,machine_pitch_candidate_not_verified_note
radio_amor_09,38,D2,26.0,3.0,0.492,machine_pitch_candidate_not_verified_note
radio_amor_09,44,Ab2,27.0,1.5,0.866,machine_pitch_candidate_not_verified_note
radio_amor_09,36,C2,27.5,1.5,0.515,machine_pitch_candidate_not_verified_note
radio_amor_09,39,Eb2,27.5,6.5,0.662,machine_pitch_candidate_not_verified_note
radio_amor_09,43,G2,29.0,6.5,0.861,machine_pitch_candidate_not_verified_note
radio_amor_09,38,D2,31.5,4.0,0.429,machine_pitch_candidate_not_verified_note
radio_amor_09,44,Ab2,31.5,5.0,0.962,machine_pitch_candidate_not_verified_note
radio_amor_09,39,Eb2,36.0,9.0,0.706,machine_pitch_candidate_not_verified_note
radio_amor_09,36,C2,37.0,2.5,0.489,machine_pitch_candidate_not_verified_note
radio_amor_09,37,C#2,37.0,7.5,0.928,machine_pitch_candidate_not_verified_note
radio_amor_09,40,E2,37.0,1.5,0.523,machine_pitch_candidate_not_verified_note
radio_amor_09,36,C2,42.0,1.5,0.455,machine_pitch_candidate_not_verified_note
radio_amor_09,43,G2,43.5,1.5,0.409,machine_pitch_candidate_not_verified_note
radio_amor_09,44,Ab2,44.5,6.0,0.936,machine_pitch_candidate_not_verified_note
radio_amor_09,43,G2,46.5,3.5,0.667,machine_pitch_candidate_not_verified_note
radio_amor_09,39,Eb2,47.0,13.5,0.78,machine_pitch_candidate_not_verified_note
radio_amor_09,86,D6,48.0,2.0,0.319,machine_pitch_candidate_not_verified_note
radio_amor_09,40,E2,49.0,6.0,0.494,machine_pitch_candidate_not_verified_note
radio_amor_09,36,C2,51.0,9.5,0.678,machine_pitch_candidate_not_verified_note
radio_amor_09,43,G2,57.5,6.0,0.693,machine_pitch_candidate_not_verified_note
radio_amor_09,44,Ab2,58.0,8.0,0.824,machine_pitch_candidate_not_verified_note
radio_amor_09,39,Eb2,62.0,6.5,0.761,machine_pitch_candidate_not_verified_note
radio_amor_09,40,E2,63.5,4.5,0.654,machine_pitch_candidate_not_verified_note
radio_amor_09,37,C#2,65.0,1.5,0.883,machine_pitch_candidate_not_verified_note
radio_amor_09,36,C2,66.0,8.0,0.922,machine_pitch_candidate_not_verified_note
radio_amor_09,43,G2,69.5,1.5,0.385,machine_pitch_candidate_not_verified_note
radio_amor_09,38,D2,71.5,2.5,0.649,machine_pitch_candidate_not_verified_note
radio_amor_09,39,Eb2,71.5,2.0,0.373,machine_pitch_candidate_not_verified_note
radio_amor_09,86,D6,71.5,2.5,0.355,machine_pitch_candidate_not_verified_note
radio_amor_09,43,G2,72.0,2.0,0.639,machine_pitch_candidate_not_verified_note
radio_amor_09,81,A5,72.0,1.5,0.359,machine_pitch_candidate_not_verified_note
radio_amor_09,44,Ab2,72.5,5.5,0.885,machine_pitch_candidate_not_verified_note
radio_amor_09,39,Eb2,77.0,3.0,0.891,machine_pitch_candidate_not_verified_note
radio_amor_09,40,E2,77.0,5.0,0.548,machine_pitch_candidate_not_verified_note
radio_amor_09,36,C2,79.0,2.0,0.399,machine_pitch_candidate_not_verified_note
radio_amor_09,37,C#2,79.0,7.5,0.953,machine_pitch_candidate_not_verified_note
radio_amor_09,39,Eb2,81.0,5.5,0.659,machine_pitch_candidate_not_verified_note
radio_amor_09,40,E2,83.0,3.0,0.45,machine_pitch_candidate_not_verified_note
radio_amor_09,36,C2,83.5,2.5,0.635,machine_pitch_candidate_not_verified_note
radio_amor_09,43,G2,86.0,3.5,0.834,machine_pitch_candidate_not_verified_note
radio_amor_09,44,Ab2,86.5,5.5,0.773,machine_pitch_candidate_not_verified_note
radio_amor_09,36,C2,87.0,12.5,0.693,machine_pitch_candidate_not_verified_note
radio_amor_09,40,E2,89.5,6.5,0.466,machine_pitch_candidate_not_verified_note
radio_amor_09,39,Eb2,90.0,4.5,0.957,machine_pitch_candidate_not_verified_note
radio_amor_09,37,C#2,93.0,5.5,0.574,machine_pitch_candidate_not_verified_note
radio_amor_09,44,Ab2,97.0,1.5,0.323,machine_pitch_candidate_not_verified_note
radio_amor_09,38,D2,97.5,1.5,0.36,machine_pitch_candidate_not_verified_note
radio_amor_09,43,G2,99.0,6.0,0.971,machine_pitch_candidate_not_verified_note
radio_amor_09,44,Ab2,99.5,2.0,0.495,machine_pitch_candidate_not_verified_note
radio_amor_09,44,Ab2,102.0,4.0,0.597,machine_pitch_candidate_not_verified_note
radio_amor_09,39,Eb2,103.0,4.5,0.678,machine_pitch_candidate_not_verified_note
radio_amor_09,37,C#2,103.5,2.0,0.472,machine_pitch_candidate_not_verified_note
radio_amor_09,40,E2,104.0,2.5,0.479,machine_pitch_candidate_not_verified_note
radio_amor_09,36,C2,106.5,7.0,0.855,machine_pitch_candidate_not_verified_note
radio_amor_09,37,C#2,109.0,7.0,0.739,machine_pitch_candidate_not_verified_note
radio_amor_09,39,Eb2,109.0,4.0,0.777,machine_pitch_candidate_not_verified_note
radio_amor_09,40,E2,110.0,1.5,0.386,machine_pitch_candidate_not_verified_note
radio_amor_09,26,D1,112.0,1.5,0.644,machine_pitch_candidate_not_verified_note
radio_amor_09,27,Eb1,112.0,1.5,0.523,machine_pitch_candidate_not_verified_note
radio_amor_09,38,D2,112.0,4.5,0.805,machine_pitch_candidate_not_verified_note
radio_amor_09,43,G2,112.5,4.0,0.67,machine_pitch_candidate_not_verified_note
radio_amor_09,44,Ab2,113.0,1.5,0.819,machine_pitch_candidate_not_verified_note
radio_amor_09,36,C2,114.5,1.5,0.561,machine_pitch_candidate_not_verified_note
radio_amor_09,44,Ab2,115.5,4.5,0.75,machine_pitch_candidate_not_verified_note
radio_amor_09,43,G2,117.5,1.5,0.918,machine_pitch_candidate_not_verified_note
radio_amor_09,36,C2,118.5,5.0,0.764,machine_pitch_candidate_not_verified_note
radio_amor_09,39,Eb2,119.0,1.5,0.965,machine_pitch_candidate_not_verified_note
radio_amor_09,37,C#2,121.5,1.5,0.355,machine_pitch_candidate_not_verified_note
radio_amor_09,39,Eb2,122.0,13.5,0.92,machine_pitch_candidate_not_verified_note
radio_amor_09,40,E2,122.0,2.0,0.704,machine_pitch_candidate_not_verified_note
radio_amor_09,27,Eb1,122.5,3.0,0.666,machine_pitch_candidate_not_verified_note
radio_amor_09,28,E1,122.5,3.0,0.543,machine_pitch_candidate_not_verified_note
radio_amor_09,40,E2,124.5,3.5,0.615,machine_pitch_candidate_not_verified_note
radio_amor_09,37,C#2,125.0,5.5,0.706,machine_pitch_candidate_not_verified_note
radio_amor_09,44,Ab2,127.0,1.5,0.398,machine_pitch_candidate_not_verified_note
radio_amor_09,36,C2,127.5,2.5,0.792,machine_pitch_candidate_not_verified_note
radio_amor_09,25,C#1,128.0,1.5,0.359,machine_pitch_candidate_not_verified_note
radio_amor_09,36,C2,132.5,2.0,0.427,machine_pitch_candidate_not_verified_note
radio_amor_09,27,Eb1,133.0,2.5,0.382,machine_pitch_candidate_not_verified_note
radio_amor_09,36,C2,135.0,5.5,0.816,machine_pitch_candidate_not_verified_note
radio_amor_09,27,Eb1,137.5,1.5,0.517,machine_pitch_candidate_not_verified_note
radio_amor_09,38,D2,138.0,1.5,0.352,machine_pitch_candidate_not_verified_note
radio_amor_09,39,Eb2,138.5,2.0,0.592,machine_pitch_candidate_not_verified_note
radio_amor_09,43,G2,138.5,18.5,0.829,machine_pitch_candidate_not_verified_note
radio_amor_09,44,Ab2,138.5,18.5,0.837,machine_pitch_candidate_not_verified_note
radio_amor_09,37,C#2,139.5,1.5,0.457,machine_pitch_candidate_not_verified_note
radio_amor_09,32,Ab1,140.0,1.5,0.464,machine_pitch_candidate_not_verified_note
radio_amor_09,32,Ab1,144.5,5.0,0.46,machine_pitch_candidate_not_verified_note
radio_amor_09,31,G1,145.0,2.0,0.387,machine_pitch_candidate_not_verified_note
radio_amor_09,39,Eb2,146.5,4.0,0.679,machine_pitch_candidate_not_verified_note
radio_amor_09,38,D2,148.5,1.5,0.764,machine_pitch_candidate_not_verified_note
radio_amor_09,35,B1,151.0,2.0,0.548,machine_pitch_candidate_not_verified_note
radio_amor_09,25,C#1,153.0,1.5,0.317,machine_pitch_candidate_not_verified_note
radio_amor_09,26,D1,155.0,4.5,0.613,machine_pitch_candidate_not_verified_note
radio_amor_09,38,D2,155.0,5.5,0.774,machine_pitch_candidate_not_verified_note
radio_amor_09,27,Eb1,155.5,1.5,0.594,machine_pitch_candidate_not_verified_note
radio_amor_09,39,Eb2,155.5,4.0,0.725,machine_pitch_candidate_not_verified_note
radio_amor_09,27,Eb1,157.5,1.5,0.516,machine_pitch_candidate_not_verified_note
radio_amor_09,43,G2,159.0,6.0,0.748,machine_pitch_candidate_not_verified_note
radio_amor_09,44,Ab2,159.0,6.5,0.751,machine_pitch_candidate_not_verified_note
radio_amor_09,27,Eb1,163.0,6.0,0.735,machine_pitch_candidate_not_verified_note
radio_amor_09,28,E1,163.0,1.5,0.772,machine_pitch_candidate_not_verified_note
radio_amor_09,39,Eb2,163.0,6.0,0.707,machine_pitch_candidate_not_verified_note
radio_amor_09,40,E2,163.5,3.0,0.553,machine_pitch_candidate_not_verified_note
radio_amor_09,28,E1,165.0,3.0,0.699,machine_pitch_candidate_not_verified_note
radio_amor_09,40,E2,167.0,2.0,0.534,machine_pitch_candidate_not_verified_note
radio_amor_09,36,C2,168.0,1.5,0.947,machine_pitch_candidate_not_verified_note
radio_amor_09,37,C#2,168.0,4.5,0.817,machine_pitch_candidate_not_verified_note
radio_amor_09,43,G2,169.5,1.5,0.462,machine_pitch_candidate_not_verified_note
radio_amor_09,44,Ab2,169.5,1.5,0.938,machine_pitch_candidate_not_verified_note
radio_amor_09,25,C#1,170.5,1.5,0.634,machine_pitch_candidate_not_verified_note
radio_amor_09,51,Eb3,170.5,1.5,0.358,machine_pitch_candidate_not_verified_note
radio_amor_09,36,C2,171.0,1.5,0.766,machine_pitch_candidate_not_verified_note
radio_amor_09,43,G2,172.0,1.5,0.662,machine_pitch_candidate_not_verified_note
radio_amor_09,44,Ab2,172.0,1.5,0.591,machine_pitch_candidate_not_verified_note
radio_amor_09,38,D2,172.5,1.5,0.633,machine_pitch_candidate_not_verified_note
radio_amor_09,39,Eb2,172.5,5.0,0.852,machine_pitch_candidate_not_verified_note
radio_amor_09,26,D1,173.0,3.5,0.63,machine_pitch_candidate_not_verified_note
radio_amor_09,27,Eb1,173.0,2.5,0.705,machine_pitch_candidate_not_verified_note
radio_amor_09,38,D2,175.0,2.0,0.621,machine_pitch_candidate_not_verified_note
radio_amor_09,43,G2,176.5,7.0,0.953,machine_pitch_candidate_not_verified_note
radio_amor_09,44,Ab2,179.5,2.0,0.714,machine_pitch_candidate_not_verified_note
radio_amor_09,38,D2,180.0,2.5,0.473,machine_pitch_candidate_not_verified_note
radio_amor_09,39,Eb2,180.5,5.5,0.622,machine_pitch_candidate_not_verified_note
radio_amor_09,40,E2,182.5,3.5,0.669,machine_pitch_candidate_not_verified_note
radio_amor_09,27,Eb1,183.0,3.5,0.875,machine_pitch_candidate_not_verified_note
radio_amor_09,28,E1,183.0,3.5,0.969,machine_pitch_candidate_not_verified_note
radio_amor_09,36,C2,186.0,4.0,0.84,machine_pitch_candidate_not_verified_note
radio_amor_09,37,C#2,186.0,3.5,0.837,machine_pitch_candidate_not_verified_note
radio_amor_09,25,C#1,186.5,3.5,0.659,machine_pitch_candidate_not_verified_note
radio_amor_09,39,Eb2,186.5,4.5,0.624,machine_pitch_candidate_not_verified_note
radio_amor_09,24,C1,187.0,2.5,0.342,machine_pitch_candidate_not_verified_note
radio_amor_09,55,G3,188.5,1.5,0.435,machine_pitch_candidate_not_verified_note
radio_amor_09,38,D2,189.5,1.5,0.618,machine_pitch_candidate_not_verified_note
radio_amor_09,26,D1,190.0,2.0,0.622,machine_pitch_candidate_not_verified_note
radio_amor_09,27,Eb1,190.0,2.0,0.824,machine_pitch_candidate_not_verified_note
radio_amor_09,39,Eb2,192.0,3.0,0.88,machine_pitch_candidate_not_verified_note
radio_amor_09,38,D2,192.5,2.0,0.56,machine_pitch_candidate_not_verified_note
radio_amor_09,44,Ab2,194.0,7.0,0.896,machine_pitch_candidate_not_verified_note
radio_amor_09,43,G2,195.5,5.0,0.747,machine_pitch_candidate_not_verified_note
radio_amor_09,27,Eb1,200.0,4.0,0.697,machine_pitch_candidate_not_verified_note
radio_amor_09,28,E1,200.0,3.5,0.649,machine_pitch_candidate_not_verified_note
radio_amor_09,39,Eb2,200.0,6.0,0.808,machine_pitch_candidate_not_verified_note
radio_amor_09,40,E2,200.5,7.0,0.801,machine_pitch_candidate_not_verified_note
radio_amor_09,43,G2,202.0,2.0,0.582,machine_pitch_candidate_not_verified_note
radio_amor_09,44,Ab2,202.5,1.5,0.436,machine_pitch_candidate_not_verified_note
radio_amor_09,37,C#2,205.0,8.5,0.647,machine_pitch_candidate_not_verified_note
radio_amor_09,36,C2,206.0,5.5,0.598,machine_pitch_candidate_not_verified_note
radio_amor_09,39,Eb2,207.0,2.0,0.491,machine_pitch_candidate_not_verified_note
radio_amor_09,25,C#1,208.0,1.5,0.372,machine_pitch_candidate_not_verified_note
radio_amor_09,27,Eb1,208.0,2.5,0.725,machine_pitch_candidate_not_verified_note
radio_amor_09,63,Eb4,208.0,1.5,0.444,machine_pitch_candidate_not_verified_note
radio_amor_09,43,G2,209.0,2.0,0.604,machine_pitch_candidate_not_verified_note
radio_amor_09,39,Eb2,210.5,36.5,0.882,machine_pitch_candidate_not_verified_note
radio_amor_09,27,Eb1,212.0,1.5,0.449,machine_pitch_candidate_not_verified_note
radio_amor_09,38,D2,212.0,2.0,0.375,machine_pitch_candidate_not_verified_note
radio_amor_09,43,G2,212.0,2.0,0.371,machine_pitch_candidate_not_verified_note
radio_amor_09,38,D2,215.0,2.0,0.467,machine_pitch_candidate_not_verified_note
radio_amor_09,36,C2,216.5,17.0,0.858,machine_pitch_candidate_not_verified_note
radio_amor_09,44,Ab2,216.5,5.5,0.546,machine_pitch_candidate_not_verified_note
radio_amor_09,27,Eb1,219.0,2.0,0.737,machine_pitch_candidate_not_verified_note
radio_amor_09,43,G2,220.0,1.5,0.5,machine_pitch_candidate_not_verified_note
radio_amor_09,40,E2,220.5,3.5,0.349,machine_pitch_candidate_not_verified_note
radio_amor_09,37,C#2,224.5,2.0,0.752,machine_pitch_candidate_not_verified_note
radio_amor_09,43,G2,224.5,1.5,0.379,machine_pitch_candidate_not_verified_note
radio_amor_09,44,Ab2,224.5,2.0,0.373,machine_pitch_candidate_not_verified_note
radio_amor_09,43,G2,226.5,3.5,0.62,machine_pitch_candidate_not_verified_note
radio_amor_09,28,E1,228.0,1.5,0.295,machine_pitch_candidate_not_verified_note
radio_amor_09,38,D2,228.5,1.5,0.445,machine_pitch_candidate_not_verified_note
radio_amor_09,44,Ab2,228.5,1.5,0.344,machine_pitch_candidate_not_verified_note
radio_amor_09,27,Eb1,229.5,1.5,0.375,machine_pitch_candidate_not_verified_note
radio_amor_09,40,E2,229.5,1.5,0.323,machine_pitch_candidate_not_verified_note
radio_amor_09,44,Ab2,231.5,1.5,0.41,machine_pitch_candidate_not_verified_note
radio_amor_09,37,C#2,232.0,6.0,0.73,machine_pitch_candidate_not_verified_note
radio_amor_09,40,E2,232.0,3.0,0.492,machine_pitch_candidate_not_verified_note
radio_amor_09,43,G2,232.5,7.0,0.539,machine_pitch_candidate_not_verified_note
radio_amor_09,44,Ab2,234.0,8.0,0.685,machine_pitch_candidate_not_verified_note
radio_amor_09,40,E2,235.5,2.5,0.339,machine_pitch_candidate_not_verified_note
radio_amor_09,63,Eb4,235.5,1.5,0.329,machine_pitch_candidate_not_verified_note
radio_amor_09,27,Eb1,236.5,1.5,0.504,machine_pitch_candidate_not_verified_note
radio_amor_09,37,C#2,238.5,1.5,0.418,machine_pitch_candidate_not_verified_note
radio_amor_09,36,C2,239.5,2.0,0.334,machine_pitch_candidate_not_verified_note
radio_amor_09,43,G2,241.0,3.5,0.497,machine_pitch_candidate_not_verified_note
radio_amor_09,62,D4,241.0,3.5,0.548,machine_pitch_candidate_not_verified_note
radio_amor_09,37,C#2,241.5,3.0,0.711,machine_pitch_candidate_not_verified_note
radio_amor_09,63,Eb4,241.5,3.0,0.695,machine_pitch_candidate_not_verified_note
radio_amor_09,40,E2,242.0,3.0,0.551,machine_pitch_candidate_not_verified_note
radio_amor_09,36,C2,242.5,3.0,0.836,machine_pitch_candidate_not_verified_note
radio_amor_09,44,Ab2,242.5,2.0,0.408,machine_pitch_candidate_not_verified_note
radio_amor_09,37,C#2,245.0,8.5,0.973,machine_pitch_candidate_not_verified_note
radio_amor_09,63,Eb4,245.0,2.0,0.3,machine_pitch_candidate_not_verified_note
radio_amor_09,36,C2,246.5,7.5,0.463,machine_pitch_candidate_not_verified_note
radio_amor_09,63,Eb4,248.0,5.0,0.43,machine_pitch_candidate_not_verified_note
radio_amor_09,43,G2,251.5,2.0,0.634,machine_pitch_candidate_not_verified_note
radio_amor_09,44,Ab2,251.5,8.5,0.809,machine_pitch_candidate_not_verified_note
radio_amor_09,37,C#2,254.5,2.0,0.443,machine_pitch_candidate_not_verified_note
radio_amor_09,63,Eb4,254.5,367.0,0.991,machine_pitch_candidate_not_verified_note
radio_amor_09,62,D4,255.0,78.5,0.667,machine_pitch_candidate_not_verified_note
radio_amor_09,36,C2,258.0,4.0,0.768,machine_pitch_candidate_not_verified_note
radio_amor_09,37,C#2,258.0,2.0,0.353,machine_pitch_candidate_not_verified_note
radio_amor_09,39,Eb2,259.0,6.0,0.566,machine_pitch_candidate_not_verified_note
radio_amor_09,40,E2,259.5,2.5,0.318,machine_pitch_candidate_not_verified_note
radio_amor_09,37,C#2,261.0,3.0,0.674,machine_pitch_candidate_not_verified_note
radio_amor_09,55,G3,261.5,2.0,0.471,machine_pitch_candidate_not_verified_note
radio_amor_09,56,Ab3,261.5,2.0,0.508,machine_pitch_candidate_not_verified_note
radio_amor_09,44,Ab2,266.0,2.0,0.333,machine_pitch_candidate_not_verified_note
radio_amor_09,55,G3,266.0,5.0,0.349,machine_pitch_candidate_not_verified_note
radio_amor_09,56,Ab3,267.5,4.5,0.337,machine_pitch_candidate_not_verified_note
radio_amor_09,55,G3,271.5,3.5,0.349,machine_pitch_candidate_not_verified_note
radio_amor_09,56,Ab3,273.5,2.5,0.357,machine_pitch_candidate_not_verified_note
radio_amor_09,56,Ab3,277.5,1.5,0.527,machine_pitch_candidate_not_verified_note
radio_amor_09,55,G3,279.5,3.0,0.357,machine_pitch_candidate_not_verified_note
radio_amor_09,56,Ab3,280.5,1.5,0.361,machine_pitch_candidate_not_verified_note
radio_amor_09,55,G3,283.5,2.0,0.411,machine_pitch_candidate_not_verified_note
radio_amor_09,56,Ab3,284.0,1.5,0.435,machine_pitch_candidate_not_verified_note
radio_amor_09,55,G3,286.5,2.0,0.332,machine_pitch_candidate_not_verified_note
radio_amor_09,55,G3,290.0,2.5,0.474,machine_pitch_candidate_not_verified_note
radio_amor_09,56,Ab3,290.0,2.5,0.464,machine_pitch_candidate_not_verified_note
radio_amor_09,55,G3,293.0,6.0,0.417,machine_pitch_candidate_not_verified_note
radio_amor_09,56,Ab3,293.0,1.5,0.298,machine_pitch_candidate_not_verified_note
radio_amor_09,56,Ab3,295.0,3.5,0.35,machine_pitch_candidate_not_verified_note
radio_amor_09,56,Ab3,300.0,2.0,0.334,machine_pitch_candidate_not_verified_note
radio_amor_09,55,G3,302.0,4.0,0.32,machine_pitch_candidate_not_verified_note
radio_amor_09,55,G3,306.5,1.5,0.332,machine_pitch_candidate_not_verified_note
radio_amor_09,35,B1,308.5,3.5,0.348,machine_pitch_candidate_not_verified_note
radio_amor_09,55,G3,308.5,2.0,0.386,machine_pitch_candidate_not_verified_note
radio_amor_09,55,G3,312.5,5.0,0.355,machine_pitch_candidate_not_verified_note
radio_amor_09,35,B1,313.0,1.5,0.299,machine_pitch_candidate_not_verified_note
radio_amor_09,55,G3,318.5,5.0,0.376,machine_pitch_candidate_not_verified_note
radio_amor_09,56,Ab3,318.5,1.5,0.344,machine_pitch_candidate_not_verified_note
radio_amor_09,56,Ab3,321.5,1.5,0.292,machine_pitch_candidate_not_verified_note
radio_amor_09,55,G3,324.5,2.5,0.375,machine_pitch_candidate_not_verified_note
radio_amor_09,56,Ab3,325.5,1.5,0.435,machine_pitch_candidate_not_verified_note
radio_amor_09,55,G3,328.0,1.5,0.551,machine_pitch_candidate_not_verified_note
radio_amor_09,56,Ab3,328.0,1.5,0.377,machine_pitch_candidate_not_verified_note
radio_amor_09,35,B1,332.0,1.5,0.369,machine_pitch_candidate_not_verified_note
radio_amor_09,62,D4,334.0,92.5,0.662,machine_pitch_candidate_not_verified_note
radio_amor_09,55,G3,334.5,9.0,0.42,machine_pitch_candidate_not_verified_note
radio_amor_09,35,B1,336.0,1.5,0.29,machine_pitch_candidate_not_verified_note
radio_amor_09,35,B1,339.0,6.0,0.328,machine_pitch_candidate_not_verified_note
radio_amor_09,51,Eb3,339.0,2.0,0.32,machine_pitch_candidate_not_verified_note
radio_amor_09,51,Eb3,342.5,1.5,0.352,machine_pitch_candidate_not_verified_note
radio_amor_09,55,G3,344.5,2.5,0.514,machine_pitch_candidate_not_verified_note
radio_amor_09,35,B1,345.5,2.5,0.377,machine_pitch_candidate_not_verified_note
radio_amor_09,55,G3,348.0,3.0,0.34,machine_pitch_candidate_not_verified_note
radio_amor_09,55,G3,352.0,7.0,0.396,machine_pitch_candidate_not_verified_note
radio_amor_09,35,B1,353.0,4.5,0.331,machine_pitch_candidate_not_verified_note
radio_amor_09,51,Eb3,357.0,1.5,0.345,machine_pitch_candidate_not_verified_note
radio_amor_09,35,B1,359.0,2.5,0.351,machine_pitch_candidate_not_verified_note
radio_amor_09,55,G3,359.5,2.0,0.38,machine_pitch_candidate_not_verified_note
radio_amor_09,35,B1,362.5,4.0,0.355,machine_pitch_candidate_not_verified_note
radio_amor_09,55,G3,364.0,11.0,0.463,machine_pitch_candidate_not_verified_note
radio_amor_09,56,Ab3,364.0,2.0,0.373,machine_pitch_candidate_not_verified_note
radio_amor_09,34,Bb1,364.5,1.5,0.353,machine_pitch_candidate_not_verified_note
radio_amor_09,51,Eb3,365.0,1.5,0.347,machine_pitch_candidate_not_verified_note
radio_amor_09,35,B1,369.0,1.5,0.33,machine_pitch_candidate_not_verified_note
radio_amor_09,51,Eb3,371.0,1.5,0.386,machine_pitch_candidate_not_verified_note
radio_amor_09,35,B1,371.5,5.5,0.409,machine_pitch_candidate_not_verified_note
radio_amor_09,34,Bb1,372.0,3.0,0.312,machine_pitch_candidate_not_verified_note
radio_amor_09,56,Ab3,373.0,1.5,0.39,machine_pitch_candidate_not_verified_note
radio_amor_09,55,G3,375.5,1.5,0.477,machine_pitch_candidate_not_verified_note
radio_amor_09,51,Eb3,376.5,1.5,0.343,machine_pitch_candidate_not_verified_note
radio_amor_09,55,G3,377.5,9.0,0.408,machine_pitch_candidate_not_verified_note
radio_amor_09,35,B1,378.0,7.0,0.402,machine_pitch_candidate_not_verified_note
radio_amor_09,51,Eb3,379.5,1.5,0.399,machine_pitch_candidate_not_verified_note
radio_amor_09,34,Bb1,381.5,2.5,0.349,machine_pitch_candidate_not_verified_note
radio_amor_09,56,Ab3,381.5,2.5,0.334,machine_pitch_candidate_not_verified_note
radio_amor_09,51,Eb3,382.5,1.5,0.5,machine_pitch_candidate_not_verified_note
radio_amor_09,35,B1,385.5,15.0,0.35,machine_pitch_candidate_not_verified_note
radio_amor_09,55,G3,387.5,3.0,0.33,machine_pitch_candidate_not_verified_note
radio_amor_09,51,Eb3,388.0,1.5,0.404,machine_pitch_candidate_not_verified_note
radio_amor_09,56,Ab3,389.0,1.5,0.308,machine_pitch_candidate_not_verified_note
radio_amor_09,55,G3,391.5,2.5,0.459,machine_pitch_candidate_not_verified_note
radio_amor_09,51,Eb3,393.5,2.0,0.377,machine_pitch_candidate_not_verified_note
radio_amor_09,55,G3,395.0,3.5,0.392,machine_pitch_candidate_not_verified_note
radio_amor_09,56,Ab3,396.5,1.5,0.296,machine_pitch_candidate_not_verified_note
radio_amor_09,51,Eb3,397.0,1.5,0.368,machine_pitch_candidate_not_verified_note
radio_amor_09,56,Ab3,399.0,1.5,0.292,machine_pitch_candidate_not_verified_note
radio_amor_09,55,G3,402.0,5.5,0.509,machine_pitch_candidate_not_verified_note
radio_amor_09,56,Ab3,402.5,4.5,0.517,machine_pitch_candidate_not_verified_note
radio_amor_09,56,Ab3,410.0,2.5,0.421,machine_pitch_candidate_not_verified_note
radio_amor_09,55,G3,412.0,4.0,0.489,machine_pitch_candidate_not_verified_note
radio_amor_09,35,B1,416.5,2.5,0.337,machine_pitch_candidate_not_verified_note
radio_amor_09,55,G3,416.5,2.0,0.39,machine_pitch_candidate_not_verified_note
radio_amor_09,35,B1,422.5,1.5,0.344,machine_pitch_candidate_not_verified_note
radio_amor_09,56,Ab3,424.5,2.0,0.466,machine_pitch_candidate_not_verified_note
radio_amor_09,56,Ab3,427.5,2.5,0.475,machine_pitch_candidate_not_verified_note
radio_amor_09,62,D4,427.5,145.0,0.537,machine_pitch_candidate_not_verified_note
radio_amor_09,55,G3,428.0,2.0,0.363,machine_pitch_candidate_not_verified_note
radio_amor_09,56,Ab3,434.0,2.0,0.574,machine_pitch_candidate_not_verified_note
radio_amor_09,55,G3,434.5,2.5,0.435,machine_pitch_candidate_not_verified_note
radio_amor_09,51,Eb3,436.5,1.5,0.306,machine_pitch_candidate_not_verified_note
radio_amor_09,55,G3,437.5,2.5,0.4,machine_pitch_candidate_not_verified_note
radio_amor_09,56,Ab3,437.5,1.5,0.655,machine_pitch_candidate_not_verified_note
radio_amor_09,55,G3,440.5,2.5,0.396,machine_pitch_candidate_not_verified_note
radio_amor_09,56,Ab3,441.0,1.5,0.492,machine_pitch_candidate_not_verified_note
radio_amor_09,56,Ab3,460.5,1.5,0.471,machine_pitch_candidate_not_verified_note
radio_amor_09,56,Ab3,476.0,2.0,0.405,machine_pitch_candidate_not_verified_note
radio_amor_09,56,Ab3,482.5,1.5,0.376,machine_pitch_candidate_not_verified_note
radio_amor_09,56,Ab3,485.0,1.5,0.373,machine_pitch_candidate_not_verified_note
radio_amor_09,56,Ab3,490.0,1.5,0.365,machine_pitch_candidate_not_verified_note
radio_amor_09,36,C2,511.5,3.0,0.349,machine_pitch_candidate_not_verified_note
radio_amor_09,36,C2,515.5,2.0,0.318,machine_pitch_candidate_not_verified_note
radio_amor_09,36,C2,518.0,6.0,0.382,machine_pitch_candidate_not_verified_note
radio_amor_09,36,C2,527.5,17.0,0.431,machine_pitch_candidate_not_verified_note
radio_amor_09,36,C2,545.5,30.0,0.566,machine_pitch_candidate_not_verified_note
radio_amor_09,44,Ab2,548.0,7.5,0.409,machine_pitch_candidate_not_verified_note
radio_amor_09,37,C#2,552.5,3.0,0.343,machine_pitch_candidate_not_verified_note
radio_amor_09,37,C#2,557.0,2.0,0.355,machine_pitch_candidate_not_verified_note
radio_amor_09,44,Ab2,557.0,3.0,0.353,machine_pitch_candidate_not_verified_note
radio_amor_09,56,Ab3,557.5,3.0,0.331,machine_pitch_candidate_not_verified_note
radio_amor_09,44,Ab2,562.0,16.0,0.413,machine_pitch_candidate_not_verified_note
radio_amor_09,62,D4,573.0,48.5,0.523,machine_pitch_candidate_not_verified_note
radio_amor_09,58,Bb3,573.5,3.5,0.316,machine_pitch_candidate_not_verified_note
radio_amor_09,48,C3,574.5,2.0,0.318,machine_pitch_candidate_not_verified_note
radio_amor_09,36,C2,576.0,1.5,0.416,machine_pitch_candidate_not_verified_note
radio_amor_09,37,C#2,577.5,1.5,0.323,machine_pitch_candidate_not_verified_note
radio_amor_09,36,C2,578.5,2.0,0.507,machine_pitch_candidate_not_verified_note
radio_amor_09,44,Ab2,578.5,6.5,0.398,machine_pitch_candidate_not_verified_note
radio_amor_09,37,C#2,580.0,3.5,0.474,machine_pitch_candidate_not_verified_note
radio_amor_09,55,G3,580.5,1.5,0.347,machine_pitch_candidate_not_verified_note
radio_amor_09,56,Ab3,580.5,1.5,0.449,machine_pitch_candidate_not_verified_note
radio_amor_09,36,C2,581.5,1.5,0.667,machine_pitch_candidate_not_verified_note
radio_amor_09,36,C2,584.0,1.5,0.532,machine_pitch_candidate_not_verified_note
radio_amor_09,36,C2,587.0,4.5,0.484,machine_pitch_candidate_not_verified_note
radio_amor_09,56,Ab3,587.0,1.5,0.526,machine_pitch_candidate_not_verified_note
radio_amor_09,56,Ab3,591.0,4.0,0.348,machine_pitch_candidate_not_verified_note
radio_amor_09,58,Bb3,591.0,1.5,0.298,machine_pitch_candidate_not_verified_note
radio_amor_09,36,C2,593.0,1.5,0.391,machine_pitch_candidate_not_verified_note
radio_amor_09,37,C#2,593.0,1.5,0.479,machine_pitch_candidate_not_verified_note
radio_amor_09,44,Ab2,593.0,1.5,0.288,machine_pitch_candidate_not_verified_note
radio_amor_09,37,C#2,595.5,2.0,0.353,machine_pitch_candidate_not_verified_note
radio_amor_09,56,Ab3,595.5,2.0,0.386,machine_pitch_candidate_not_verified_note
radio_amor_09,36,C2,596.0,1.5,0.6,machine_pitch_candidate_not_verified_note
radio_amor_09,44,Ab2,598.0,1.5,0.353,machine_pitch_candidate_not_verified_note
radio_amor_09,56,Ab3,598.0,1.5,0.442,machine_pitch_candidate_not_verified_note
radio_amor_09,36,C2,598.5,2.0,0.389,machine_pitch_candidate_not_verified_note
radio_amor_09,56,Ab3,600.0,2.0,0.41,machine_pitch_candidate_not_verified_note
radio_amor_09,55,G3,600.5,1.5,0.305,machine_pitch_candidate_not_verified_note
radio_amor_09,37,C#2,602.0,1.5,0.325,machine_pitch_candidate_not_verified_note
radio_amor_09,56,Ab3,603.0,1.5,0.533,machine_pitch_candidate_not_verified_note
radio_amor_09,36,C2,604.5,2.0,0.46,machine_pitch_candidate_not_verified_note
radio_amor_09,56,Ab3,605.0,3.5,0.403,machine_pitch_candidate_not_verified_note
radio_amor_09,55,G3,606.5,1.5,0.417,machine_pitch_candidate_not_verified_note
radio_amor_09,37,C#2,607.5,2.5,0.322,machine_pitch_candidate_not_verified_note
radio_amor_09,56,Ab3,609.0,1.5,0.387,machine_pitch_candidate_not_verified_note
radio_amor_09,56,Ab3,612.0,1.5,0.385,machine_pitch_candidate_not_verified_note
radio_amor_09,55,G3,612.5,3.5,0.35,machine_pitch_candidate_not_verified_note
radio_amor_09,58,Bb3,613.0,1.5,0.331,machine_pitch_candidate_not_verified_note
radio_amor_09,36,C2,613.5,1.5,0.369,machine_pitch_candidate_not_verified_note
radio_amor_09,56,Ab3,614.0,2.0,0.46,machine_pitch_candidate_not_verified_note
radio_amor_09,24,C1,616.5,1.5,0.315,machine_pitch_candidate_not_verified_note
radio_amor_09,36,C2,616.5,1.5,0.419,machine_pitch_candidate_not_verified_note
radio_amor_09,56,Ab3,616.5,3.0,0.531,machine_pitch_candidate_not_verified_note
radio_amor_09,58,Bb3,616.5,1.5,0.395,machine_pitch_candidate_not_verified_note
radio_amor_09,37,C#2,617.0,1.5,0.334,machine_pitch_candidate_not_verified_note
radio_amor_09,55,G3,617.5,2.0,0.453,machine_pitch_candidate_not_verified_note
radio_amor_09,56,Ab3,620.0,1.5,0.509,machine_pitch_candidate_not_verified_note
radio_amor_09,46,Bb2,620.5,2.0,0.805,machine_pitch_candidate_not_verified_note
radio_amor_09,47,B2,620.5,2.5,0.645,machine_pitch_candidate_not_verified_note
radio_amor_09,25,C#1,622.5,11.78,0.981,machine_pitch_candidate_not_verified_note
radio_amor_10,25,C#1,0.0,16.0,0.882,machine_pitch_candidate_not_verified_note
radio_amor_10,28,E1,2.5,1.5,0.319,machine_pitch_candidate_not_verified_note
radio_amor_10,51,Eb3,5.0,11.0,0.703,machine_pitch_candidate_not_verified_note
radio_amor_10,27,Eb1,6.0,4.5,0.295,machine_pitch_candidate_not_verified_note
radio_amor_10,28,E1,6.0,5.0,0.319,machine_pitch_candidate_not_verified_note
radio_amor_10,54,F#3,9.0,54.0,0.843,machine_pitch_candidate_not_verified_note
radio_amor_10,51,Eb3,19.5,2.0,0.364,machine_pitch_candidate_not_verified_note
radio_amor_10,51,Eb3,22.5,1.5,0.323,machine_pitch_candidate_not_verified_note
radio_amor_10,51,Eb3,24.5,4.5,0.315,machine_pitch_candidate_not_verified_note
radio_amor_10,63,Eb4,38.0,2.5,0.632,machine_pitch_candidate_not_verified_note
radio_amor_10,66,F#4,39.0,1.5,0.966,machine_pitch_candidate_not_verified_note
radio_amor_10,70,Bb4,39.0,1.5,0.747,machine_pitch_candidate_not_verified_note
radio_amor_10,58,Bb3,40.5,1.5,0.669,machine_pitch_candidate_not_verified_note
radio_amor_10,61,C#4,40.5,2.0,0.826,machine_pitch_candidate_not_verified_note
radio_amor_10,65,F4,40.5,1.5,0.484,machine_pitch_candidate_not_verified_note
radio_amor_10,56,Ab3,42.0,1.5,0.844,machine_pitch_candidate_not_verified_note
radio_amor_10,59,B3,42.0,1.5,0.907,machine_pitch_candidate_not_verified_note
radio_amor_10,51,Eb3,43.5,6.0,0.861,machine_pitch_candidate_not_verified_note
radio_amor_10,58,Bb3,43.5,1.5,0.78,machine_pitch_candidate_not_verified_note
radio_amor_10,61,C#4,43.5,1.5,0.392,machine_pitch_candidate_not_verified_note
radio_amor_10,65,F4,45.0,2.5,0.347,machine_pitch_candidate_not_verified_note
radio_amor_10,58,Bb3,46.5,1.5,0.59,machine_pitch_candidate_not_verified_note
radio_amor_10,63,Eb4,48.0,1.5,0.64,machine_pitch_candidate_not_verified_note
radio_amor_10,66,F#4,48.0,4.5,0.56,machine_pitch_candidate_not_verified_note
radio_amor_10,58,Bb3,49.5,1.5,0.866,machine_pitch_candidate_not_verified_note
radio_amor_10,61,C#4,49.5,1.5,1.0,machine_pitch_candidate_not_verified_note
radio_amor_10,51,Eb3,51.0,4.5,0.549,machine_pitch_candidate_not_verified_note
radio_amor_10,56,Ab3,51.0,1.5,0.447,machine_pitch_candidate_not_verified_note
radio_amor_10,59,B3,51.0,4.5,0.627,machine_pitch_candidate_not_verified_note
radio_amor_10,61,C#4,52.5,1.5,0.53,machine_pitch_candidate_not_verified_note
radio_amor_10,61,C#4,55.5,1.5,0.767,machine_pitch_candidate_not_verified_note
radio_amor_10,65,F4,55.5,5.5,0.582,machine_pitch_candidate_not_verified_note
radio_amor_10,56,Ab3,56.5,1.5,0.384,machine_pitch_candidate_not_verified_note
radio_amor_10,59,B3,56.5,2.0,0.997,machine_pitch_candidate_not_verified_note
radio_amor_10,51,Eb3,58.5,26.5,0.703,machine_pitch_candidate_not_verified_note
radio_amor_10,58,Bb3,58.5,1.5,0.404,machine_pitch_candidate_not_verified_note
radio_amor_10,61,C#4,58.5,1.5,0.442,machine_pitch_candidate_not_verified_note
radio_amor_10,59,B3,59.5,1.5,0.415,machine_pitch_candidate_not_verified_note
radio_amor_10,58,Bb3,61.5,2.5,0.39,machine_pitch_candidate_not_verified_note
radio_amor_10,66,F#4,61.5,2.5,0.638,machine_pitch_candidate_not_verified_note
radio_amor_10,61,C#4,62.5,1.5,0.818,machine_pitch_candidate_not_verified_note
radio_amor_10,56,Ab3,64.0,1.5,0.447,machine_pitch_candidate_not_verified_note
radio_amor_10,59,B3,64.0,4.5,0.758,machine_pitch_candidate_not_verified_note
radio_amor_10,63,Eb4,64.0,1.5,0.368,machine_pitch_candidate_not_verified_note
radio_amor_10,54,F#3,65.5,6.0,0.655,machine_pitch_candidate_not_verified_note
radio_amor_10,58,Bb3,65.5,1.5,0.494,machine_pitch_candidate_not_verified_note
radio_amor_10,58,Bb3,68.5,3.0,0.486,machine_pitch_candidate_not_verified_note
radio_amor_10,63,Eb4,68.5,1.5,0.501,machine_pitch_candidate_not_verified_note
radio_amor_10,66,F#4,68.5,4.5,0.584,machine_pitch_candidate_not_verified_note
radio_amor_10,61,C#4,70.0,1.5,0.99,machine_pitch_candidate_not_verified_note
radio_amor_10,65,F4,70.0,4.5,0.558,machine_pitch_candidate_not_verified_note
radio_amor_10,56,Ab3,71.5,1.5,0.473,machine_pitch_candidate_not_verified_note
radio_amor_10,59,B3,71.5,6.0,0.598,machine_pitch_candidate_not_verified_note
radio_amor_10,63,Eb4,71.5,1.5,0.632,machine_pitch_candidate_not_verified_note
radio_amor_10,54,F#3,72.5,12.0,0.755,machine_pitch_candidate_not_verified_note
radio_amor_10,61,C#4,73.0,1.5,0.316,machine_pitch_candidate_not_verified_note
radio_amor_10,66,F#4,76.0,1.5,0.386,machine_pitch_candidate_not_verified_note
radio_amor_10,61,C#4,77.5,5.0,0.549,machine_pitch_candidate_not_verified_note
radio_amor_10,65,F4,77.5,2.5,0.531,machine_pitch_candidate_not_verified_note
radio_amor_10,56,Ab3,79.0,1.5,0.65,machine_pitch_candidate_not_verified_note
radio_amor_10,59,B3,79.0,1.5,1.0,machine_pitch_candidate_not_verified_note
radio_amor_10,58,Bb3,80.5,1.5,0.738,machine_pitch_candidate_not_verified_note
radio_amor_10,65,F4,81.5,1.5,0.323,machine_pitch_candidate_not_verified_note
radio_amor_10,59,B3,82.0,1.5,0.562,machine_pitch_candidate_not_verified_note
radio_amor_10,63,Eb4,83.0,1.5,0.576,machine_pitch_candidate_not_verified_note
radio_amor_10,66,F#4,83.0,2.0,0.821,machine_pitch_candidate_not_verified_note
radio_amor_10,70,Bb4,83.0,1.5,0.463,machine_pitch_candidate_not_verified_note
radio_amor_10,58,Bb3,83.5,2.5,0.564,machine_pitch_candidate_not_verified_note
radio_amor_10,61,C#4,84.5,1.5,1.0,machine_pitch_candidate_not_verified_note
radio_amor_10,65,F4,84.5,1.5,0.61,machine_pitch_candidate_not_verified_note
radio_amor_10,56,Ab3,86.0,1.5,0.4,machine_pitch_candidate_not_verified_note
radio_amor_10,59,B3,86.0,1.5,1.0,machine_pitch_candidate_not_verified_note
radio_amor_10,63,Eb4,86.0,1.5,0.635,machine_pitch_candidate_not_verified_note
radio_amor_10,51,Eb3,87.0,22.5,0.652,machine_pitch_candidate_not_verified_note
radio_amor_10,54,F#3,87.5,22.0,0.842,machine_pitch_candidate_not_verified_note
radio_amor_10,58,Bb3,87.5,1.5,0.883,machine_pitch_candidate_not_verified_note
radio_amor_10,61,C#4,87.5,1.5,0.351,machine_pitch_candidate_not_verified_note
radio_amor_10,59,B3,89.0,1.5,0.421,machine_pitch_candidate_not_verified_note
radio_amor_10,58,Bb3,90.5,3.0,0.843,machine_pitch_candidate_not_verified_note
radio_amor_10,63,Eb4,90.5,1.5,0.746,machine_pitch_candidate_not_verified_note
radio_amor_10,66,F#4,90.5,1.5,1.0,machine_pitch_candidate_not_verified_note
radio_amor_10,61,C#4,92.0,1.5,1.0,machine_pitch_candidate_not_verified_note
radio_amor_10,65,F4,92.0,2.0,0.759,machine_pitch_candidate_not_verified_note
radio_amor_10,56,Ab3,93.5,1.5,0.546,machine_pitch_candidate_not_verified_note
radio_amor_10,59,B3,93.5,2.0,0.833,machine_pitch_candidate_not_verified_note
radio_amor_10,58,Bb3,95.0,1.5,0.806,machine_pitch_candidate_not_verified_note
radio_amor_10,58,Bb3,98.0,1.5,0.347,machine_pitch_candidate_not_verified_note
radio_amor_10,61,C#4,99.5,1.5,1.0,machine_pitch_candidate_not_verified_note
radio_amor_10,65,F4,99.5,3.0,0.588,machine_pitch_candidate_not_verified_note
radio_amor_10,56,Ab3,101.0,1.5,0.559,machine_pitch_candidate_not_verified_note
radio_amor_10,59,B3,101.0,1.5,0.851,machine_pitch_candidate_not_verified_note
radio_amor_10,63,Eb4,101.0,1.5,0.549,machine_pitch_candidate_not_verified_note
radio_amor_10,59,B3,103.5,1.5,0.409,machine_pitch_candidate_not_verified_note
radio_amor_10,58,Bb3,105.0,3.0,0.476,machine_pitch_candidate_not_verified_note
radio_amor_10,66,F#4,105.5,2.5,0.456,machine_pitch_candidate_not_verified_note
radio_amor_10,61,C#4,106.5,2.0,0.683,machine_pitch_candidate_not_verified_note
radio_amor_10,59,B3,108.0,6.0,0.908,machine_pitch_candidate_not_verified_note
radio_amor_10,63,Eb4,108.0,2.0,0.847,machine_pitch_candidate_not_verified_note
radio_amor_10,63,Eb4,111.0,3.0,0.914,machine_pitch_candidate_not_verified_note
radio_amor_10,66,F#4,112.5,4.5,0.558,machine_pitch_candidate_not_verified_note
radio_amor_10,70,Bb4,112.5,1.5,0.573,machine_pitch_candidate_not_verified_note
radio_amor_10,58,Bb3,114.0,1.5,0.499,machine_pitch_candidate_not_verified_note
radio_amor_10,61,C#4,114.0,1.5,1.0,machine_pitch_candidate_not_verified_note
radio_amor_10,65,F4,114.0,3.0,0.549,machine_pitch_candidate_not_verified_note
radio_amor_10,56,Ab3,115.5,1.5,0.896,machine_pitch_candidate_not_verified_note
radio_amor_10,59,B3,115.5,1.5,0.947,machine_pitch_candidate_not_verified_note
radio_amor_10,51,Eb3,117.0,4.0,0.533,machine_pitch_candidate_not_verified_note
radio_amor_10,54,F#3,117.0,12.0,0.754,machine_pitch_candidate_not_verified_note
radio_amor_10,58,Bb3,117.0,1.5,0.397,machine_pitch_candidate_not_verified_note
radio_amor_10,58,Bb3,120.0,3.0,0.519,machine_pitch_candidate_not_verified_note
radio_amor_10,66,F#4,120.0,1.5,0.935,machine_pitch_candidate_not_verified_note
radio_amor_10,61,C#4,121.5,1.5,1.0,machine_pitch_candidate_not_verified_note
radio_amor_10,51,Eb3,123.0,6.0,0.735,machine_pitch_candidate_not_verified_note
radio_amor_10,56,Ab3,123.0,1.5,0.896,machine_pitch_candidate_not_verified_note
radio_amor_10,59,B3,123.0,1.5,0.976,machine_pitch_candidate_not_verified_note
radio_amor_10,66,F#4,123.0,1.5,0.519,machine_pitch_candidate_not_verified_note
radio_amor_10,61,C#4,124.5,1.5,0.5,machine_pitch_candidate_not_verified_note
radio_amor_10,63,Eb4,127.5,1.5,0.777,machine_pitch_candidate_not_verified_note
radio_amor_10,66,F#4,127.5,4.0,0.585,machine_pitch_candidate_not_verified_note
radio_amor_10,61,C#4,128.5,2.0,0.834,machine_pitch_candidate_not_verified_note
radio_amor_10,65,F4,129.0,1.5,0.538,machine_pitch_candidate_not_verified_note
radio_amor_10,51,Eb3,130.0,2.5,0.328,machine_pitch_candidate_not_verified_note
radio_amor_10,44,Ab2,130.5,9.0,0.374,machine_pitch_candidate_not_verified_note
radio_amor_10,59,B3,130.5,1.5,0.771,machine_pitch_candidate_not_verified_note
radio_amor_10,63,Eb4,130.5,1.5,1.0,machine_pitch_candidate_not_verified_note
radio_amor_10,54,F#3,132.0,19.0,0.774,machine_pitch_candidate_not_verified_note
radio_amor_10,61,C#4,132.0,1.5,0.48,machine_pitch_candidate_not_verified_note
radio_amor_10,51,Eb3,133.5,9.0,0.727,machine_pitch_candidate_not_verified_note
radio_amor_10,58,Bb3,136.0,15.5,0.896,machine_pitch_candidate_not_verified_note
radio_amor_10,44,Ab2,140.0,10.0,0.601,machine_pitch_candidate_not_verified_note
radio_amor_10,51,Eb3,143.0,7.5,0.386,machine_pitch_candidate_not_verified_note
radio_amor_10,47,B2,148.5,9.0,0.891,machine_pitch_candidate_not_verified_note
radio_amor_10,63,Eb4,152.5,1.5,0.532,machine_pitch_candidate_not_verified_note
radio_amor_10,66,F#4,152.5,1.5,0.413,machine_pitch_candidate_not_verified_note
radio_amor_10,68,Ab4,152.5,3.0,0.398,machine_pitch_candidate_not_verified_note
radio_amor_10,58,Bb3,154.0,1.5,0.683,machine_pitch_candidate_not_verified_note
radio_amor_10,61,C#4,154.0,4.0,0.506,machine_pitch_candidate_not_verified_note
radio_amor_10,65,F4,154.0,5.5,0.492,machine_pitch_candidate_not_verified_note
radio_amor_10,44,Ab2,155.0,3.5,0.555,machine_pitch_candidate_not_verified_note
radio_amor_10,51,Eb3,157.0,4.5,0.536,machine_pitch_candidate_not_verified_note
radio_amor_10,54,F#3,157.0,5.0,0.804,machine_pitch_candidate_not_verified_note
radio_amor_10,56,Ab3,158.5,1.5,0.417,machine_pitch_candidate_not_verified_note
radio_amor_10,44,Ab2,160.0,3.0,0.545,machine_pitch_candidate_not_verified_note
radio_amor_10,63,Eb4,160.0,3.0,0.675,machine_pitch_candidate_not_verified_note
radio_amor_10,66,F#4,160.0,3.5,0.755,machine_pitch_candidate_not_verified_note
radio_amor_10,61,C#4,161.5,2.0,0.816,machine_pitch_candidate_not_verified_note
radio_amor_10,56,Ab3,163.0,2.0,0.509,machine_pitch_candidate_not_verified_note
radio_amor_10,59,B3,163.0,8.5,0.93,machine_pitch_candidate_not_verified_note
radio_amor_10,51,Eb3,164.0,4.0,0.409,machine_pitch_candidate_not_verified_note
radio_amor_10,54,F#3,164.0,4.0,0.506,machine_pitch_candidate_not_verified_note
radio_amor_10,56,Ab3,166.5,7.5,0.565,machine_pitch_candidate_not_verified_note
radio_amor_10,54,F#3,168.5,14.0,0.716,machine_pitch_candidate_not_verified_note
radio_amor_10,61,C#4,168.5,1.5,1.0,machine_pitch_candidate_not_verified_note
radio_amor_10,65,F4,168.5,1.5,0.482,machine_pitch_candidate_not_verified_note
radio_amor_10,51,Eb3,170.0,10.5,0.794,machine_pitch_candidate_not_verified_note
radio_amor_10,63,Eb4,170.0,1.5,0.596,machine_pitch_candidate_not_verified_note
radio_amor_10,47,B2,175.0,5.5,0.555,machine_pitch_candidate_not_verified_note
radio_amor_10,56,Ab3,177.0,5.5,0.685,machine_pitch_candidate_not_verified_note
radio_amor_10,27,Eb1,179.5,3.0,0.533,machine_pitch_candidate_not_verified_note
radio_amor_10,51,Eb3,182.0,5.5,0.833,machine_pitch_candidate_not_verified_note
radio_amor_10,54,F#3,183.5,5.5,0.704,machine_pitch_candidate_not_verified_note
radio_amor_10,63,Eb4,187.0,1.5,0.325,machine_pitch_candidate_not_verified_note
radio_amor_10,59,B3,187.5,1.5,0.671,machine_pitch_candidate_not_verified_note
radio_amor_10,47,B2,188.0,6.5,0.894,machine_pitch_candidate_not_verified_note
radio_amor_10,63,Eb4,189.0,2.0,0.607,machine_pitch_candidate_not_verified_note
radio_amor_10,51,Eb3,190.5,5.0,0.837,machine_pitch_candidate_not_verified_note
radio_amor_10,54,F#3,190.5,2.0,0.431,machine_pitch_candidate_not_verified_note
radio_amor_10,59,B3,190.5,4.0,0.617,machine_pitch_candidate_not_verified_note
radio_amor_10,63,Eb4,192.0,7.5,0.666,machine_pitch_candidate_not_verified_note
radio_amor_10,56,Ab3,193.5,2.0,0.397,machine_pitch_candidate_not_verified_note
radio_amor_10,46,Bb2,195.0,1.5,0.438,machine_pitch_candidate_not_verified_note
radio_amor_10,49,C#3,195.0,1.5,0.849,machine_pitch_candidate_not_verified_note
radio_amor_10,53,F3,195.0,4.5,0.715,machine_pitch_candidate_not_verified_note
radio_amor_10,59,B3,195.5,3.5,0.736,machine_pitch_candidate_not_verified_note
radio_amor_10,47,B2,196.5,10.5,0.814,machine_pitch_candidate_not_verified_note
radio_amor_10,51,Eb3,196.5,6.0,0.618,machine_pitch_candidate_not_verified_note
radio_amor_10,34,Bb1,197.5,2.0,0.336,machine_pitch_candidate_not_verified_note
radio_amor_10,54,F#3,199.5,1.5,0.426,machine_pitch_candidate_not_verified_note
radio_amor_10,58,Bb3,202.0,1.5,0.407,machine_pitch_candidate_not_verified_note
radio_amor_10,56,Ab3,203.5,1.5,0.478,machine_pitch_candidate_not_verified_note
radio_amor_10,63,Eb4,203.5,1.5,0.415,machine_pitch_candidate_not_verified_note
radio_amor_10,51,Eb3,204.5,13.0,0.444,machine_pitch_candidate_not_verified_note
radio_amor_10,54,F#3,205.0,27.5,1.0,machine_pitch_candidate_not_verified_note
radio_amor_10,51,Eb3,221.0,5.5,0.335,machine_pitch_candidate_not_verified_note
radio_amor_10,59,B3,230.5,26.0,0.685,machine_pitch_candidate_not_verified_note
radio_amor_10,66,F#4,232.0,24.5,0.963,machine_pitch_candidate_not_verified_note
radio_amor_10,41,F2,256.5,5.5,0.928,machine_pitch_candidate_not_verified_note
radio_amor_10,72,C5,256.5,2.5,0.553,machine_pitch_candidate_not_verified_note
radio_amor_10,75,Eb5,256.5,1.5,0.475,machine_pitch_candidate_not_verified_note
radio_amor_10,64,E4,257.5,1.5,0.645,machine_pitch_candidate_not_verified_note
radio_amor_10,69,A4,258.0,2.0,0.454,machine_pitch_candidate_not_verified_note
radio_amor_10,47,B2,258.5,3.5,0.335,machine_pitch_candidate_not_verified_note
radio_amor_10,46,Bb2,259.5,2.5,0.322,machine_pitch_candidate_not_verified_note
radio_amor_10,75,Eb5,259.5,2.0,0.345,machine_pitch_candidate_not_verified_note
mirages_01,34,Bb1,0.0,1.5,0.786,machine_pitch_candidate_not_verified_note
mirages_01,48,C3,0.5,1.5,0.466,machine_pitch_candidate_not_verified_note
mirages_01,84,C6,0.5,2.0,0.781,machine_pitch_candidate_not_verified_note
mirages_01,42,F#2,1.0,1.5,0.533,machine_pitch_candidate_not_verified_note
mirages_01,43,G2,1.0,3.0,0.916,machine_pitch_candidate_not_verified_note
mirages_01,48,C3,2.5,1.5,0.365,machine_pitch_candidate_not_verified_note
mirages_01,85,C#6,2.5,2.0,0.686,machine_pitch_candidate_not_verified_note
mirages_01,52,E3,3.0,1.5,0.587,machine_pitch_candidate_not_verified_note
mirages_01,64,E4,3.5,1.5,0.843,machine_pitch_candidate_not_verified_note
mirages_01,35,B1,4.0,4.0,0.791,machine_pitch_candidate_not_verified_note
mirages_01,47,B2,4.5,2.5,0.808,machine_pitch_candidate_not_verified_note
mirages_01,34,Bb1,5.0,2.5,0.509,machine_pitch_candidate_not_verified_note
mirages_01,46,Bb2,6.5,2.0,0.765,machine_pitch_candidate_not_verified_note
mirages_01,32,Ab1,7.5,1.5,0.497,machine_pitch_candidate_not_verified_note
mirages_01,45,A2,7.5,1.5,0.562,machine_pitch_candidate_not_verified_note
mirages_01,33,A1,8.0,8.0,0.68,machine_pitch_candidate_not_verified_note
mirages_01,34,Bb1,8.0,2.0,0.531,machine_pitch_candidate_not_verified_note
mirages_01,52,E3,8.0,4.5,0.653,machine_pitch_candidate_not_verified_note
mirages_01,85,C#6,8.0,4.0,0.778,machine_pitch_candidate_not_verified_note
mirages_01,47,B2,8.5,1.5,0.569,machine_pitch_candidate_not_verified_note
mirages_01,57,A3,9.5,5.0,0.571,machine_pitch_candidate_not_verified_note
mirages_01,34,Bb1,11.0,2.0,0.544,machine_pitch_candidate_not_verified_note
mirages_01,44,Ab2,11.0,1.5,0.439,machine_pitch_candidate_not_verified_note
mirages_01,64,E4,11.0,3.0,0.425,machine_pitch_candidate_not_verified_note
mirages_01,46,Bb2,12.5,1.5,1.0,machine_pitch_candidate_not_verified_note
mirages_01,85,C#6,12.5,2.5,0.632,machine_pitch_candidate_not_verified_note
mirages_01,44,Ab2,13.5,1.5,0.519,machine_pitch_candidate_not_verified_note
mirages_01,34,Bb1,14.0,3.0,0.628,machine_pitch_candidate_not_verified_note
mirages_01,48,C3,14.0,1.5,0.692,machine_pitch_candidate_not_verified_note
mirages_01,47,B2,14.5,3.5,0.777,machine_pitch_candidate_not_verified_note
mirages_01,33,A1,17.0,7.0,0.874,machine_pitch_candidate_not_verified_note
mirages_01,34,Bb1,17.5,2.0,0.673,machine_pitch_candidate_not_verified_note
mirages_01,52,E3,17.5,2.5,0.601,machine_pitch_candidate_not_verified_note
mirages_01,85,C#6,17.5,1.5,0.554,machine_pitch_candidate_not_verified_note
mirages_01,38,D2,18.0,1.5,0.479,machine_pitch_candidate_not_verified_note
mirages_01,48,C3,18.0,2.0,0.398,machine_pitch_candidate_not_verified_note
mirages_01,62,D4,18.0,2.0,0.387,machine_pitch_candidate_not_verified_note
mirages_01,43,G2,19.0,1.5,0.622,machine_pitch_candidate_not_verified_note
mirages_01,48,C3,21.5,2.0,0.694,machine_pitch_candidate_not_verified_note
mirages_01,32,Ab1,22.0,2.0,0.491,machine_pitch_candidate_not_verified_note
mirages_01,35,B1,22.5,3.0,0.91,machine_pitch_candidate_not_verified_note
mirages_01,36,C2,23.5,2.5,0.615,machine_pitch_candidate_not_verified_note
mirages_01,33,A1,25.0,2.0,0.82,machine_pitch_candidate_not_verified_note
mirages_01,34,Bb1,26.0,2.5,0.597,machine_pitch_candidate_not_verified_note
mirages_01,52,E3,26.0,8.0,0.614,machine_pitch_candidate_not_verified_note
mirages_01,84,C6,26.0,2.5,0.527,machine_pitch_candidate_not_verified_note
mirages_01,38,D2,27.0,3.0,0.454,machine_pitch_candidate_not_verified_note
mirages_01,59,B3,27.0,1.5,0.337,machine_pitch_candidate_not_verified_note
mirages_01,62,D4,27.0,1.5,0.746,machine_pitch_candidate_not_verified_note
mirages_01,78,F#5,27.0,1.5,0.344,machine_pitch_candidate_not_verified_note
mirages_01,57,A3,28.0,1.5,0.483,machine_pitch_candidate_not_verified_note
mirages_01,85,C#6,28.0,5.5,0.687,machine_pitch_candidate_not_verified_note
mirages_01,33,A1,28.5,4.0,0.866,machine_pitch_candidate_not_verified_note
mirages_01,84,C6,30.0,4.0,0.877,machine_pitch_candidate_not_verified_note
mirages_01,48,C3,31.0,1.5,0.369,machine_pitch_candidate_not_verified_note
mirages_01,34,Bb1,31.5,2.0,0.667,machine_pitch_candidate_not_verified_note
mirages_01,38,D2,31.5,1.5,0.395,machine_pitch_candidate_not_verified_note
mirages_01,57,A3,31.5,1.5,0.319,machine_pitch_candidate_not_verified_note
mirages_01,93,A6,31.5,2.0,0.481,machine_pitch_candidate_not_verified_note
mirages_01,47,B2,33.0,2.0,0.616,machine_pitch_candidate_not_verified_note
mirages_01,86,D6,33.0,1.5,0.52,machine_pitch_candidate_not_verified_note
mirages_01,64,E4,33.5,2.0,0.452,machine_pitch_candidate_not_verified_note
mirages_01,76,E5,33.5,1.5,0.32,machine_pitch_candidate_not_verified_note
mirages_01,32,Ab1,34.0,1.5,0.513,machine_pitch_candidate_not_verified_note
mirages_01,33,A1,34.0,3.0,0.853,machine_pitch_candidate_not_verified_note
mirages_01,84,C6,34.5,2.0,0.635,machine_pitch_candidate_not_verified_note
mirages_01,38,D2,36.0,2.5,0.924,machine_pitch_candidate_not_verified_note
mirages_01,85,C#6,36.5,5.5,0.558,machine_pitch_candidate_not_verified_note
mirages_01,55,G3,37.5,1.5,0.409,machine_pitch_candidate_not_verified_note
mirages_01,40,E2,38.0,1.5,0.689,machine_pitch_candidate_not_verified_note
mirages_01,33,A1,39.5,6.0,1.0,machine_pitch_candidate_not_verified_note
mirages_01,32,Ab1,41.5,2.0,0.727,machine_pitch_candidate_not_verified_note
mirages_01,38,D2,45.0,3.0,0.889,machine_pitch_candidate_not_verified_note
mirages_01,90,F#6,46.0,1.5,0.327,machine_pitch_candidate_not_verified_note
mirages_01,45,A2,46.5,1.5,0.554,machine_pitch_candidate_not_verified_note
mirages_01,85,C#6,46.5,1.5,0.423,machine_pitch_candidate_not_verified_note
mirages_01,40,E2,47.0,2.0,0.749,machine_pitch_candidate_not_verified_note
mirages_01,47,B2,47.0,2.0,0.426,machine_pitch_candidate_not_verified_note
mirages_01,33,A1,48.0,7.5,0.958,machine_pitch_candidate_not_verified_note
mirages_01,38,D2,54.0,4.0,0.792,machine_pitch_candidate_not_verified_note
mirages_01,90,F#6,54.5,2.5,0.421,machine_pitch_candidate_not_verified_note
mirages_01,31,G1,55.5,1.5,0.458,machine_pitch_candidate_not_verified_note
mirages_01,47,B2,55.5,2.0,0.561,machine_pitch_candidate_not_verified_note
mirages_01,33,A1,56.5,7.5,0.92,machine_pitch_candidate_not_verified_note
mirages_01,35,B1,57.0,1.5,0.774,machine_pitch_candidate_not_verified_note
mirages_01,32,Ab1,61.5,1.5,0.416,machine_pitch_candidate_not_verified_note
mirages_01,38,D2,63.0,4.5,0.73,machine_pitch_candidate_not_verified_note
mirages_01,40,E2,65.5,2.5,0.79,machine_pitch_candidate_not_verified_note
mirages_01,47,B2,65.5,1.5,0.404,machine_pitch_candidate_not_verified_note
mirages_01,33,A1,66.5,6.0,0.878,machine_pitch_candidate_not_verified_note
mirages_01,34,Bb1,67.0,1.5,0.51,machine_pitch_candidate_not_verified_note
mirages_01,32,Ab1,68.0,2.0,0.621,machine_pitch_candidate_not_verified_note
mirages_01,38,D2,71.5,5.0,0.886,machine_pitch_candidate_not_verified_note
mirages_01,90,F#6,74.0,1.5,0.311,machine_pitch_candidate_not_verified_note
mirages_01,40,E2,74.5,2.5,0.768,machine_pitch_candidate_not_verified_note
mirages_01,33,A1,76.0,5.0,0.945,machine_pitch_candidate_not_verified_note
mirages_01,45,A2,76.0,3.0,0.603,machine_pitch_candidate_not_verified_note
mirages_01,34,Bb1,76.5,3.0,0.514,machine_pitch_candidate_not_verified_note
mirages_01,32,Ab1,80.0,1.5,0.409,machine_pitch_candidate_not_verified_note
mirages_01,38,D2,80.5,5.0,0.945,machine_pitch_candidate_not_verified_note
mirages_01,40,E2,82.5,2.5,0.473,machine_pitch_candidate_not_verified_note
mirages_01,47,B2,83.0,1.5,0.525,machine_pitch_candidate_not_verified_note
mirages_01,32,Ab1,83.5,1.5,0.42,machine_pitch_candidate_not_verified_note
mirages_01,41,F2,83.5,1.5,0.74,machine_pitch_candidate_not_verified_note
mirages_01,45,A2,83.5,1.5,0.682,machine_pitch_candidate_not_verified_note
mirages_01,33,A1,85.0,6.0,0.948,machine_pitch_candidate_not_verified_note
mirages_01,38,D2,89.5,4.0,0.889,machine_pitch_candidate_not_verified_note
mirages_01,33,A1,93.0,2.0,0.907,machine_pitch_candidate_not_verified_note
mirages_01,45,A2,93.0,2.0,0.929,machine_pitch_candidate_not_verified_note
mirages_01,41,F2,93.5,1.5,0.71,machine_pitch_candidate_not_verified_note
mirages_01,48,C3,95.0,1.5,0.334,machine_pitch_candidate_not_verified_note
mirages_01,33,A1,95.5,8.0,0.841,machine_pitch_candidate_not_verified_note
mirages_01,43,G2,95.5,2.0,0.364,machine_pitch_candidate_not_verified_note
mirages_01,35,B1,96.0,1.5,0.49,machine_pitch_candidate_not_verified_note
mirages_01,32,Ab1,97.0,2.5,0.482,machine_pitch_candidate_not_verified_note
mirages_01,36,C2,97.5,1.5,0.564,machine_pitch_candidate_not_verified_note
mirages_01,29,F1,98.0,2.5,0.869,machine_pitch_candidate_not_verified_note
mirages_01,38,D2,99.0,3.0,0.659,machine_pitch_candidate_not_verified_note
mirages_01,35,B1,99.5,2.0,0.917,machine_pitch_candidate_not_verified_note
mirages_01,47,B2,99.5,5.5,0.63,machine_pitch_candidate_not_verified_note
mirages_01,71,B4,99.5,1.5,0.456,machine_pitch_candidate_not_verified_note
mirages_01,76,E5,101.0,1.5,0.514,machine_pitch_candidate_not_verified_note
mirages_01,38,D2,103.5,3.0,0.559,machine_pitch_candidate_not_verified_note
mirages_01,33,A1,104.0,2.0,0.778,machine_pitch_candidate_not_verified_note
mirages_01,45,A2,104.0,1.5,0.706,machine_pitch_candidate_not_verified_note
mirages_01,57,A3,104.5,4.0,0.604,machine_pitch_candidate_not_verified_note
mirages_01,64,E4,104.5,2.5,0.64,machine_pitch_candidate_not_verified_note
mirages_01,32,Ab1,106.0,1.5,0.389,machine_pitch_candidate_not_verified_note
mirages_01,55,G3,106.5,1.5,0.412,machine_pitch_candidate_not_verified_note
mirages_01,33,A1,107.0,1.5,0.893,machine_pitch_candidate_not_verified_note
mirages_01,34,Bb1,107.5,1.5,0.373,machine_pitch_candidate_not_verified_note
mirages_01,38,D2,108.0,1.5,0.399,machine_pitch_candidate_not_verified_note
mirages_01,35,B1,108.5,1.5,0.479,machine_pitch_candidate_not_verified_note
mirages_01,47,B2,108.5,1.5,0.717,machine_pitch_candidate_not_verified_note
mirages_01,52,E3,108.5,2.0,0.888,machine_pitch_candidate_not_verified_note
mirages_01,32,Ab1,109.0,2.0,0.334,machine_pitch_candidate_not_verified_note
mirages_01,71,B4,109.0,1.5,0.517,machine_pitch_candidate_not_verified_note
mirages_01,36,C2,109.5,5.0,0.707,machine_pitch_candidate_not_verified_note
mirages_01,33,A1,110.0,2.5,0.736,machine_pitch_candidate_not_verified_note
mirages_01,37,C#2,110.0,1.5,0.552,machine_pitch_candidate_not_verified_note
mirages_01,57,A3,110.0,1.5,0.778,machine_pitch_candidate_not_verified_note
mirages_01,47,B2,110.5,2.5,0.76,machine_pitch_candidate_not_verified_note
mirages_01,32,Ab1,113.0,2.0,0.536,machine_pitch_candidate_not_verified_note
mirages_01,38,D2,113.0,1.5,0.417,machine_pitch_candidate_not_verified_note
mirages_01,34,Bb1,113.5,1.5,0.552,machine_pitch_candidate_not_verified_note
mirages_01,41,F2,113.5,2.5,0.56,machine_pitch_candidate_not_verified_note
mirages_01,76,E5,113.5,2.0,0.881,machine_pitch_candidate_not_verified_note
mirages_01,35,B1,114.0,1.5,0.94,machine_pitch_candidate_not_verified_note
mirages_01,52,E3,114.0,1.5,0.688,machine_pitch_candidate_not_verified_note
mirages_01,64,E4,114.0,1.5,0.391,machine_pitch_candidate_not_verified_note
mirages_01,38,D2,115.0,1.5,0.397,machine_pitch_candidate_not_verified_note
mirages_01,36,C2,115.5,1.5,0.961,machine_pitch_candidate_not_verified_note
mirages_01,33,A1,116.0,5.5,0.93,machine_pitch_candidate_not_verified_note
mirages_01,37,C#2,116.0,1.5,0.489,machine_pitch_candidate_not_verified_note
mirages_01,38,D2,117.5,2.5,0.522,machine_pitch_candidate_not_verified_note
mirages_01,36,C2,120.0,1.5,0.782,machine_pitch_candidate_not_verified_note
mirages_01,34,Bb1,120.5,2.5,0.676,machine_pitch_candidate_not_verified_note
mirages_01,47,B2,120.5,1.5,0.466,machine_pitch_candidate_not_verified_note
mirages_01,38,D2,121.0,2.5,0.734,machine_pitch_candidate_not_verified_note
mirages_01,28,E1,121.5,2.0,0.471,machine_pitch_candidate_not_verified_note
mirages_01,35,B1,121.5,1.5,0.994,machine_pitch_candidate_not_verified_note
mirages_01,45,A2,122.0,1.5,0.77,machine_pitch_candidate_not_verified_note
mirages_01,32,Ab1,122.5,3.0,0.54,machine_pitch_candidate_not_verified_note
mirages_01,33,A1,123.0,1.5,0.862,machine_pitch_candidate_not_verified_note
mirages_01,37,C#2,123.5,1.5,0.686,machine_pitch_candidate_not_verified_note
mirages_01,34,Bb1,124.0,3.0,0.644,machine_pitch_candidate_not_verified_note
mirages_01,43,G2,124.5,2.5,0.565,machine_pitch_candidate_not_verified_note
mirages_01,35,B1,125.5,1.5,1.0,machine_pitch_candidate_not_verified_note
mirages_01,38,D2,127.0,4.0,0.917,machine_pitch_candidate_not_verified_note
mirages_01,35,B1,129.0,4.0,0.828,machine_pitch_candidate_not_verified_note
mirages_01,40,E2,129.0,1.5,0.627,machine_pitch_candidate_not_verified_note
mirages_01,47,B2,129.0,1.5,0.54,machine_pitch_candidate_not_verified_note
mirages_01,78,F#5,129.5,1.5,0.698,machine_pitch_candidate_not_verified_note
mirages_01,33,A1,130.5,4.5,0.743,machine_pitch_candidate_not_verified_note
mirages_01,45,A2,130.5,2.5,0.825,machine_pitch_candidate_not_verified_note
mirages_01,34,Bb1,131.0,1.5,0.515,machine_pitch_candidate_not_verified_note
mirages_01,43,G2,134.0,2.5,0.912,machine_pitch_candidate_not_verified_note
mirages_01,76,E5,134.0,2.5,0.388,machine_pitch_candidate_not_verified_note
mirages_01,35,B1,134.5,1.5,0.682,machine_pitch_candidate_not_verified_note
mirages_01,33,A1,136.0,2.5,0.735,machine_pitch_candidate_not_verified_note
mirages_01,34,Bb1,136.0,1.5,0.329,machine_pitch_candidate_not_verified_note
mirages_01,57,A3,136.0,1.5,0.442,machine_pitch_candidate_not_verified_note
mirages_01,32,Ab1,136.5,2.0,0.66,machine_pitch_candidate_not_verified_note
mirages_01,52,E3,136.5,2.5,0.43,machine_pitch_candidate_not_verified_note
mirages_01,45,A2,137.0,1.5,1.0,machine_pitch_candidate_not_verified_note
mirages_01,34,Bb1,138.5,2.0,0.519,machine_pitch_candidate_not_verified_note
mirages_01,47,B2,138.5,2.0,0.865,machine_pitch_candidate_not_verified_note
mirages_01,33,A1,140.5,2.5,1.0,machine_pitch_candidate_not_verified_note
mirages_01,36,C2,143.0,1.5,0.927,machine_pitch_candidate_not_verified_note
mirages_01,43,G2,143.0,2.0,0.568,machine_pitch_candidate_not_verified_note
mirages_01,64,E4,143.0,2.5,0.871,machine_pitch_candidate_not_verified_note
mirages_01,71,B4,143.0,1.5,0.471,machine_pitch_candidate_not_verified_note
mirages_01,76,E5,143.0,2.5,0.482,machine_pitch_candidate_not_verified_note
mirages_01,78,F#5,143.0,2.5,0.715,machine_pitch_candidate_not_verified_note
mirages_01,42,F#2,143.5,2.0,0.575,machine_pitch_candidate_not_verified_note
mirages_01,38,D2,144.0,3.0,0.644,machine_pitch_candidate_not_verified_note
mirages_01,33,A1,145.0,3.5,0.795,machine_pitch_candidate_not_verified_note
mirages_01,90,F#6,145.0,1.5,0.613,machine_pitch_candidate_not_verified_note
mirages_01,45,A2,146.0,1.5,0.615,machine_pitch_candidate_not_verified_note
mirages_01,36,C2,147.5,3.5,0.549,machine_pitch_candidate_not_verified_note
mirages_01,78,F#5,147.5,1.5,0.442,machine_pitch_candidate_not_verified_note
mirages_01,35,B1,148.0,1.5,0.81,machine_pitch_candidate_not_verified_note
mirages_01,32,Ab1,149.0,2.0,0.404,machine_pitch_candidate_not_verified_note
mirages_01,33,A1,149.0,7.5,0.833,machine_pitch_candidate_not_verified_note
mirages_01,78,F#5,151.5,6.0,0.63,machine_pitch_candidate_not_verified_note
mirages_01,42,F#2,152.0,2.5,0.511,machine_pitch_candidate_not_verified_note
mirages_01,43,G2,152.0,2.5,0.999,machine_pitch_candidate_not_verified_note
mirages_01,55,G3,152.0,2.5,0.658,machine_pitch_candidate_not_verified_note
mirages_01,80,Ab5,152.0,2.0,0.428,machine_pitch_candidate_not_verified_note
mirages_01,38,D2,154.0,2.5,0.803,machine_pitch_candidate_not_verified_note
mirages_01,52,E3,154.0,2.0,0.543,machine_pitch_candidate_not_verified_note
mirages_01,45,A2,154.5,2.0,0.593,machine_pitch_candidate_not_verified_note
mirages_01,59,B3,154.5,2.0,0.333,machine_pitch_candidate_not_verified_note
mirages_01,85,C#6,154.5,1.5,0.628,machine_pitch_candidate_not_verified_note
mirages_01,90,F#6,154.5,2.0,0.693,machine_pitch_candidate_not_verified_note
mirages_01,35,B1,156.5,2.0,1.0,machine_pitch_candidate_not_verified_note
mirages_01,78,F#5,158.0,2.5,0.621,machine_pitch_candidate_not_verified_note
mirages_01,32,Ab1,158.5,2.0,0.384,machine_pitch_candidate_not_verified_note
mirages_01,33,A1,158.5,7.5,0.737,machine_pitch_candidate_not_verified_note
mirages_01,84,C6,158.5,1.5,0.435,machine_pitch_candidate_not_verified_note
mirages_01,52,E3,160.5,3.0,0.907,machine_pitch_candidate_not_verified_note
mirages_01,42,F#2,161.0,1.5,0.521,machine_pitch_candidate_not_verified_note
mirages_01,64,E4,161.0,2.5,0.653,machine_pitch_candidate_not_verified_note
mirages_01,43,G2,162.0,1.5,0.892,machine_pitch_candidate_not_verified_note
mirages_01,38,D2,163.5,2.0,0.594,machine_pitch_candidate_not_verified_note
mirages_01,48,C3,163.5,1.5,1.0,machine_pitch_candidate_not_verified_note
mirages_01,35,B1,165.0,1.5,0.401,machine_pitch_candidate_not_verified_note
mirages_01,64,E4,165.0,1.5,0.312,machine_pitch_candidate_not_verified_note
mirages_01,47,B2,165.5,2.0,0.874,machine_pitch_candidate_not_verified_note
mirages_01,90,F#6,166.0,1.5,0.377,machine_pitch_candidate_not_verified_note
mirages_01,33,A1,167.0,6.0,0.911,machine_pitch_candidate_not_verified_note
mirages_01,38,D2,171.0,4.5,0.771,machine_pitch_candidate_not_verified_note
mirages_01,88,E6,171.0,1.5,0.386,machine_pitch_candidate_not_verified_note
mirages_01,78,F#5,174.0,3.0,0.351,machine_pitch_candidate_not_verified_note
mirages_01,47,B2,174.5,2.0,1.0,machine_pitch_candidate_not_verified_note
mirages_01,33,A1,175.0,5.5,0.94,machine_pitch_candidate_not_verified_note
mirages_01,32,Ab1,176.5,1.5,0.46,machine_pitch_candidate_not_verified_note
mirages_01,45,A2,177.0,1.5,0.892,machine_pitch_candidate_not_verified_note
mirages_01,32,Ab1,179.5,1.5,0.445,machine_pitch_candidate_not_verified_note
mirages_01,55,G3,179.5,1.5,0.499,machine_pitch_candidate_not_verified_note
mirages_01,88,E6,179.5,1.5,0.575,machine_pitch_candidate_not_verified_note
mirages_01,38,D2,180.0,5.0,0.913,machine_pitch_candidate_not_verified_note
mirages_01,33,A1,181.0,2.0,0.765,machine_pitch_candidate_not_verified_note
mirages_01,31,G1,181.5,2.0,0.512,machine_pitch_candidate_not_verified_note
mirages_01,47,B2,182.5,3.0,0.531,machine_pitch_candidate_not_verified_note
mirages_01,35,B1,183.0,2.5,0.404,machine_pitch_candidate_not_verified_note
mirages_01,40,E2,184.0,1.5,0.327,machine_pitch_candidate_not_verified_note
mirages_01,78,F#5,184.0,1.5,0.36,machine_pitch_candidate_not_verified_note
mirages_01,32,Ab1,184.5,1.5,0.51,machine_pitch_candidate_not_verified_note
mirages_01,33,A1,184.5,3.5,0.978,machine_pitch_candidate_not_verified_note
mirages_01,32,Ab1,187.0,2.0,0.627,machine_pitch_candidate_not_verified_note
mirages_01,45,A2,187.0,1.5,0.802,machine_pitch_candidate_not_verified_note
mirages_01,88,E6,187.5,2.0,0.471,machine_pitch_candidate_not_verified_note
mirages_01,33,A1,188.5,2.5,0.88,machine_pitch_candidate_not_verified_note
mirages_01,38,D2,190.0,4.5,0.871,machine_pitch_candidate_not_verified_note
mirages_01,90,F#6,190.5,3.0,0.416,machine_pitch_candidate_not_verified_note
mirages_01,33,A1,192.0,16.5,0.859,machine_pitch_candidate_not_verified_note
mirages_01,40,E2,192.0,2.0,0.494,machine_pitch_candidate_not_verified_note
mirages_01,45,A2,192.0,2.0,0.765,machine_pitch_candidate_not_verified_note
mirages_01,47,B2,192.5,1.5,0.654,machine_pitch_candidate_not_verified_note
mirages_01,83,B5,192.5,1.5,0.304,machine_pitch_candidate_not_verified_note
mirages_01,34,Bb1,196.5,1.5,0.322,machine_pitch_candidate_not_verified_note
mirages_01,38,D2,198.0,3.5,0.824,machine_pitch_candidate_not_verified_note
mirages_01,40,E2,201.0,1.5,0.479,machine_pitch_candidate_not_verified_note
mirages_01,47,B2,201.0,2.5,0.536,machine_pitch_candidate_not_verified_note
mirages_01,32,Ab1,202.5,1.5,0.316,machine_pitch_candidate_not_verified_note
mirages_01,34,Bb1,203.0,1.5,0.418,machine_pitch_candidate_not_verified_note
mirages_01,45,A2,203.0,2.0,0.388,machine_pitch_candidate_not_verified_note
mirages_01,38,D2,207.5,4.5,0.934,machine_pitch_candidate_not_verified_note
mirages_01,40,E2,209.5,2.5,0.433,machine_pitch_candidate_not_verified_note
mirages_01,47,B2,209.5,2.5,0.565,machine_pitch_candidate_not_verified_note
mirages_01,33,A1,210.0,8.5,0.899,machine_pitch_candidate_not_verified_note
mirages_01,38,D2,216.5,3.5,0.818,machine_pitch_candidate_not_verified_note
mirages_01,33,A1,219.0,8.5,0.887,machine_pitch_candidate_not_verified_note
mirages_01,40,E2,219.0,2.5,0.602,machine_pitch_candidate_not_verified_note
mirages_01,47,B2,219.0,2.5,0.795,machine_pitch_candidate_not_verified_note
mirages_01,34,Bb1,220.5,2.0,0.341,machine_pitch_candidate_not_verified_note
mirages_01,38,D2,225.5,5.5,0.861,machine_pitch_candidate_not_verified_note
mirages_01,33,A1,228.5,8.0,0.883,machine_pitch_candidate_not_verified_note
mirages_01,47,B2,228.5,1.5,0.783,machine_pitch_candidate_not_verified_note
mirages_01,32,Ab1,229.0,1.5,0.36,machine_pitch_candidate_not_verified_note
mirages_01,38,D2,234.5,3.5,0.732,machine_pitch_candidate_not_verified_note
mirages_01,33,A1,237.0,5.5,0.938,machine_pitch_candidate_not_verified_note
mirages_01,35,B1,241.5,2.5,0.859,machine_pitch_candidate_not_verified_note
mirages_01,33,A1,243.5,2.5,0.816,machine_pitch_candidate_not_verified_note
mirages_01,38,D2,243.5,1.5,0.403,machine_pitch_candidate_not_verified_note
mirages_01,64,E4,243.5,2.5,0.638,machine_pitch_candidate_not_verified_note
mirages_01,32,Ab1,244.0,5.0,0.512,machine_pitch_candidate_not_verified_note
mirages_01,52,E3,244.5,4.5,0.466,machine_pitch_candidate_not_verified_note
mirages_01,57,A3,244.5,2.0,0.557,machine_pitch_candidate_not_verified_note
mirages_01,60,C4,244.5,2.0,0.419,machine_pitch_candidate_not_verified_note
mirages_01,33,A1,246.5,5.5,0.818,machine_pitch_candidate_not_verified_note
mirages_01,43,G2,246.5,2.0,0.589,machine_pitch_candidate_not_verified_note
mirages_01,55,G3,247.0,1.5,0.318,machine_pitch_candidate_not_verified_note
mirages_01,34,Bb1,247.5,1.5,0.567,machine_pitch_candidate_not_verified_note
mirages_01,57,A3,249.0,2.5,0.651,machine_pitch_candidate_not_verified_note
mirages_01,32,Ab1,249.5,2.0,0.556,machine_pitch_candidate_not_verified_note
mirages_01,47,B2,250.5,4.5,0.747,machine_pitch_candidate_not_verified_note
mirages_01,38,D2,251.0,2.0,0.806,machine_pitch_candidate_not_verified_note
mirages_01,52,E3,253.0,2.0,0.503,machine_pitch_candidate_not_verified_note
mirages_01,57,A3,253.0,1.5,0.485,machine_pitch_candidate_not_verified_note
mirages_01,32,Ab1,253.5,1.5,0.793,machine_pitch_candidate_not_verified_note
mirages_01,33,A1,253.5,22.5,0.876,machine_pitch_candidate_not_verified_note
mirages_01,38,D2,258.5,5.5,0.82,machine_pitch_candidate_not_verified_note
mirages_01,86,D6,258.5,2.0,0.526,machine_pitch_candidate_not_verified_note
mirages_01,64,E4,259.0,2.0,0.451,machine_pitch_candidate_not_verified_note
mirages_01,31,G1,259.5,2.0,0.707,machine_pitch_candidate_not_verified_note
mirages_01,50,D3,259.5,1.5,0.307,machine_pitch_candidate_not_verified_note
mirages_01,47,B2,260.0,1.5,0.634,machine_pitch_candidate_not_verified_note
mirages_01,52,E3,262.5,1.5,0.405,machine_pitch_candidate_not_verified_note
mirages_01,32,Ab1,264.0,3.0,0.545,machine_pitch_candidate_not_verified_note
mirages_01,43,G2,264.5,2.5,0.494,machine_pitch_candidate_not_verified_note
mirages_01,38,D2,267.0,3.5,0.647,machine_pitch_candidate_not_verified_note
mirages_01,57,A3,267.5,1.5,0.448,machine_pitch_candidate_not_verified_note
mirages_01,64,E4,267.5,1.5,0.48,machine_pitch_candidate_not_verified_note
mirages_01,64,E4,272.5,25.39,0.883,machine_pitch_candidate_not_verified_note
mirages_01,90,F#6,274.0,1.5,0.437,machine_pitch_candidate_not_verified_note
mirages_01,38,D2,274.5,3.5,0.798,machine_pitch_candidate_not_verified_note
mirages_01,90,F#6,279.0,2.5,0.786,machine_pitch_candidate_not_verified_note
mirages_01,71,B4,280.0,1.5,0.494,machine_pitch_candidate_not_verified_note
mirages_01,86,D6,280.0,1.5,0.535,machine_pitch_candidate_not_verified_note
mirages_01,25,C#1,281.5,2.5,0.626,machine_pitch_candidate_not_verified_note
mirages_01,31,G1,282.0,2.0,0.827,machine_pitch_candidate_not_verified_note
mirages_01,28,E1,282.5,3.0,0.527,machine_pitch_candidate_not_verified_note
mirages_01,62,D4,282.5,1.5,0.398,machine_pitch_candidate_not_verified_note
mirages_01,88,E6,283.5,3.5,0.764,machine_pitch_candidate_not_verified_note
mirages_01,35,B1,284.0,2.0,0.565,machine_pitch_candidate_not_verified_note
mirages_01,38,D2,285.5,1.5,0.602,machine_pitch_candidate_not_verified_note
mirages_01,67,G4,285.5,1.5,0.692,machine_pitch_candidate_not_verified_note
mirages_01,25,C#1,289.0,1.5,0.636,machine_pitch_candidate_not_verified_note
mirages_01,90,F#6,291.0,2.0,0.438,machine_pitch_candidate_not_verified_note
mirages_01,25,C#1,291.5,1.5,0.328,machine_pitch_candidate_not_verified_note
mirages_01,62,D4,292.0,1.5,0.3,machine_pitch_candidate_not_verified_note
mirages_01,88,E6,294.0,1.5,0.414,machine_pitch_candidate_not_verified_note
mirages_01,71,B4,294.5,1.5,0.448,machine_pitch_candidate_not_verified_note
mirages_01,90,F#6,295.5,2.39,0.808,machine_pitch_candidate_not_verified_note
mirages_01,84,C6,296.0,1.5,0.468,machine_pitch_candidate_not_verified_note
mirages_01,72,C5,296.5,1.39,0.335,machine_pitch_candidate_not_verified_note
mirages_02,41,F2,0.0,9.5,0.793,machine_pitch_candidate_not_verified_note
mirages_02,48,C3,0.0,8.5,0.787,machine_pitch_candidate_not_verified_note
mirages_02,77,F5,0.0,4.5,0.717,machine_pitch_candidate_not_verified_note
mirages_02,77,F5,5.0,4.5,0.878,machine_pitch_candidate_not_verified_note
mirages_02,43,G2,7.5,7.0,0.672,machine_pitch_candidate_not_verified_note
mirages_02,72,C5,8.0,3.5,0.709,machine_pitch_candidate_not_verified_note
mirages_02,74,D5,8.0,1.5,0.404,machine_pitch_candidate_not_verified_note
mirages_02,69,A4,11.5,3.0,0.841,machine_pitch_candidate_not_verified_note
mirages_02,41,F2,14.0,15.5,0.884,machine_pitch_candidate_not_verified_note
mirages_02,74,D5,20.5,6.0,0.638,machine_pitch_candidate_not_verified_note
mirages_02,48,C3,21.5,1.5,0.481,machine_pitch_candidate_not_verified_note
mirages_02,48,C3,24.0,3.0,0.583,machine_pitch_candidate_not_verified_note
mirages_02,77,F5,24.0,5.0,0.648,machine_pitch_candidate_not_verified_note
mirages_02,43,G2,24.5,3.0,0.621,machine_pitch_candidate_not_verified_note
mirages_02,72,C5,25.5,1.5,0.36,machine_pitch_candidate_not_verified_note
mirages_02,50,D3,26.0,1.5,0.603,machine_pitch_candidate_not_verified_note
mirages_02,74,D5,27.0,2.0,0.329,machine_pitch_candidate_not_verified_note
mirages_02,43,G2,28.0,3.5,0.841,machine_pitch_candidate_not_verified_note
mirages_02,69,A4,28.5,2.0,0.415,machine_pitch_candidate_not_verified_note
mirages_02,72,C5,29.5,2.0,0.7,machine_pitch_candidate_not_verified_note
mirages_02,50,D3,30.0,2.0,0.553,machine_pitch_candidate_not_verified_note
mirages_02,41,F2,31.0,13.0,0.856,machine_pitch_candidate_not_verified_note
mirages_02,70,Bb4,31.0,1.5,0.559,machine_pitch_candidate_not_verified_note
mirages_02,48,C3,32.0,1.5,0.486,machine_pitch_candidate_not_verified_note
mirages_02,70,Bb4,35.0,1.5,0.535,machine_pitch_candidate_not_verified_note
mirages_02,77,F5,37.0,1.5,0.44,machine_pitch_candidate_not_verified_note
mirages_02,48,C3,37.5,1.5,0.785,machine_pitch_candidate_not_verified_note
mirages_02,74,D5,39.0,3.0,0.639,machine_pitch_candidate_not_verified_note
mirages_02,48,C3,40.0,3.5,0.723,machine_pitch_candidate_not_verified_note
mirages_02,77,F5,40.5,7.0,0.682,machine_pitch_candidate_not_verified_note
mirages_02,74,D5,42.5,3.0,0.48,machine_pitch_candidate_not_verified_note
mirages_02,72,C5,43.5,6.0,0.846,machine_pitch_candidate_not_verified_note
mirages_02,43,G2,44.0,4.5,0.856,machine_pitch_candidate_not_verified_note
mirages_02,50,D3,45.0,2.5,0.603,machine_pitch_candidate_not_verified_note
mirages_02,69,A4,45.0,2.5,0.512,machine_pitch_candidate_not_verified_note
mirages_02,70,Bb4,49.0,1.5,0.324,machine_pitch_candidate_not_verified_note
mirages_02,41,F2,49.5,9.0,0.938,machine_pitch_candidate_not_verified_note
mirages_02,70,Bb4,51.5,2.5,0.398,machine_pitch_candidate_not_verified_note
mirages_02,77,F5,53.0,7.0,0.583,machine_pitch_candidate_not_verified_note
mirages_02,48,C3,55.0,3.0,0.519,machine_pitch_candidate_not_verified_note
mirages_02,72,C5,57.5,1.5,0.494,machine_pitch_candidate_not_verified_note
mirages_02,43,G2,58.5,3.5,0.52,machine_pitch_candidate_not_verified_note
mirages_02,69,A4,58.5,2.5,0.869,machine_pitch_candidate_not_verified_note
mirages_02,70,Bb4,58.5,1.5,0.599,machine_pitch_candidate_not_verified_note
mirages_02,41,F2,59.0,1.5,0.386,machine_pitch_candidate_not_verified_note
mirages_02,72,C5,60.0,3.5,0.741,machine_pitch_candidate_not_verified_note
mirages_02,42,F#2,61.5,1.5,0.638,machine_pitch_candidate_not_verified_note
mirages_02,69,A4,61.5,1.5,0.372,machine_pitch_candidate_not_verified_note
mirages_02,41,F2,62.5,11.0,0.979,machine_pitch_candidate_not_verified_note
mirages_02,48,C3,62.5,1.5,0.644,machine_pitch_candidate_not_verified_note
mirages_02,67,G4,63.0,2.0,0.375,machine_pitch_candidate_not_verified_note
mirages_02,77,F5,69.0,5.5,0.566,machine_pitch_candidate_not_verified_note
mirages_02,72,C5,71.0,1.5,0.406,machine_pitch_candidate_not_verified_note
mirages_02,75,Eb5,71.0,1.5,0.392,machine_pitch_candidate_not_verified_note
mirages_02,43,G2,72.0,6.5,0.53,machine_pitch_candidate_not_verified_note
mirages_02,31,G1,72.5,2.5,0.614,machine_pitch_candidate_not_verified_note
mirages_02,50,D3,73.0,2.0,0.32,machine_pitch_candidate_not_verified_note
mirages_02,72,C5,73.0,7.5,0.618,machine_pitch_candidate_not_verified_note
mirages_02,28,E1,73.5,1.5,0.403,machine_pitch_candidate_not_verified_note
mirages_02,50,D3,76.0,3.0,0.398,machine_pitch_candidate_not_verified_note
mirages_02,41,F2,76.5,10.0,0.898,machine_pitch_candidate_not_verified_note
mirages_02,31,G1,79.0,1.5,0.587,machine_pitch_candidate_not_verified_note
mirages_02,43,G2,80.0,3.0,0.476,machine_pitch_candidate_not_verified_note
mirages_02,48,C3,81.0,1.5,0.71,machine_pitch_candidate_not_verified_note
mirages_02,70,Bb4,81.0,3.5,0.569,machine_pitch_candidate_not_verified_note
mirages_02,48,C3,83.5,8.0,0.861,machine_pitch_candidate_not_verified_note
mirages_02,77,F5,84.5,5.0,0.427,machine_pitch_candidate_not_verified_note
mirages_02,31,G1,87.0,3.0,0.577,machine_pitch_candidate_not_verified_note
mirages_02,43,G2,87.5,6.5,0.886,machine_pitch_candidate_not_verified_note
mirages_02,28,E1,88.5,1.5,0.31,machine_pitch_candidate_not_verified_note
mirages_02,72,C5,90.0,8.5,0.702,machine_pitch_candidate_not_verified_note
mirages_02,77,F5,90.5,1.5,0.468,machine_pitch_candidate_not_verified_note
mirages_02,41,F2,92.0,2.0,0.753,machine_pitch_candidate_not_verified_note
mirages_02,50,D3,92.5,4.0,0.478,machine_pitch_candidate_not_verified_note
mirages_02,31,G1,93.5,2.5,0.773,machine_pitch_candidate_not_verified_note
mirages_02,43,G2,95.0,4.0,0.827,machine_pitch_candidate_not_verified_note
mirages_02,41,F2,96.0,8.0,0.845,machine_pitch_candidate_not_verified_note
mirages_02,70,Bb4,96.5,9.5,0.591,machine_pitch_candidate_not_verified_note
mirages_02,48,C3,97.0,2.5,0.585,machine_pitch_candidate_not_verified_note
mirages_02,50,D3,97.5,2.0,0.704,machine_pitch_candidate_not_verified_note
mirages_02,48,C3,100.5,7.0,0.884,machine_pitch_candidate_not_verified_note
mirages_02,56,Ab3,101.5,1.5,0.384,machine_pitch_candidate_not_verified_note
mirages_02,31,G1,102.5,2.5,0.472,machine_pitch_candidate_not_verified_note
mirages_02,43,G2,102.5,4.0,0.668,machine_pitch_candidate_not_verified_note
mirages_02,77,F5,102.5,4.5,0.428,machine_pitch_candidate_not_verified_note
mirages_02,41,F2,105.5,4.0,0.829,machine_pitch_candidate_not_verified_note
mirages_02,31,G1,109.0,2.5,0.657,machine_pitch_candidate_not_verified_note
mirages_02,43,G2,109.0,4.5,0.871,machine_pitch_candidate_not_verified_note
mirages_02,72,C5,109.0,2.5,0.37,machine_pitch_candidate_not_verified_note
mirages_02,38,D2,111.0,3.0,0.868,machine_pitch_candidate_not_verified_note
mirages_02,36,C2,112.0,12.5,0.834,machine_pitch_candidate_not_verified_note
mirages_02,44,Ab2,113.0,3.5,0.47,machine_pitch_candidate_not_verified_note
mirages_02,41,F2,113.5,3.5,0.535,machine_pitch_candidate_not_verified_note
mirages_02,72,C5,115.0,13.5,0.659,machine_pitch_candidate_not_verified_note
mirages_02,31,G1,116.0,4.0,0.545,machine_pitch_candidate_not_verified_note
mirages_02,48,C3,116.0,1.5,0.416,machine_pitch_candidate_not_verified_note
mirages_02,43,G2,117.0,3.0,0.855,machine_pitch_candidate_not_verified_note
mirages_02,70,Bb4,117.0,2.0,0.307,machine_pitch_candidate_not_verified_note
mirages_02,38,D2,119.0,1.5,0.846,machine_pitch_candidate_not_verified_note
mirages_02,41,F2,119.0,2.5,0.576,machine_pitch_candidate_not_verified_note
mirages_02,31,G1,121.5,4.5,0.571,machine_pitch_candidate_not_verified_note
mirages_02,38,D2,121.5,1.5,0.586,machine_pitch_candidate_not_verified_note
mirages_02,48,C3,123.0,1.5,0.368,machine_pitch_candidate_not_verified_note
mirages_02,37,C#2,123.5,1.5,0.502,machine_pitch_candidate_not_verified_note
mirages_02,43,G2,123.5,4.5,0.467,machine_pitch_candidate_not_verified_note
mirages_02,38,D2,126.0,3.0,0.94,machine_pitch_candidate_not_verified_note
mirages_02,36,C2,127.0,26.5,0.86,machine_pitch_candidate_not_verified_note
mirages_02,44,Ab2,128.0,3.5,0.512,machine_pitch_candidate_not_verified_note
mirages_02,72,C5,130.0,10.0,0.751,machine_pitch_candidate_not_verified_note
mirages_02,43,G2,132.0,1.5,0.596,machine_pitch_candidate_not_verified_note
mirages_02,41,F2,133.0,1.5,0.317,machine_pitch_candidate_not_verified_note
mirages_02,31,G1,134.0,1.5,0.416,machine_pitch_candidate_not_verified_note
mirages_02,38,D2,134.0,2.0,0.821,machine_pitch_candidate_not_verified_note
mirages_02,31,G1,136.5,2.0,0.517,machine_pitch_candidate_not_verified_note
mirages_02,38,D2,136.5,1.5,0.601,machine_pitch_candidate_not_verified_note
mirages_02,44,Ab2,137.0,1.5,0.376,machine_pitch_candidate_not_verified_note
mirages_02,48,C3,138.0,1.5,0.427,machine_pitch_candidate_not_verified_note
mirages_02,38,D2,140.0,4.0,0.604,machine_pitch_candidate_not_verified_note
mirages_02,43,G2,141.0,2.0,0.637,machine_pitch_candidate_not_verified_note
mirages_02,44,Ab2,142.5,2.0,0.385,machine_pitch_candidate_not_verified_note
mirages_02,38,D2,147.0,2.0,0.928,machine_pitch_candidate_not_verified_note
mirages_02,43,G2,147.0,2.0,0.342,machine_pitch_candidate_not_verified_note
mirages_02,43,G2,150.0,1.5,0.443,machine_pitch_candidate_not_verified_note
mirages_02,38,D2,150.5,2.0,0.561,machine_pitch_candidate_not_verified_note
mirages_02,29,F1,151.0,2.0,0.543,machine_pitch_candidate_not_verified_note
mirages_02,31,G1,151.5,2.5,0.524,machine_pitch_candidate_not_verified_note
mirages_02,43,G2,152.0,3.5,0.564,machine_pitch_candidate_not_verified_note
mirages_02,36,C2,154.5,12.0,0.865,machine_pitch_candidate_not_verified_note
mirages_02,38,D2,155.0,4.0,0.546,machine_pitch_candidate_not_verified_note
mirages_02,43,G2,160.0,3.5,0.677,machine_pitch_candidate_not_verified_note
mirages_02,51,Eb3,160.5,1.5,0.367,machine_pitch_candidate_not_verified_note
mirages_02,38,D2,161.5,2.5,0.733,machine_pitch_candidate_not_verified_note
mirages_02,44,Ab2,163.5,3.0,0.43,machine_pitch_candidate_not_verified_note
mirages_02,48,C3,166.0,3.5,0.972,machine_pitch_candidate_not_verified_note
mirages_02,35,B1,167.5,1.5,0.41,machine_pitch_candidate_not_verified_note
mirages_02,36,C2,167.5,6.5,0.884,machine_pitch_candidate_not_verified_note
mirages_02,43,G2,167.5,2.0,0.408,machine_pitch_candidate_not_verified_note
mirages_02,38,D2,170.0,1.5,0.676,machine_pitch_candidate_not_verified_note
mirages_02,35,B1,174.0,1.5,0.509,machine_pitch_candidate_not_verified_note
mirages_02,48,C3,174.0,2.0,0.951,machine_pitch_candidate_not_verified_note
mirages_02,43,G2,174.5,3.0,0.655,machine_pitch_candidate_not_verified_note
mirages_02,36,C2,176.5,5.0,0.811,machine_pitch_candidate_not_verified_note
mirages_02,38,D2,176.5,2.0,0.876,machine_pitch_candidate_not_verified_note
mirages_02,44,Ab2,179.0,2.0,0.445,machine_pitch_candidate_not_verified_note
mirages_02,48,C3,181.0,3.5,0.855,machine_pitch_candidate_not_verified_note
mirages_02,55,G3,181.0,1.5,0.567,machine_pitch_candidate_not_verified_note
mirages_02,36,C2,182.5,6.5,0.918,machine_pitch_candidate_not_verified_note
mirages_02,43,G2,182.5,2.0,0.494,machine_pitch_candidate_not_verified_note
mirages_02,38,D2,185.0,1.5,0.881,machine_pitch_candidate_not_verified_note
mirages_02,44,Ab2,187.0,1.5,0.306,machine_pitch_candidate_not_verified_note
mirages_03,43,G2,0.0,2.0,0.895,machine_pitch_candidate_not_verified_note
mirages_03,51,Eb3,0.5,1.5,0.453,machine_pitch_candidate_not_verified_note
mirages_03,36,C2,1.0,9.5,0.728,machine_pitch_candidate_not_verified_note
mirages_03,38,D2,1.5,2.0,0.881,machine_pitch_candidate_not_verified_note
mirages_03,44,Ab2,4.0,2.0,0.409,machine_pitch_candidate_not_verified_note
mirages_03,30,F#1,6.0,3.5,0.765,machine_pitch_candidate_not_verified_note
mirages_03,37,C#2,6.0,3.5,0.552,machine_pitch_candidate_not_verified_note
mirages_03,48,C3,6.0,2.5,0.52,machine_pitch_candidate_not_verified_note
mirages_03,29,F1,6.5,1.5,1.0,machine_pitch_candidate_not_verified_note
mirages_03,27,Eb1,8.5,2.0,0.669,machine_pitch_candidate_not_verified_note
mirages_03,38,D2,10.0,1.5,0.953,machine_pitch_candidate_not_verified_note
mirages_03,27,Eb1,11.0,7.0,0.743,machine_pitch_candidate_not_verified_note
mirages_03,36,C2,11.5,3.0,0.969,machine_pitch_candidate_not_verified_note
mirages_03,37,C#2,12.5,5.5,0.674,machine_pitch_candidate_not_verified_note
mirages_03,28,E1,14.0,6.5,0.494,machine_pitch_candidate_not_verified_note
mirages_03,40,E2,14.0,6.5,0.766,machine_pitch_candidate_not_verified_note
mirages_03,25,C#1,15.5,5.5,0.64,machine_pitch_candidate_not_verified_note
mirages_03,36,C2,15.5,4.5,0.619,machine_pitch_candidate_not_verified_note
mirages_03,39,Eb2,16.0,4.5,0.482,machine_pitch_candidate_not_verified_note
mirages_03,34,Bb1,20.0,5.0,0.645,machine_pitch_candidate_not_verified_note
mirages_03,35,B1,20.0,5.5,0.833,machine_pitch_candidate_not_verified_note
mirages_03,31,G1,24.0,9.5,0.509,machine_pitch_candidate_not_verified_note
mirages_03,32,Ab1,24.0,9.5,0.89,machine_pitch_candidate_not_verified_note
mirages_03,36,C2,30.0,4.0,0.577,machine_pitch_candidate_not_verified_note
mirages_03,37,C#2,30.5,5.5,0.827,machine_pitch_candidate_not_verified_note
mirages_03,25,C#1,32.0,1.5,0.552,machine_pitch_candidate_not_verified_note
mirages_03,35,B1,34.0,5.0,0.868,machine_pitch_candidate_not_verified_note
mirages_03,34,Bb1,34.5,4.5,0.677,machine_pitch_candidate_not_verified_note
mirages_03,32,Ab1,38.0,13.0,0.904,machine_pitch_candidate_not_verified_note
mirages_03,31,G1,38.5,12.0,0.653,machine_pitch_candidate_not_verified_note
mirages_03,40,E2,47.5,3.0,0.605,machine_pitch_candidate_not_verified_note
mirages_03,69,A4,48.0,6.5,0.566,machine_pitch_candidate_not_verified_note
mirages_03,28,E1,48.5,2.0,0.456,machine_pitch_candidate_not_verified_note
mirages_03,39,Eb2,48.5,2.0,0.573,machine_pitch_candidate_not_verified_note
mirages_03,34,Bb1,50.0,3.5,0.544,machine_pitch_candidate_not_verified_note
mirages_03,35,B1,50.5,3.5,1.0,machine_pitch_candidate_not_verified_note
mirages_03,31,G1,53.5,84.5,0.648,machine_pitch_candidate_not_verified_note
mirages_03,32,Ab1,53.5,27.5,0.95,machine_pitch_candidate_not_verified_note
mirages_03,35,B1,54.5,2.0,0.46,machine_pitch_candidate_not_verified_note
mirages_03,37,C#2,72.0,5.5,0.497,machine_pitch_candidate_not_verified_note
mirages_03,36,C2,75.5,2.0,0.3,machine_pitch_candidate_not_verified_note
mirages_03,25,C#1,78.5,3.5,0.497,machine_pitch_candidate_not_verified_note
mirages_03,37,C#2,79.0,2.0,0.6,machine_pitch_candidate_not_verified_note
mirages_03,50,D3,80.5,1.5,0.675,machine_pitch_candidate_not_verified_note
mirages_03,32,Ab1,82.0,16.0,0.855,machine_pitch_candidate_not_verified_note
mirages_03,37,C#2,82.0,1.5,0.399,machine_pitch_candidate_not_verified_note
mirages_03,35,B1,89.5,12.5,0.817,machine_pitch_candidate_not_verified_note
mirages_03,34,Bb1,90.5,9.5,0.715,machine_pitch_candidate_not_verified_note
mirages_03,37,C#2,95.0,1.5,0.453,machine_pitch_candidate_not_verified_note
mirages_03,32,Ab1,99.0,23.5,0.964,machine_pitch_candidate_not_verified_note
mirages_03,36,C2,118.5,9.5,0.573,machine_pitch_candidate_not_verified_note
mirages_03,37,C#2,118.5,10.0,0.902,machine_pitch_candidate_not_verified_note
mirages_03,32,Ab1,123.5,1.5,0.345,machine_pitch_candidate_not_verified_note
mirages_03,34,Bb1,123.5,5.5,0.486,machine_pitch_candidate_not_verified_note
mirages_03,32,Ab1,125.5,12.0,0.854,machine_pitch_candidate_not_verified_note
mirages_03,37,C#2,129.0,1.5,0.546,machine_pitch_candidate_not_verified_note
mirages_03,37,C#2,133.5,1.5,0.342,machine_pitch_candidate_not_verified_note
mirages_03,34,Bb1,136.0,3.5,0.764,machine_pitch_candidate_not_verified_note
mirages_03,37,C#2,136.0,1.5,0.366,machine_pitch_candidate_not_verified_note
mirages_03,31,G1,138.5,13.5,0.729,machine_pitch_candidate_not_verified_note
mirages_03,32,Ab1,138.5,12.5,0.827,machine_pitch_candidate_not_verified_note
mirages_03,50,D3,139.0,3.0,0.539,machine_pitch_candidate_not_verified_note
mirages_03,34,Bb1,142.0,1.5,1.0,machine_pitch_candidate_not_verified_note
mirages_03,50,D3,143.0,12.5,0.64,machine_pitch_candidate_not_verified_note
mirages_03,46,Bb2,147.0,1.5,1.0,machine_pitch_candidate_not_verified_note
mirages_03,46,Bb2,149.5,1.5,0.765,machine_pitch_candidate_not_verified_note
mirages_03,32,Ab1,151.5,3.5,0.774,machine_pitch_candidate_not_verified_note
mirages_03,31,G1,152.5,8.0,0.773,machine_pitch_candidate_not_verified_note
mirages_03,41,F2,155.5,1.5,0.583,machine_pitch_candidate_not_verified_note
mirages_03,36,C2,156.5,11.5,0.625,machine_pitch_candidate_not_verified_note
mirages_03,37,C#2,156.5,17.0,0.895,machine_pitch_candidate_not_verified_note
mirages_03,46,Bb2,158.0,1.5,0.41,machine_pitch_candidate_not_verified_note
mirages_03,34,Bb1,166.5,2.5,0.452,machine_pitch_candidate_not_verified_note
mirages_03,35,B1,167.5,1.5,0.615,machine_pitch_candidate_not_verified_note
mirages_03,31,G1,168.5,8.5,0.745,machine_pitch_candidate_not_verified_note
mirages_03,32,Ab1,168.5,4.5,0.953,machine_pitch_candidate_not_verified_note
mirages_03,36,C2,168.5,3.0,0.728,machine_pitch_candidate_not_verified_note
mirages_03,25,C#1,169.5,1.5,0.65,machine_pitch_candidate_not_verified_note
mirages_03,34,Bb1,172.0,4.5,0.863,machine_pitch_candidate_not_verified_note
mirages_03,32,Ab1,173.5,44.47,0.966,machine_pitch_candidate_not_verified_note
mirages_03,37,C#2,174.5,2.0,0.49,machine_pitch_candidate_not_verified_note
mirages_03,50,D3,174.5,1.5,0.347,machine_pitch_candidate_not_verified_note
mirages_03,42,F#2,175.5,1.5,0.361,machine_pitch_candidate_not_verified_note
mirages_03,31,G1,202.0,1.5,0.346,machine_pitch_candidate_not_verified_note
mirages_03,31,G1,204.5,13.47,0.698,machine_pitch_candidate_not_verified_note
mirages_04,32,Ab1,0.0,31.0,0.804,machine_pitch_candidate_not_verified_note
mirages_04,31,G1,0.5,31.0,0.814,machine_pitch_candidate_not_verified_note
mirages_04,46,Bb2,4.0,2.5,0.502,machine_pitch_candidate_not_verified_note
mirages_04,72,C5,4.0,2.5,0.437,machine_pitch_candidate_not_verified_note
mirages_04,53,F3,4.5,3.5,0.421,machine_pitch_candidate_not_verified_note
mirages_04,48,C3,6.5,1.5,0.632,machine_pitch_candidate_not_verified_note
mirages_04,74,D5,6.5,2.0,0.646,machine_pitch_candidate_not_verified_note
mirages_04,43,G2,8.5,6.0,0.786,machine_pitch_candidate_not_verified_note
mirages_04,69,A4,8.5,3.0,0.376,machine_pitch_candidate_not_verified_note
mirages_04,46,Bb2,13.5,1.5,0.44,machine_pitch_candidate_not_verified_note
mirages_04,81,A5,13.5,1.5,0.377,machine_pitch_candidate_not_verified_note
mirages_04,53,F3,15.0,4.5,0.507,machine_pitch_candidate_not_verified_note
mirages_04,36,C2,15.5,1.5,0.428,machine_pitch_candidate_not_verified_note
mirages_04,48,C3,15.5,2.0,0.803,machine_pitch_candidate_not_verified_note
mirages_04,74,D5,15.5,2.5,0.798,machine_pitch_candidate_not_verified_note
mirages_04,79,G5,15.5,2.0,0.527,machine_pitch_candidate_not_verified_note
mirages_04,43,G2,17.5,4.5,0.836,machine_pitch_candidate_not_verified_note
mirages_04,69,A4,17.5,5.5,0.601,machine_pitch_candidate_not_verified_note
mirages_04,81,A5,20.5,3.5,0.49,machine_pitch_candidate_not_verified_note
mirages_04,46,Bb2,23.0,2.0,0.879,machine_pitch_candidate_not_verified_note
mirages_04,72,C5,23.0,2.0,0.642,machine_pitch_candidate_not_verified_note
mirages_04,79,G5,23.0,2.0,0.409,machine_pitch_candidate_not_verified_note
mirages_04,48,C3,24.5,2.5,0.751,machine_pitch_candidate_not_verified_note
mirages_04,74,D5,24.5,3.5,0.721,machine_pitch_candidate_not_verified_note
mirages_04,36,C2,25.0,2.5,0.574,machine_pitch_candidate_not_verified_note
mirages_04,55,G3,25.0,1.5,0.449,machine_pitch_candidate_not_verified_note
mirages_04,43,G2,27.5,59.0,0.849,machine_pitch_candidate_not_verified_note
mirages_04,50,D3,27.5,1.5,0.32,machine_pitch_candidate_not_verified_note
mirages_04,69,A4,27.5,5.0,0.487,machine_pitch_candidate_not_verified_note
mirages_04,50,D3,29.5,1.5,0.335,machine_pitch_candidate_not_verified_note
mirages_04,32,Ab1,31.5,4.5,0.401,machine_pitch_candidate_not_verified_note
mirages_04,31,G1,32.0,2.5,0.616,machine_pitch_candidate_not_verified_note
mirages_04,41,F2,32.0,3.0,0.435,machine_pitch_candidate_not_verified_note
mirages_04,79,G5,32.0,4.5,0.471,machine_pitch_candidate_not_verified_note
mirages_04,34,Bb1,32.5,1.5,0.432,machine_pitch_candidate_not_verified_note
mirages_04,46,Bb2,32.5,2.0,0.973,machine_pitch_candidate_not_verified_note
mirages_04,72,C5,32.5,2.0,0.65,machine_pitch_candidate_not_verified_note
mirages_04,48,C3,34.0,2.5,1.0,machine_pitch_candidate_not_verified_note
mirages_04,36,C2,34.5,2.0,0.525,machine_pitch_candidate_not_verified_note
mirages_04,53,F3,34.5,2.0,0.844,machine_pitch_candidate_not_verified_note
mirages_04,74,D5,34.5,2.0,0.838,machine_pitch_candidate_not_verified_note
mirages_04,69,A4,38.0,3.5,0.464,machine_pitch_candidate_not_verified_note
mirages_04,31,G1,39.5,1.5,0.381,machine_pitch_candidate_not_verified_note
mirages_04,50,D3,39.5,2.0,0.368,machine_pitch_candidate_not_verified_note
mirages_04,53,F3,41.5,1.5,0.635,machine_pitch_candidate_not_verified_note
mirages_04,79,G5,41.5,4.5,0.567,machine_pitch_candidate_not_verified_note
mirages_04,34,Bb1,42.0,2.0,0.466,machine_pitch_candidate_not_verified_note
mirages_04,41,F2,42.0,2.0,0.381,machine_pitch_candidate_not_verified_note
mirages_04,46,Bb2,42.0,2.0,0.923,machine_pitch_candidate_not_verified_note
mirages_04,60,C4,42.0,2.0,0.335,machine_pitch_candidate_not_verified_note
mirages_04,72,C5,42.0,2.0,0.669,machine_pitch_candidate_not_verified_note
mirages_04,36,C2,44.0,2.0,0.49,machine_pitch_candidate_not_verified_note
mirages_04,48,C3,44.0,2.0,0.984,machine_pitch_candidate_not_verified_note
mirages_04,53,F3,44.0,2.5,0.662,machine_pitch_candidate_not_verified_note
mirages_04,74,D5,44.0,2.5,0.831,machine_pitch_candidate_not_verified_note
mirages_04,41,F2,44.5,1.5,0.338,machine_pitch_candidate_not_verified_note
mirages_04,69,A4,46.0,5.0,0.387,machine_pitch_candidate_not_verified_note
mirages_04,50,D3,47.5,3.0,0.335,machine_pitch_candidate_not_verified_note
mirages_04,46,Bb2,51.0,2.5,0.766,machine_pitch_candidate_not_verified_note
mirages_04,53,F3,51.0,2.5,0.819,machine_pitch_candidate_not_verified_note
mirages_04,34,Bb1,51.5,2.0,0.456,machine_pitch_candidate_not_verified_note
mirages_04,60,C4,51.5,1.5,0.302,machine_pitch_candidate_not_verified_note
mirages_04,72,C5,51.5,2.5,0.547,machine_pitch_candidate_not_verified_note
mirages_04,79,G5,51.5,4.5,0.477,machine_pitch_candidate_not_verified_note
mirages_04,36,C2,53.5,3.0,0.503,machine_pitch_candidate_not_verified_note
mirages_04,48,C3,53.5,2.5,0.939,machine_pitch_candidate_not_verified_note
mirages_04,74,D5,53.5,3.0,0.991,machine_pitch_candidate_not_verified_note
mirages_04,41,F2,54.0,1.5,0.391,machine_pitch_candidate_not_verified_note
mirages_04,50,D3,56.5,5.0,0.41,machine_pitch_candidate_not_verified_note
mirages_04,69,A4,56.5,5.0,0.491,machine_pitch_candidate_not_verified_note
mirages_04,31,G1,59.0,2.5,0.364,machine_pitch_candidate_not_verified_note
mirages_04,34,Bb1,61.5,2.5,0.421,machine_pitch_candidate_not_verified_note
mirages_04,46,Bb2,61.5,2.5,0.994,machine_pitch_candidate_not_verified_note
mirages_04,53,F3,61.5,6.0,0.72,machine_pitch_candidate_not_verified_note
mirages_04,72,C5,61.5,2.5,0.852,machine_pitch_candidate_not_verified_note
mirages_04,36,C2,63.5,3.0,0.505,machine_pitch_candidate_not_verified_note
mirages_04,41,F2,63.5,2.5,0.553,machine_pitch_candidate_not_verified_note
mirages_04,48,C3,63.5,2.5,0.833,machine_pitch_candidate_not_verified_note
mirages_04,74,D5,63.5,3.5,0.834,machine_pitch_candidate_not_verified_note
mirages_04,79,G5,63.5,2.5,0.894,machine_pitch_candidate_not_verified_note
mirages_04,69,A4,66.5,6.0,0.334,machine_pitch_candidate_not_verified_note
mirages_04,86,D6,67.0,1.5,0.409,machine_pitch_candidate_not_verified_note
mirages_04,34,Bb1,72.0,2.5,0.446,machine_pitch_candidate_not_verified_note
mirages_04,46,Bb2,72.0,2.5,0.967,machine_pitch_candidate_not_verified_note
mirages_04,72,C5,72.0,4.5,0.637,machine_pitch_candidate_not_verified_note
mirages_04,79,G5,73.5,3.0,0.382,machine_pitch_candidate_not_verified_note
mirages_04,41,F2,74.0,1.5,0.318,machine_pitch_candidate_not_verified_note
mirages_04,48,C3,74.0,2.5,0.762,machine_pitch_candidate_not_verified_note
mirages_04,74,D5,74.0,3.0,0.798,machine_pitch_candidate_not_verified_note
mirages_04,36,C2,74.5,2.0,0.517,machine_pitch_candidate_not_verified_note
mirages_04,53,F3,74.5,2.0,0.401,machine_pitch_candidate_not_verified_note
mirages_04,69,A4,76.5,3.0,0.441,machine_pitch_candidate_not_verified_note
mirages_04,69,A4,80.5,2.5,0.403,machine_pitch_candidate_not_verified_note
mirages_04,46,Bb2,83.0,2.0,0.774,machine_pitch_candidate_not_verified_note
mirages_04,72,C5,83.0,3.5,0.56,machine_pitch_candidate_not_verified_note
mirages_04,81,A5,83.0,3.0,0.403,machine_pitch_candidate_not_verified_note
mirages_04,34,Bb1,83.5,1.5,0.483,machine_pitch_candidate_not_verified_note
mirages_04,41,F2,83.5,4.5,0.582,machine_pitch_candidate_not_verified_note
mirages_04,53,F3,83.5,1.5,0.558,machine_pitch_candidate_not_verified_note
mirages_04,60,C4,83.5,1.5,0.355,machine_pitch_candidate_not_verified_note
mirages_04,79,G5,83.5,5.0,0.586,machine_pitch_candidate_not_verified_note
mirages_04,36,C2,85.0,3.0,0.718,machine_pitch_candidate_not_verified_note
mirages_04,48,C3,85.5,3.0,0.543,machine_pitch_candidate_not_verified_note
mirages_04,74,D5,86.0,2.0,0.76,machine_pitch_candidate_not_verified_note
mirages_04,43,G2,87.5,6.5,0.948,machine_pitch_candidate_not_verified_note
mirages_04,50,D3,88.0,2.0,0.314,machine_pitch_candidate_not_verified_note
mirages_04,69,A4,88.0,5.5,0.492,machine_pitch_candidate_not_verified_note
mirages_04,31,G1,91.0,2.0,0.377,machine_pitch_candidate_not_verified_note
mirages_04,34,Bb1,93.0,1.5,0.59,machine_pitch_candidate_not_verified_note
mirages_04,46,Bb2,93.0,3.5,0.664,machine_pitch_candidate_not_verified_note
mirages_04,72,C5,93.0,3.5,0.709,machine_pitch_candidate_not_verified_note
mirages_04,81,A5,93.0,1.5,0.663,machine_pitch_candidate_not_verified_note
mirages_04,60,C4,94.0,2.0,0.49,machine_pitch_candidate_not_verified_note
mirages_04,79,G5,94.0,6.5,0.538,machine_pitch_candidate_not_verified_note
mirages_04,41,F2,95.5,5.5,0.862,machine_pitch_candidate_not_verified_note
mirages_04,36,C2,96.0,3.0,0.379,machine_pitch_candidate_not_verified_note
mirages_04,53,F3,96.5,4.0,0.551,machine_pitch_candidate_not_verified_note
mirages_04,50,D3,99.5,4.0,0.345,machine_pitch_candidate_not_verified_note
mirages_04,43,G2,100.0,5.5,0.869,machine_pitch_candidate_not_verified_note
mirages_04,69,A4,100.5,2.5,0.476,machine_pitch_candidate_not_verified_note
mirages_04,81,A5,100.5,4.5,0.5,machine_pitch_candidate_not_verified_note
mirages_04,53,F3,104.0,6.0,0.884,machine_pitch_candidate_not_verified_note
mirages_04,34,Bb1,104.5,3.0,0.394,machine_pitch_candidate_not_verified_note
mirages_04,41,F2,104.5,4.5,0.49,machine_pitch_candidate_not_verified_note
mirages_04,46,Bb2,104.5,2.5,0.695,machine_pitch_candidate_not_verified_note
mirages_04,79,G5,104.5,5.0,0.628,machine_pitch_candidate_not_verified_note
mirages_04,60,C4,105.0,2.0,0.414,machine_pitch_candidate_not_verified_note
mirages_04,72,C5,105.5,1.5,0.381,machine_pitch_candidate_not_verified_note
mirages_04,36,C2,107.0,2.5,0.379,machine_pitch_candidate_not_verified_note
mirages_04,48,C3,107.0,2.0,0.739,machine_pitch_candidate_not_verified_note
mirages_04,74,D5,107.0,2.5,0.725,machine_pitch_candidate_not_verified_note
mirages_04,55,G3,107.5,1.5,0.323,machine_pitch_candidate_not_verified_note
mirages_04,43,G2,108.5,7.0,0.884,machine_pitch_candidate_not_verified_note
mirages_04,50,D3,109.0,2.0,0.309,machine_pitch_candidate_not_verified_note
mirages_04,69,A4,109.5,3.5,0.393,machine_pitch_candidate_not_verified_note
mirages_04,29,F1,114.0,4.5,0.821,machine_pitch_candidate_not_verified_note
mirages_04,69,A4,114.0,1.5,0.644,machine_pitch_candidate_not_verified_note
mirages_04,50,D3,114.5,2.0,0.559,machine_pitch_candidate_not_verified_note
mirages_04,48,C3,118.0,1.5,0.802,machine_pitch_candidate_not_verified_note
mirages_04,55,G3,118.0,1.5,1.0,machine_pitch_candidate_not_verified_note
mirages_04,29,F1,119.0,30.0,0.922,machine_pitch_candidate_not_verified_note
mirages_04,50,D3,120.5,1.5,0.721,machine_pitch_candidate_not_verified_note
mirages_04,43,G2,122.0,2.5,0.878,machine_pitch_candidate_not_verified_note
mirages_04,31,G1,122.5,2.0,0.376,machine_pitch_candidate_not_verified_note
mirages_04,50,D3,123.5,3.0,0.525,machine_pitch_candidate_not_verified_note
mirages_04,81,A5,124.0,3.5,0.645,machine_pitch_candidate_not_verified_note
mirages_04,48,C3,127.5,1.5,0.59,machine_pitch_candidate_not_verified_note
mirages_04,43,G2,128.0,7.0,0.681,machine_pitch_candidate_not_verified_note
mirages_04,50,D3,129.0,5.0,0.59,machine_pitch_candidate_not_verified_note
mirages_04,81,A5,130.5,2.5,0.355,machine_pitch_candidate_not_verified_note
mirages_04,69,A4,131.0,1.5,0.451,machine_pitch_candidate_not_verified_note
mirages_04,46,Bb2,135.0,2.0,0.349,machine_pitch_candidate_not_verified_note
mirages_04,43,G2,137.0,2.5,0.393,machine_pitch_candidate_not_verified_note
mirages_04,50,D3,137.0,8.0,0.485,machine_pitch_candidate_not_verified_note
mirages_04,53,F3,137.0,2.5,0.797,machine_pitch_candidate_not_verified_note
mirages_04,55,G3,137.0,1.5,0.631,machine_pitch_candidate_not_verified_note
mirages_04,53,F3,144.0,2.0,0.806,machine_pitch_candidate_not_verified_note
mirages_04,46,Bb2,144.5,1.5,0.417,machine_pitch_candidate_not_verified_note
mirages_04,28,E1,145.0,2.0,0.381,machine_pitch_candidate_not_verified_note
mirages_04,55,G3,147.0,1.5,0.344,machine_pitch_candidate_not_verified_note
mirages_04,50,D3,148.5,24.5,0.883,machine_pitch_candidate_not_verified_note
mirages_04,43,G2,149.5,1.5,0.87,machine_pitch_candidate_not_verified_note
mirages_04,29,F1,150.0,13.0,0.891,machine_pitch_candidate_not_verified_note
mirages_04,81,A5,151.0,1.5,0.502,machine_pitch_candidate_not_verified_note
mirages_04,55,G3,152.5,2.0,0.371,machine_pitch_candidate_not_verified_note
mirages_04,43,G2,153.5,2.0,0.456,machine_pitch_candidate_not_verified_note
mirages_04,72,C5,153.5,1.5,0.569,machine_pitch_candidate_not_verified_note
mirages_04,81,A5,154.0,2.0,0.584,machine_pitch_candidate_not_verified_note
mirages_04,46,Bb2,154.5,1.5,0.554,machine_pitch_candidate_not_verified_note
mirages_04,74,D5,156.5,2.0,0.443,machine_pitch_candidate_not_verified_note
mirages_04,55,G3,157.0,1.5,0.543,machine_pitch_candidate_not_verified_note
mirages_04,53,F3,157.5,1.5,0.486,machine_pitch_candidate_not_verified_note
mirages_04,69,A4,157.5,1.5,0.618,machine_pitch_candidate_not_verified_note
mirages_04,43,G2,158.0,3.5,0.651,machine_pitch_candidate_not_verified_note
mirages_04,53,F3,160.0,1.5,0.608,machine_pitch_candidate_not_verified_note
mirages_04,65,F4,163.5,1.5,0.318,machine_pitch_candidate_not_verified_note
mirages_04,26,D1,164.0,1.5,0.369,machine_pitch_candidate_not_verified_note
mirages_04,43,G2,165.5,1.5,0.352,machine_pitch_candidate_not_verified_note
mirages_04,46,Bb2,165.5,1.5,0.588,machine_pitch_candidate_not_verified_note
mirages_04,81,A5,165.5,1.5,0.453,machine_pitch_candidate_not_verified_note
mirages_04,29,F1,166.0,4.0,0.534,machine_pitch_candidate_not_verified_note
mirages_04,26,D1,167.5,1.5,0.66,machine_pitch_candidate_not_verified_note
mirages_04,43,G2,168.0,2.0,0.456,machine_pitch_candidate_not_verified_note
mirages_04,53,F3,168.5,1.5,0.412,machine_pitch_candidate_not_verified_note
mirages_04,55,G3,168.5,1.5,0.37,machine_pitch_candidate_not_verified_note
mirages_04,43,G2,172.0,2.5,0.972,machine_pitch_candidate_not_verified_note
mirages_04,69,A4,172.5,1.5,0.37,machine_pitch_candidate_not_verified_note
mirages_04,53,F3,173.0,1.5,0.453,machine_pitch_candidate_not_verified_note
mirages_04,50,D3,173.5,22.0,0.914,machine_pitch_candidate_not_verified_note
mirages_04,72,C5,173.5,2.5,0.593,machine_pitch_candidate_not_verified_note
mirages_04,74,D5,176.5,2.5,0.509,machine_pitch_candidate_not_verified_note
mirages_04,36,C2,177.0,1.5,0.412,machine_pitch_candidate_not_verified_note
mirages_04,55,G3,177.0,2.0,0.678,machine_pitch_candidate_not_verified_note
mirages_04,53,F3,177.5,1.5,0.34,machine_pitch_candidate_not_verified_note
mirages_04,29,F1,178.0,2.0,0.505,machine_pitch_candidate_not_verified_note
mirages_04,81,A5,178.5,1.5,0.487,machine_pitch_candidate_not_verified_note
mirages_04,37,C#2,180.0,1.5,0.384,machine_pitch_candidate_not_verified_note
mirages_04,65,F4,180.0,1.5,0.32,machine_pitch_candidate_not_verified_note
mirages_04,36,C2,180.5,1.5,0.334,machine_pitch_candidate_not_verified_note
mirages_04,81,A5,181.0,1.5,0.557,machine_pitch_candidate_not_verified_note
mirages_04,43,G2,182.5,4.5,0.573,machine_pitch_candidate_not_verified_note
mirages_04,37,C#2,183.0,3.5,0.573,machine_pitch_candidate_not_verified_note
mirages_04,72,C5,183.0,3.5,0.704,machine_pitch_candidate_not_verified_note
mirages_04,31,G1,183.5,3.0,0.427,machine_pitch_candidate_not_verified_note
mirages_04,53,F3,184.0,2.0,0.448,machine_pitch_candidate_not_verified_note
mirages_04,25,C#1,184.5,2.5,0.519,machine_pitch_candidate_not_verified_note
mirages_04,74,D5,185.0,2.0,0.735,machine_pitch_candidate_not_verified_note
mirages_04,91,G6,185.5,1.5,0.58,machine_pitch_candidate_not_verified_note
mirages_04,74,D5,188.0,2.5,0.64,machine_pitch_candidate_not_verified_note
mirages_04,81,A5,188.5,2.5,0.552,machine_pitch_candidate_not_verified_note
mirages_04,53,F3,189.0,2.0,0.76,machine_pitch_candidate_not_verified_note
mirages_04,69,A4,189.0,3.5,0.712,machine_pitch_candidate_not_verified_note
mirages_04,26,D1,192.0,1.5,0.499,machine_pitch_candidate_not_verified_note
mirages_04,43,G2,193.5,5.5,0.64,machine_pitch_candidate_not_verified_note
mirages_04,69,A4,193.5,5.5,0.694,machine_pitch_candidate_not_verified_note
mirages_04,38,D2,195.5,1.5,0.422,machine_pitch_candidate_not_verified_note
mirages_04,57,A3,195.5,4.5,0.722,machine_pitch_candidate_not_verified_note
mirages_04,67,G4,195.5,1.5,0.467,machine_pitch_candidate_not_verified_note
mirages_04,81,A5,195.5,3.5,0.494,machine_pitch_candidate_not_verified_note
mirages_04,29,F1,196.5,2.0,0.814,machine_pitch_candidate_not_verified_note
mirages_04,31,G1,197.5,2.0,0.509,machine_pitch_candidate_not_verified_note
mirages_04,46,Bb2,197.5,1.5,0.498,machine_pitch_candidate_not_verified_note
mirages_04,48,C3,199.0,1.5,0.888,machine_pitch_candidate_not_verified_note
mirages_04,55,G3,199.0,3.5,0.544,machine_pitch_candidate_not_verified_note
mirages_04,25,C#1,199.5,3.0,0.537,machine_pitch_candidate_not_verified_note
mirages_04,31,G1,200.5,1.5,0.581,machine_pitch_candidate_not_verified_note
mirages_04,50,D3,200.5,8.0,0.717,machine_pitch_candidate_not_verified_note
mirages_04,81,A5,203.5,2.0,0.369,machine_pitch_candidate_not_verified_note
mirages_04,43,G2,204.5,12.0,0.894,machine_pitch_candidate_not_verified_note
mirages_04,29,F1,206.5,1.5,0.618,machine_pitch_candidate_not_verified_note
mirages_04,46,Bb2,207.0,1.5,0.67,machine_pitch_candidate_not_verified_note
mirages_04,48,C3,208.5,1.5,0.624,machine_pitch_candidate_not_verified_note
mirages_04,53,F3,208.5,2.5,0.724,machine_pitch_candidate_not_verified_note
mirages_04,36,C2,209.0,2.0,0.743,machine_pitch_candidate_not_verified_note
mirages_04,48,C3,210.5,3.0,0.415,machine_pitch_candidate_not_verified_note
mirages_04,50,D3,212.0,3.5,0.671,machine_pitch_candidate_not_verified_note
mirages_04,36,C2,213.5,1.5,0.318,machine_pitch_candidate_not_verified_note
mirages_04,31,G1,214.0,2.0,0.487,machine_pitch_candidate_not_verified_note
mirages_04,48,C3,215.0,9.5,0.705,machine_pitch_candidate_not_verified_note
mirages_04,46,Bb2,216.0,2.0,0.486,machine_pitch_candidate_not_verified_note
mirages_04,29,F1,216.5,1.5,0.875,machine_pitch_candidate_not_verified_note
mirages_04,31,G1,218.0,1.5,0.469,machine_pitch_candidate_not_verified_note
mirages_04,53,F3,218.5,1.5,0.821,machine_pitch_candidate_not_verified_note
mirages_04,43,G2,220.5,7.0,0.871,machine_pitch_candidate_not_verified_note
mirages_04,31,G1,223.0,2.5,0.7,machine_pitch_candidate_not_verified_note
mirages_04,50,D3,223.0,2.0,0.774,machine_pitch_candidate_not_verified_note
mirages_04,36,C2,224.0,2.5,0.517,machine_pitch_candidate_not_verified_note
mirages_04,41,F2,225.5,8.5,0.848,machine_pitch_candidate_not_verified_note
mirages_04,29,F1,229.5,2.5,0.86,machine_pitch_candidate_not_verified_note
mirages_04,43,G2,230.0,4.0,0.495,machine_pitch_candidate_not_verified_note
mirages_04,36,C2,232.0,11.5,0.817,machine_pitch_candidate_not_verified_note
mirages_04,31,G1,232.5,1.5,0.455,machine_pitch_candidate_not_verified_note
mirages_04,48,C3,233.5,4.0,0.764,machine_pitch_candidate_not_verified_note
mirages_04,50,D3,233.5,1.5,0.335,machine_pitch_candidate_not_verified_note
mirages_04,43,G2,234.5,1.5,0.387,machine_pitch_candidate_not_verified_note
mirages_04,29,F1,235.0,1.5,0.41,machine_pitch_candidate_not_verified_note
mirages_04,41,F2,238.0,1.5,0.541,machine_pitch_candidate_not_verified_note
mirages_04,48,C3,238.0,33.97,0.957,machine_pitch_candidate_not_verified_note
mirages_04,36,C2,244.5,4.0,0.39,machine_pitch_candidate_not_verified_note
mirages_04,29,F1,248.0,2.5,0.332,machine_pitch_candidate_not_verified_note
mirages_04,29,F1,251.5,2.0,0.368,machine_pitch_candidate_not_verified_note
mirages_04,36,C2,252.0,1.5,0.581,machine_pitch_candidate_not_verified_note
mirages_04,36,C2,255.5,3.0,0.438,machine_pitch_candidate_not_verified_note
mirages_04,29,F1,259.5,4.0,0.374,machine_pitch_candidate_not_verified_note
mirages_04,36,C2,260.0,9.0,0.419,machine_pitch_candidate_not_verified_note
mirages_04,29,F1,264.5,3.0,0.307,machine_pitch_candidate_not_verified_note
mirages_04,29,F1,269.5,1.5,0.393,machine_pitch_candidate_not_verified_note
mirages_04,36,C2,269.5,2.47,0.595,machine_pitch_candidate_not_verified_note
mirages_05,25,C#1,0.0,5.0,0.892,machine_pitch_candidate_not_verified_note
mirages_05,26,D1,0.5,1.5,0.38,machine_pitch_candidate_not_verified_note
mirages_05,40,E2,1.0,4.0,0.759,machine_pitch_candidate_not_verified_note
mirages_05,38,D2,3.5,3.5,0.801,machine_pitch_candidate_not_verified_note
mirages_05,26,D1,4.0,1.5,0.773,machine_pitch_candidate_not_verified_note
mirages_05,26,D1,6.5,2.5,0.834,machine_pitch_candidate_not_verified_note
mirages_05,25,C#1,8.5,2.5,0.542,machine_pitch_candidate_not_verified_note
mirages_05,40,E2,8.5,2.0,0.986,machine_pitch_candidate_not_verified_note
mirages_05,42,F#2,10.5,1.5,0.513,machine_pitch_candidate_not_verified_note
mirages_05,38,D2,11.0,4.5,0.791,machine_pitch_candidate_not_verified_note
mirages_05,52,E3,11.0,1.5,0.845,machine_pitch_candidate_not_verified_note
mirages_05,26,D1,12.0,5.0,0.696,machine_pitch_candidate_not_verified_note
mirages_05,27,Eb1,13.0,2.5,0.564,machine_pitch_candidate_not_verified_note
mirages_05,25,C#1,15.0,5.0,0.857,machine_pitch_candidate_not_verified_note
mirages_05,40,E2,16.0,4.0,0.794,machine_pitch_candidate_not_verified_note
mirages_05,26,D1,19.0,1.5,0.803,machine_pitch_candidate_not_verified_note
mirages_05,38,D2,19.0,3.0,0.872,machine_pitch_candidate_not_verified_note
mirages_05,26,D1,21.5,2.5,0.856,machine_pitch_candidate_not_verified_note
mirages_05,25,C#1,23.5,3.5,0.546,machine_pitch_candidate_not_verified_note
mirages_05,40,E2,23.5,2.0,0.96,machine_pitch_candidate_not_verified_note
mirages_05,38,D2,25.5,5.0,0.784,machine_pitch_candidate_not_verified_note
mirages_05,42,F#2,25.5,1.5,0.832,machine_pitch_candidate_not_verified_note
mirages_05,52,E3,26.0,1.5,0.945,machine_pitch_candidate_not_verified_note
mirages_05,26,D1,27.0,5.0,0.714,machine_pitch_candidate_not_verified_note
mirages_05,27,Eb1,28.0,2.5,0.574,machine_pitch_candidate_not_verified_note
mirages_05,25,C#1,30.0,5.0,0.882,machine_pitch_candidate_not_verified_note
mirages_05,40,E2,31.0,4.0,0.753,machine_pitch_candidate_not_verified_note
mirages_05,26,D1,34.0,1.5,0.772,machine_pitch_candidate_not_verified_note
mirages_05,38,D2,34.0,4.0,0.799,machine_pitch_candidate_not_verified_note
mirages_05,26,D1,36.5,2.5,0.93,machine_pitch_candidate_not_verified_note
mirages_05,25,C#1,38.5,3.5,0.561,machine_pitch_candidate_not_verified_note
mirages_05,40,E2,38.5,2.0,0.981,machine_pitch_candidate_not_verified_note
mirages_05,38,D2,40.5,5.0,0.81,machine_pitch_candidate_not_verified_note
mirages_05,42,F#2,40.5,1.5,0.848,machine_pitch_candidate_not_verified_note
mirages_05,52,E3,41.0,1.5,0.912,machine_pitch_candidate_not_verified_note
mirages_05,26,D1,42.0,5.0,0.706,machine_pitch_candidate_not_verified_note
mirages_05,27,Eb1,43.0,2.5,0.585,machine_pitch_candidate_not_verified_note
mirages_05,25,C#1,45.0,5.5,0.774,machine_pitch_candidate_not_verified_note
mirages_05,40,E2,46.0,4.0,0.754,machine_pitch_candidate_not_verified_note
mirages_05,52,E3,48.5,1.5,0.334,machine_pitch_candidate_not_verified_note
mirages_05,26,D1,49.0,1.5,0.694,machine_pitch_candidate_not_verified_note
mirages_05,38,D2,49.0,4.0,0.821,machine_pitch_candidate_not_verified_note
mirages_05,26,D1,51.5,2.5,0.962,machine_pitch_candidate_not_verified_note
mirages_05,39,Eb2,51.5,1.5,0.318,machine_pitch_candidate_not_verified_note
mirages_05,25,C#1,53.5,3.5,0.636,machine_pitch_candidate_not_verified_note
mirages_05,40,E2,53.5,2.0,0.946,machine_pitch_candidate_not_verified_note
mirages_05,38,D2,55.5,5.0,0.794,machine_pitch_candidate_not_verified_note
mirages_05,42,F#2,55.5,1.5,0.911,machine_pitch_candidate_not_verified_note
mirages_05,52,E3,56.0,1.5,0.862,machine_pitch_candidate_not_verified_note
mirages_05,26,D1,57.0,5.0,0.716,machine_pitch_candidate_not_verified_note
mirages_05,27,Eb1,58.0,2.5,0.551,machine_pitch_candidate_not_verified_note
mirages_05,25,C#1,60.0,5.5,0.791,machine_pitch_candidate_not_verified_note
mirages_05,40,E2,61.0,4.0,0.692,machine_pitch_candidate_not_verified_note
mirages_05,26,D1,64.0,2.0,0.611,machine_pitch_candidate_not_verified_note
mirages_05,38,D2,64.0,4.5,0.719,machine_pitch_candidate_not_verified_note
mirages_05,26,D1,66.5,2.5,1.0,machine_pitch_candidate_not_verified_note
mirages_05,25,C#1,68.5,3.5,0.59,machine_pitch_candidate_not_verified_note
mirages_05,40,E2,68.5,2.0,0.826,machine_pitch_candidate_not_verified_note
mirages_05,38,D2,70.5,6.0,0.784,machine_pitch_candidate_not_verified_note
mirages_05,42,F#2,70.5,1.5,0.799,machine_pitch_candidate_not_verified_note
mirages_05,52,E3,71.0,1.5,0.88,machine_pitch_candidate_not_verified_note
mirages_05,26,D1,72.0,5.0,0.665,machine_pitch_candidate_not_verified_note
mirages_05,27,Eb1,73.0,2.5,0.566,machine_pitch_candidate_not_verified_note
mirages_05,25,C#1,75.0,5.5,0.777,machine_pitch_candidate_not_verified_note
mirages_05,40,E2,76.0,4.0,0.811,machine_pitch_candidate_not_verified_note
mirages_05,38,D2,78.5,5.5,0.677,machine_pitch_candidate_not_verified_note
mirages_05,26,D1,79.0,5.0,0.786,machine_pitch_candidate_not_verified_note
mirages_05,31,G1,79.0,1.5,0.541,machine_pitch_candidate_not_verified_note
mirages_05,40,E2,83.5,2.5,0.915,machine_pitch_candidate_not_verified_note
mirages_05,25,C#1,84.5,2.0,0.658,machine_pitch_candidate_not_verified_note
mirages_05,39,Eb2,85.5,2.0,0.673,machine_pitch_candidate_not_verified_note
mirages_05,42,F#2,85.5,1.5,0.496,machine_pitch_candidate_not_verified_note
mirages_05,38,D2,86.0,5.5,0.906,machine_pitch_candidate_not_verified_note
mirages_05,52,E3,86.0,1.5,0.652,machine_pitch_candidate_not_verified_note
mirages_05,26,D1,87.0,5.0,0.645,machine_pitch_candidate_not_verified_note
mirages_05,27,Eb1,88.0,2.5,0.564,machine_pitch_candidate_not_verified_note
mirages_05,39,Eb2,89.5,1.5,0.44,machine_pitch_candidate_not_verified_note
mirages_05,25,C#1,90.0,5.5,0.76,machine_pitch_candidate_not_verified_note
mirages_05,50,D3,90.5,1.5,0.512,machine_pitch_candidate_not_verified_note
mirages_05,40,E2,91.0,3.5,0.641,machine_pitch_candidate_not_verified_note
mirages_05,33,A1,92.5,1.5,0.404,machine_pitch_candidate_not_verified_note
mirages_05,50,D3,92.5,1.5,0.433,machine_pitch_candidate_not_verified_note
mirages_05,42,F#2,93.0,1.5,0.464,machine_pitch_candidate_not_verified_note
mirages_05,38,D2,94.0,5.0,0.865,machine_pitch_candidate_not_verified_note
mirages_05,39,Eb2,94.0,1.5,0.356,machine_pitch_candidate_not_verified_note
mirages_05,26,D1,94.5,4.5,0.69,machine_pitch_candidate_not_verified_note
mirages_05,27,Eb1,96.0,1.5,0.418,machine_pitch_candidate_not_verified_note
mirages_05,43,G2,97.0,2.0,0.789,machine_pitch_candidate_not_verified_note
mirages_05,40,E2,99.0,1.5,0.939,machine_pitch_candidate_not_verified_note
mirages_05,25,C#1,99.5,1.5,0.731,machine_pitch_candidate_not_verified_note
mirages_05,43,G2,100.0,3.0,0.706,machine_pitch_candidate_not_verified_note
mirages_05,38,D2,100.5,6.0,0.885,machine_pitch_candidate_not_verified_note
mirages_05,33,A1,101.0,1.5,0.437,machine_pitch_candidate_not_verified_note
mirages_05,52,E3,101.0,1.5,0.749,machine_pitch_candidate_not_verified_note
mirages_05,31,G1,101.5,1.5,0.691,machine_pitch_candidate_not_verified_note
mirages_05,26,D1,104.0,2.5,0.43,machine_pitch_candidate_not_verified_note
mirages_05,27,Eb1,104.0,1.5,0.612,machine_pitch_candidate_not_verified_note
mirages_05,33,A1,104.0,6.0,0.888,machine_pitch_candidate_not_verified_note
mirages_05,25,C#1,106.5,2.0,0.747,machine_pitch_candidate_not_verified_note
mirages_05,40,E2,106.5,4.5,0.519,machine_pitch_candidate_not_verified_note
mirages_05,43,G2,108.5,3.5,0.612,machine_pitch_candidate_not_verified_note
mirages_05,38,D2,109.0,1.5,0.835,machine_pitch_candidate_not_verified_note
mirages_05,26,D1,109.5,1.5,0.801,machine_pitch_candidate_not_verified_note
mirages_05,31,G1,110.0,2.0,0.667,machine_pitch_candidate_not_verified_note
mirages_05,36,C2,110.5,1.5,0.366,machine_pitch_candidate_not_verified_note
mirages_05,39,Eb2,111.5,4.5,0.776,machine_pitch_candidate_not_verified_note
mirages_05,38,D2,114.5,1.5,0.757,machine_pitch_candidate_not_verified_note
mirages_05,50,D3,114.5,2.0,0.572,machine_pitch_candidate_not_verified_note
mirages_05,61,C#4,114.5,1.5,0.5,machine_pitch_candidate_not_verified_note
mirages_05,26,D1,115.5,2.0,0.901,machine_pitch_candidate_not_verified_note
mirages_05,35,B1,117.0,3.0,0.885,machine_pitch_candidate_not_verified_note
mirages_05,38,D2,117.5,3.0,0.816,machine_pitch_candidate_not_verified_note
mirages_05,25,C#1,118.5,1.5,0.701,machine_pitch_candidate_not_verified_note
mirages_05,39,Eb2,118.5,1.5,0.45,machine_pitch_candidate_not_verified_note
mirages_05,33,A1,120.0,4.0,0.901,machine_pitch_candidate_not_verified_note
mirages_05,39,Eb2,123.5,3.5,0.914,machine_pitch_candidate_not_verified_note
mirages_05,31,G1,125.5,5.5,0.812,machine_pitch_candidate_not_verified_note
mirages_05,32,Ab1,127.5,1.5,0.757,machine_pitch_candidate_not_verified_note
mirages_05,43,G2,127.5,1.5,0.491,machine_pitch_candidate_not_verified_note
mirages_05,48,C3,127.5,1.5,0.401,machine_pitch_candidate_not_verified_note
mirages_05,35,B1,128.0,4.5,0.742,machine_pitch_candidate_not_verified_note
mirages_05,38,D2,129.0,2.5,0.467,machine_pitch_candidate_not_verified_note
mirages_05,33,A1,132.0,1.37,1.0,machine_pitch_candidate_not_verified_note
mirages_06,33,A1,0.0,4.0,0.925,machine_pitch_candidate_not_verified_note
mirages_06,39,Eb2,1.5,3.5,0.616,machine_pitch_candidate_not_verified_note
mirages_06,36,C2,3.0,2.0,0.83,machine_pitch_candidate_not_verified_note
mirages_06,32,Ab1,3.5,2.5,0.528,machine_pitch_candidate_not_verified_note
mirages_06,35,B1,3.5,3.5,0.714,machine_pitch_candidate_not_verified_note
mirages_06,31,G1,4.5,2.5,0.547,machine_pitch_candidate_not_verified_note
mirages_06,49,C#3,4.5,2.0,0.702,machine_pitch_candidate_not_verified_note
mirages_06,28,E1,6.5,6.5,0.726,machine_pitch_candidate_not_verified_note
mirages_06,46,Bb2,6.5,5.5,0.713,machine_pitch_candidate_not_verified_note
mirages_06,27,Eb1,7.0,3.0,0.45,machine_pitch_candidate_not_verified_note
mirages_06,40,E2,8.5,2.5,0.475,machine_pitch_candidate_not_verified_note
mirages_06,39,Eb2,9.0,3.5,0.668,machine_pitch_candidate_not_verified_note
mirages_06,47,B2,9.5,2.0,0.404,machine_pitch_candidate_not_verified_note
mirages_06,27,Eb1,10.5,2.5,0.859,machine_pitch_candidate_not_verified_note
mirages_06,32,Ab1,11.5,4.0,0.954,machine_pitch_candidate_not_verified_note
mirages_06,33,A1,11.5,2.0,0.49,machine_pitch_candidate_not_verified_note
mirages_06,38,D2,13.0,2.0,0.35,machine_pitch_candidate_not_verified_note
mirages_06,51,Eb3,13.5,2.0,0.366,machine_pitch_candidate_not_verified_note
mirages_06,28,E1,14.5,1.5,0.742,machine_pitch_candidate_not_verified_note
mirages_06,35,B1,14.5,5.5,0.745,machine_pitch_candidate_not_verified_note
mirages_06,36,C2,15.0,2.5,0.845,machine_pitch_candidate_not_verified_note
mirages_06,39,Eb2,15.0,5.5,0.736,machine_pitch_candidate_not_verified_note
mirages_06,40,E2,15.0,4.5,0.563,machine_pitch_candidate_not_verified_note
mirages_06,82,Bb5,15.0,1.5,0.325,machine_pitch_candidate_not_verified_note
mirages_06,26,D1,19.0,1.5,0.475,machine_pitch_candidate_not_verified_note
mirages_06,25,C#1,19.5,4.5,0.705,machine_pitch_candidate_not_verified_note
mirages_06,32,Ab1,19.5,1.5,0.81,machine_pitch_candidate_not_verified_note
mirages_06,33,A1,19.5,1.5,0.624,machine_pitch_candidate_not_verified_note
mirages_06,34,Bb1,21.5,2.0,0.566,machine_pitch_candidate_not_verified_note
mirages_06,30,F#1,22.0,4.0,0.692,machine_pitch_candidate_not_verified_note
mirages_06,31,G1,22.0,3.5,0.706,machine_pitch_candidate_not_verified_note
mirages_06,35,B1,22.0,2.5,0.78,machine_pitch_candidate_not_verified_note
mirages_06,49,C#3,22.0,3.5,0.643,machine_pitch_candidate_not_verified_note
mirages_06,39,Eb2,23.5,5.0,0.716,machine_pitch_candidate_not_verified_note
mirages_06,40,E2,25.0,4.0,0.644,machine_pitch_candidate_not_verified_note
mirages_06,31,G1,26.0,3.0,0.578,machine_pitch_candidate_not_verified_note
mirages_06,35,B1,26.0,1.5,0.538,machine_pitch_candidate_not_verified_note
mirages_06,30,F#1,26.5,4.0,0.557,machine_pitch_candidate_not_verified_note
mirages_06,36,C2,26.5,2.0,0.474,machine_pitch_candidate_not_verified_note
mirages_06,52,E3,26.5,1.5,0.314,machine_pitch_candidate_not_verified_note
mirages_06,34,Bb1,28.0,1.5,0.779,machine_pitch_candidate_not_verified_note
mirages_06,35,B1,28.0,6.5,0.496,machine_pitch_candidate_not_verified_note
mirages_06,49,C#3,28.0,2.5,0.894,machine_pitch_candidate_not_verified_note
mirages_06,50,D3,28.0,2.5,0.35,machine_pitch_candidate_not_verified_note
mirages_06,39,Eb2,29.0,4.5,0.425,machine_pitch_candidate_not_verified_note
mirages_06,27,Eb1,29.5,5.5,0.591,machine_pitch_candidate_not_verified_note
mirages_06,28,E1,30.0,4.5,0.535,machine_pitch_candidate_not_verified_note
mirages_06,46,Bb2,30.0,4.5,0.82,machine_pitch_candidate_not_verified_note
mirages_06,40,E2,30.5,2.0,0.567,machine_pitch_candidate_not_verified_note
mirages_06,47,B2,30.5,2.5,0.516,machine_pitch_candidate_not_verified_note
mirages_06,31,G1,32.0,2.0,0.603,machine_pitch_candidate_not_verified_note
mirages_06,49,C#3,32.0,2.5,0.797,machine_pitch_candidate_not_verified_note
mirages_06,30,F#1,32.5,2.0,0.501,machine_pitch_candidate_not_verified_note
mirages_06,36,C2,34.0,2.0,0.614,machine_pitch_candidate_not_verified_note
mirages_06,51,Eb3,34.0,2.0,0.379,machine_pitch_candidate_not_verified_note
mirages_06,54,F#3,34.0,2.5,0.461,machine_pitch_candidate_not_verified_note
mirages_06,32,Ab1,34.5,1.5,1.0,machine_pitch_candidate_not_verified_note
mirages_06,33,A1,34.5,1.5,0.536,machine_pitch_candidate_not_verified_note
mirages_06,49,C#3,35.0,3.0,0.705,machine_pitch_candidate_not_verified_note
mirages_06,30,F#1,35.5,2.5,0.875,machine_pitch_candidate_not_verified_note
mirages_06,31,G1,35.5,2.5,0.647,machine_pitch_candidate_not_verified_note
mirages_06,35,B1,35.5,5.0,0.608,machine_pitch_candidate_not_verified_note
mirages_06,34,Bb1,36.0,3.0,0.573,machine_pitch_candidate_not_verified_note
mirages_06,53,F3,36.0,2.0,0.35,machine_pitch_candidate_not_verified_note
mirages_06,77,F5,36.0,2.0,0.505,machine_pitch_candidate_not_verified_note
mirages_06,27,Eb1,38.0,2.0,0.737,machine_pitch_candidate_not_verified_note
mirages_06,28,E1,38.0,5.5,0.66,machine_pitch_candidate_not_verified_note
mirages_06,46,Bb2,38.0,4.5,0.723,machine_pitch_candidate_not_verified_note
mirages_06,31,G1,39.0,3.0,0.721,machine_pitch_candidate_not_verified_note
mirages_06,30,F#1,40.0,2.0,0.787,machine_pitch_candidate_not_verified_note
mirages_06,39,Eb2,40.0,3.5,0.713,machine_pitch_candidate_not_verified_note
mirages_06,40,E2,40.0,2.5,0.549,machine_pitch_candidate_not_verified_note
mirages_06,49,C#3,40.0,2.5,0.661,machine_pitch_candidate_not_verified_note
mirages_06,50,D3,40.0,1.5,0.631,machine_pitch_candidate_not_verified_note
mirages_06,77,F5,40.0,1.5,0.453,machine_pitch_candidate_not_verified_note
mirages_06,27,Eb1,40.5,1.5,0.386,machine_pitch_candidate_not_verified_note
mirages_06,33,A1,41.5,2.0,0.676,machine_pitch_candidate_not_verified_note
mirages_06,36,C2,41.5,2.0,0.783,machine_pitch_candidate_not_verified_note
mirages_06,32,Ab1,42.0,1.5,0.976,machine_pitch_candidate_not_verified_note
mirages_06,35,B1,43.0,3.5,0.817,machine_pitch_candidate_not_verified_note
mirages_06,30,F#1,43.5,3.0,0.559,machine_pitch_candidate_not_verified_note
mirages_06,49,C#3,43.5,2.5,0.658,machine_pitch_candidate_not_verified_note
mirages_06,31,G1,44.0,2.5,0.635,machine_pitch_candidate_not_verified_note
mirages_06,34,Bb1,44.0,2.5,0.667,machine_pitch_candidate_not_verified_note
mirages_06,28,E1,44.5,4.5,0.814,machine_pitch_candidate_not_verified_note
mirages_06,77,F5,45.0,1.5,0.498,machine_pitch_candidate_not_verified_note
mirages_06,27,Eb1,45.5,4.5,0.634,machine_pitch_candidate_not_verified_note
mirages_06,46,Bb2,46.0,3.5,0.532,machine_pitch_candidate_not_verified_note
mirages_06,40,E2,47.5,3.5,0.609,machine_pitch_candidate_not_verified_note
mirages_06,31,G1,48.0,2.0,0.838,machine_pitch_candidate_not_verified_note
mirages_06,39,Eb2,48.0,3.0,0.625,machine_pitch_candidate_not_verified_note
mirages_06,35,B1,48.5,2.5,0.879,machine_pitch_candidate_not_verified_note
mirages_06,49,C#3,48.5,1.5,0.504,machine_pitch_candidate_not_verified_note
mirages_06,32,Ab1,49.5,2.0,0.802,machine_pitch_candidate_not_verified_note
mirages_06,33,A1,49.5,2.0,0.555,machine_pitch_candidate_not_verified_note
mirages_06,36,C2,49.5,1.5,0.629,machine_pitch_candidate_not_verified_note
mirages_06,28,E1,50.0,3.0,0.483,machine_pitch_candidate_not_verified_note
mirages_06,30,F#1,50.5,2.0,0.75,machine_pitch_candidate_not_verified_note
mirages_06,31,G1,51.5,2.0,0.653,machine_pitch_candidate_not_verified_note
mirages_06,77,F5,51.5,1.5,0.491,machine_pitch_candidate_not_verified_note
mirages_06,42,F#2,52.0,1.5,0.481,machine_pitch_candidate_not_verified_note
mirages_06,35,B1,52.5,2.0,0.838,machine_pitch_candidate_not_verified_note
mirages_06,27,Eb1,53.5,2.5,0.361,machine_pitch_candidate_not_verified_note
mirages_06,46,Bb2,53.5,4.5,0.53,machine_pitch_candidate_not_verified_note
mirages_06,28,E1,54.0,6.0,0.772,machine_pitch_candidate_not_verified_note
mirages_06,39,Eb2,54.0,6.0,0.699,machine_pitch_candidate_not_verified_note
mirages_06,86,D6,57.0,1.5,0.349,machine_pitch_candidate_not_verified_note
mirages_06,33,A1,58.5,4.0,0.888,machine_pitch_candidate_not_verified_note
mirages_06,32,Ab1,59.0,3.5,0.583,machine_pitch_candidate_not_verified_note
mirages_06,44,Ab2,59.0,3.5,0.522,machine_pitch_candidate_not_verified_note
mirages_06,25,C#1,59.5,1.5,0.437,machine_pitch_candidate_not_verified_note
mirages_06,51,Eb3,60.5,1.5,0.588,machine_pitch_candidate_not_verified_note
mirages_06,79,G5,60.5,1.5,0.366,machine_pitch_candidate_not_verified_note
mirages_06,39,Eb2,61.5,4.5,0.648,machine_pitch_candidate_not_verified_note
mirages_06,28,E1,62.0,2.0,0.827,machine_pitch_candidate_not_verified_note
mirages_06,35,B1,62.5,3.0,0.698,machine_pitch_candidate_not_verified_note
mirages_06,40,E2,62.5,1.5,0.45,machine_pitch_candidate_not_verified_note
mirages_06,36,C2,63.0,3.0,0.641,machine_pitch_candidate_not_verified_note
mirages_06,43,G2,63.5,1.5,0.363,machine_pitch_candidate_not_verified_note
mirages_06,82,Bb5,63.5,3.0,0.421,machine_pitch_candidate_not_verified_note
mirages_06,28,E1,65.0,1.5,0.312,machine_pitch_candidate_not_verified_note
mirages_06,54,F#3,65.0,1.5,0.368,machine_pitch_candidate_not_verified_note
mirages_06,25,C#1,65.5,5.5,0.654,machine_pitch_candidate_not_verified_note
mirages_06,40,E2,65.5,2.0,0.662,machine_pitch_candidate_not_verified_note
mirages_06,26,D1,66.5,2.0,0.417,machine_pitch_candidate_not_verified_note
mirages_06,32,Ab1,66.5,1.5,0.845,machine_pitch_candidate_not_verified_note
mirages_06,45,A2,67.0,1.5,0.436,machine_pitch_candidate_not_verified_note
mirages_06,30,F#1,68.0,2.0,0.418,machine_pitch_candidate_not_verified_note
mirages_06,31,G1,68.0,3.5,0.68,machine_pitch_candidate_not_verified_note
mirages_06,35,B1,68.0,3.5,0.805,machine_pitch_candidate_not_verified_note
mirages_06,34,Bb1,68.5,3.0,0.593,machine_pitch_candidate_not_verified_note
mirages_06,28,E1,70.0,5.0,0.833,machine_pitch_candidate_not_verified_note
mirages_06,27,Eb1,71.0,4.0,0.615,machine_pitch_candidate_not_verified_note
mirages_06,39,Eb2,71.0,3.0,0.522,machine_pitch_candidate_not_verified_note
mirages_06,40,E2,71.0,2.0,0.502,machine_pitch_candidate_not_verified_note
mirages_06,33,A1,74.0,6.5,0.858,machine_pitch_candidate_not_verified_note
mirages_06,32,Ab1,74.5,6.0,0.819,machine_pitch_candidate_not_verified_note
mirages_06,37,C#2,74.5,3.0,0.426,machine_pitch_candidate_not_verified_note
mirages_06,38,D2,74.5,3.0,0.439,machine_pitch_candidate_not_verified_note
mirages_06,35,B1,78.0,4.0,0.716,machine_pitch_candidate_not_verified_note
mirages_06,36,C2,78.0,4.0,0.728,machine_pitch_candidate_not_verified_note
mirages_06,39,Eb2,78.0,4.5,0.696,machine_pitch_candidate_not_verified_note
mirages_06,40,E2,78.0,4.5,0.894,machine_pitch_candidate_not_verified_note
mirages_06,25,C#1,82.0,6.5,0.766,machine_pitch_candidate_not_verified_note
mirages_06,26,D1,82.0,10.5,0.645,machine_pitch_candidate_not_verified_note
mirages_06,32,Ab1,82.0,7.0,0.712,machine_pitch_candidate_not_verified_note
mirages_06,33,A1,82.0,4.0,0.884,machine_pitch_candidate_not_verified_note
mirages_06,39,Eb2,84.5,7.0,0.51,machine_pitch_candidate_not_verified_note
mirages_06,35,B1,85.0,3.5,0.701,machine_pitch_candidate_not_verified_note
mirages_06,40,E2,85.0,2.0,0.6,machine_pitch_candidate_not_verified_note
mirages_06,30,F#1,86.0,2.5,0.603,machine_pitch_candidate_not_verified_note
mirages_06,33,A1,86.5,2.5,0.609,machine_pitch_candidate_not_verified_note
mirages_06,43,G2,86.5,2.5,0.845,machine_pitch_candidate_not_verified_note
mirages_06,49,C#3,87.0,2.0,0.642,machine_pitch_candidate_not_verified_note
mirages_06,28,E1,88.0,3.0,0.658,machine_pitch_candidate_not_verified_note
mirages_06,31,G1,88.5,8.0,0.637,machine_pitch_candidate_not_verified_note
mirages_06,36,C2,89.0,2.0,0.92,machine_pitch_candidate_not_verified_note
mirages_06,54,F#3,89.0,1.5,0.372,machine_pitch_candidate_not_verified_note
mirages_06,35,B1,90.5,2.0,0.751,machine_pitch_candidate_not_verified_note
mirages_06,42,F#2,90.5,2.5,0.561,machine_pitch_candidate_not_verified_note
mirages_06,77,F5,90.5,3.0,0.407,machine_pitch_candidate_not_verified_note
mirages_06,30,F#1,91.0,1.5,0.397,machine_pitch_candidate_not_verified_note
mirages_06,34,Bb1,91.0,2.0,0.649,machine_pitch_candidate_not_verified_note
mirages_06,43,G2,91.0,1.5,0.451,machine_pitch_candidate_not_verified_note
mirages_06,49,C#3,91.0,2.0,0.481,machine_pitch_candidate_not_verified_note
mirages_06,53,F3,91.0,1.5,0.554,machine_pitch_candidate_not_verified_note
mirages_06,28,E1,92.5,7.0,0.709,machine_pitch_candidate_not_verified_note
mirages_06,39,Eb2,92.5,4.0,0.611,machine_pitch_candidate_not_verified_note
mirages_06,40,E2,92.5,1.5,0.377,machine_pitch_candidate_not_verified_note
mirages_06,46,Bb2,93.0,3.0,0.555,machine_pitch_candidate_not_verified_note
mirages_06,35,B1,93.5,1.5,0.46,machine_pitch_candidate_not_verified_note
mirages_06,49,C#3,95.0,1.5,0.352,machine_pitch_candidate_not_verified_note
mirages_06,32,Ab1,96.5,2.0,0.574,machine_pitch_candidate_not_verified_note
mirages_06,36,C2,97.0,1.5,0.963,machine_pitch_candidate_not_verified_note
mirages_06,31,G1,97.5,3.5,0.543,machine_pitch_candidate_not_verified_note
mirages_06,54,F#3,97.5,1.5,0.427,machine_pitch_candidate_not_verified_note
mirages_06,35,B1,98.0,3.5,0.82,machine_pitch_candidate_not_verified_note
mirages_06,53,F3,98.5,2.5,0.399,machine_pitch_candidate_not_verified_note
mirages_06,43,G2,99.0,2.0,0.501,machine_pitch_candidate_not_verified_note
mirages_06,49,C#3,99.0,2.0,0.411,machine_pitch_candidate_not_verified_note
mirages_06,28,E1,100.0,3.0,0.541,machine_pitch_candidate_not_verified_note
mirages_06,39,Eb2,100.5,4.0,0.696,machine_pitch_candidate_not_verified_note
mirages_06,46,Bb2,100.5,3.0,0.723,machine_pitch_candidate_not_verified_note
mirages_06,40,E2,101.5,3.0,0.535,machine_pitch_candidate_not_verified_note
mirages_06,49,C#3,102.5,2.0,0.673,machine_pitch_candidate_not_verified_note
mirages_06,25,C#1,103.5,4.0,0.677,machine_pitch_candidate_not_verified_note
mirages_06,35,B1,103.5,3.5,0.807,machine_pitch_candidate_not_verified_note
mirages_06,26,D1,104.0,2.5,0.484,machine_pitch_candidate_not_verified_note
mirages_06,34,Bb1,104.5,1.5,0.682,machine_pitch_candidate_not_verified_note
mirages_06,33,A1,106.0,2.5,0.567,machine_pitch_candidate_not_verified_note
mirages_06,32,Ab1,106.5,2.0,0.418,machine_pitch_candidate_not_verified_note
mirages_06,47,B2,106.5,2.0,0.736,machine_pitch_candidate_not_verified_note
mirages_06,48,C3,106.5,1.5,0.472,machine_pitch_candidate_not_verified_note
mirages_06,83,B5,106.5,1.5,0.533,machine_pitch_candidate_not_verified_note
mirages_06,29,F1,107.0,1.5,0.421,machine_pitch_candidate_not_verified_note
mirages_06,40,E2,107.0,1.5,0.718,machine_pitch_candidate_not_verified_note
mirages_06,49,C#3,108.5,3.5,0.55,machine_pitch_candidate_not_verified_note
mirages_06,31,G1,109.0,3.0,0.908,machine_pitch_candidate_not_verified_note
mirages_06,35,B1,109.0,1.5,0.443,machine_pitch_candidate_not_verified_note
mirages_06,42,F#2,110.0,4.0,0.471,machine_pitch_candidate_not_verified_note
mirages_06,43,G2,110.5,2.0,0.838,machine_pitch_candidate_not_verified_note
mirages_06,32,Ab1,111.5,2.0,0.862,machine_pitch_candidate_not_verified_note
mirages_06,36,C2,111.5,2.5,0.641,machine_pitch_candidate_not_verified_note
mirages_06,35,B1,113.0,5.5,0.669,machine_pitch_candidate_not_verified_note
mirages_06,30,F#1,113.5,3.5,0.484,machine_pitch_candidate_not_verified_note
mirages_06,31,G1,114.0,3.0,0.689,machine_pitch_candidate_not_verified_note
mirages_06,49,C#3,114.0,2.0,0.535,machine_pitch_candidate_not_verified_note
mirages_06,42,F#2,114.5,2.0,0.512,machine_pitch_candidate_not_verified_note
mirages_06,36,C2,116.0,2.0,0.342,machine_pitch_candidate_not_verified_note
mirages_06,39,Eb2,116.0,6.0,0.872,machine_pitch_candidate_not_verified_note
mirages_06,46,Bb2,116.0,5.5,0.745,machine_pitch_candidate_not_verified_note
mirages_06,28,E1,116.5,4.0,0.676,machine_pitch_candidate_not_verified_note
mirages_06,62,D4,116.5,2.0,0.391,machine_pitch_candidate_not_verified_note
mirages_06,27,Eb1,117.5,1.5,0.376,machine_pitch_candidate_not_verified_note
mirages_06,72,C5,119.0,2.0,0.424,machine_pitch_candidate_not_verified_note
mirages_06,35,B1,119.5,2.0,0.502,machine_pitch_candidate_not_verified_note
mirages_06,27,Eb1,120.0,2.0,0.431,machine_pitch_candidate_not_verified_note
mirages_06,40,E2,120.0,1.5,0.846,machine_pitch_candidate_not_verified_note
mirages_06,62,D4,120.0,8.0,0.774,machine_pitch_candidate_not_verified_note
mirages_06,60,C4,123.5,3.0,0.658,machine_pitch_candidate_not_verified_note
mirages_06,76,E5,123.5,4.5,0.796,machine_pitch_candidate_not_verified_note
mirages_06,36,C2,126.0,2.5,0.582,machine_pitch_candidate_not_verified_note
mirages_06,40,E2,126.5,1.5,0.485,machine_pitch_candidate_not_verified_note
mirages_06,64,E4,126.5,3.5,0.59,machine_pitch_candidate_not_verified_note
mirages_06,60,C4,127.5,1.5,0.633,machine_pitch_candidate_not_verified_note
mirages_06,72,C5,128.0,2.5,0.858,machine_pitch_candidate_not_verified_note
mirages_06,62,D4,130.0,4.0,0.843,machine_pitch_candidate_not_verified_note
mirages_06,74,D5,130.0,4.0,0.665,machine_pitch_candidate_not_verified_note
mirages_06,36,C2,133.0,1.5,0.499,machine_pitch_candidate_not_verified_note
mirages_06,60,C4,133.0,4.5,0.74,machine_pitch_candidate_not_verified_note
mirages_06,76,E5,133.0,3.0,0.78,machine_pitch_candidate_not_verified_note
mirages_06,78,F#5,133.5,2.0,0.493,machine_pitch_candidate_not_verified_note
mirages_06,34,Bb1,135.0,2.5,0.497,machine_pitch_candidate_not_verified_note
mirages_06,69,A4,137.0,3.0,0.918,machine_pitch_candidate_not_verified_note
mirages_06,60,C4,138.5,2.63,0.714,machine_pitch_candidate_not_verified_note
mirages_06,64,E4,140.0,1.13,0.672,machine_pitch_candidate_not_verified_note
mirages_06,72,C5,140.0,1.13,0.847,machine_pitch_candidate_not_verified_note
mirages_07,34,Bb1,1.0,2.0,0.445,machine_pitch_candidate_not_verified_note
mirages_07,60,C4,1.0,3.0,0.918,machine_pitch_candidate_not_verified_note
mirages_07,62,D4,1.0,5.5,0.614,machine_pitch_candidate_not_verified_note
mirages_07,74,D5,1.5,3.0,0.472,machine_pitch_candidate_not_verified_note
mirages_07,50,D3,3.5,1.5,0.44,machine_pitch_candidate_not_verified_note
mirages_07,76,E5,4.0,3.0,0.94,machine_pitch_candidate_not_verified_note
mirages_07,60,C4,5.0,2.5,0.721,machine_pitch_candidate_not_verified_note
mirages_07,34,Bb1,5.5,2.0,0.371,machine_pitch_candidate_not_verified_note
mirages_07,74,D5,6.5,3.0,0.537,machine_pitch_candidate_not_verified_note
mirages_07,67,G4,7.0,2.5,0.826,machine_pitch_candidate_not_verified_note
mirages_07,60,C4,9.0,2.0,1.0,machine_pitch_candidate_not_verified_note
mirages_07,64,E4,9.5,2.5,0.577,machine_pitch_candidate_not_verified_note
mirages_07,72,C5,10.0,2.0,0.693,machine_pitch_candidate_not_verified_note
mirages_07,62,D4,12.0,6.0,0.767,machine_pitch_candidate_not_verified_note
mirages_07,74,D5,12.0,2.0,0.808,machine_pitch_candidate_not_verified_note
mirages_07,60,C4,12.5,2.0,0.715,machine_pitch_candidate_not_verified_note
mirages_07,60,C4,15.0,4.0,0.938,machine_pitch_candidate_not_verified_note
mirages_07,74,D5,15.0,2.0,0.363,machine_pitch_candidate_not_verified_note
mirages_07,76,E5,15.0,3.0,0.77,machine_pitch_candidate_not_verified_note
mirages_07,34,Bb1,16.0,2.0,0.58,machine_pitch_candidate_not_verified_note
mirages_07,62,D4,18.5,2.5,0.891,machine_pitch_candidate_not_verified_note
mirages_07,74,D5,18.5,1.5,0.354,machine_pitch_candidate_not_verified_note
mirages_07,60,C4,20.5,13.5,0.499,machine_pitch_candidate_not_verified_note
mirages_07,64,E4,20.5,2.5,0.847,machine_pitch_candidate_not_verified_note
mirages_07,72,C5,20.5,2.0,1.0,machine_pitch_candidate_not_verified_note
mirages_07,74,D5,21.5,6.0,0.575,machine_pitch_candidate_not_verified_note
mirages_07,46,Bb2,22.5,1.5,0.385,machine_pitch_candidate_not_verified_note
mirages_07,62,D4,23.0,3.5,0.82,machine_pitch_candidate_not_verified_note
mirages_07,34,Bb1,25.0,1.5,0.406,machine_pitch_candidate_not_verified_note
mirages_07,76,E5,26.0,5.5,0.783,machine_pitch_candidate_not_verified_note
mirages_07,53,F3,26.5,2.5,0.704,machine_pitch_candidate_not_verified_note
mirages_07,57,A3,26.5,4.0,0.484,machine_pitch_candidate_not_verified_note
mirages_07,43,G2,28.0,3.5,0.64,machine_pitch_candidate_not_verified_note
mirages_07,46,Bb2,29.0,5.0,0.445,machine_pitch_candidate_not_verified_note
mirages_07,50,D3,29.0,2.5,0.57,machine_pitch_candidate_not_verified_note
mirages_07,53,F3,30.0,6.0,0.901,machine_pitch_candidate_not_verified_note
mirages_07,64,E4,30.0,2.5,0.723,machine_pitch_candidate_not_verified_note
mirages_07,74,D5,30.5,3.0,0.721,machine_pitch_candidate_not_verified_note
mirages_07,34,Bb1,31.0,2.0,0.557,machine_pitch_candidate_not_verified_note
mirages_07,72,C5,31.0,1.5,0.547,machine_pitch_candidate_not_verified_note
mirages_07,62,D4,33.0,2.5,0.719,machine_pitch_candidate_not_verified_note
mirages_07,76,E5,34.5,3.5,0.849,machine_pitch_candidate_not_verified_note
mirages_07,74,D5,35.5,3.0,0.466,machine_pitch_candidate_not_verified_note
mirages_07,60,C4,37.0,4.0,0.929,machine_pitch_candidate_not_verified_note
mirages_07,53,F3,38.5,1.5,0.671,machine_pitch_candidate_not_verified_note
mirages_07,34,Bb1,39.0,2.0,0.641,machine_pitch_candidate_not_verified_note
mirages_07,50,D3,39.0,2.0,0.52,machine_pitch_candidate_not_verified_note
mirages_07,74,D5,39.0,4.5,0.681,machine_pitch_candidate_not_verified_note
mirages_07,69,A4,40.0,1.5,0.654,machine_pitch_candidate_not_verified_note
mirages_07,62,D4,40.5,2.0,0.624,machine_pitch_candidate_not_verified_note
mirages_07,36,C2,41.0,1.5,0.318,machine_pitch_candidate_not_verified_note
mirages_07,53,F3,41.0,3.0,0.359,machine_pitch_candidate_not_verified_note
mirages_07,34,Bb1,42.5,5.5,0.701,machine_pitch_candidate_not_verified_note
mirages_07,64,E4,42.5,2.0,0.711,machine_pitch_candidate_not_verified_note
mirages_07,72,C5,42.5,2.0,0.825,machine_pitch_candidate_not_verified_note
mirages_07,57,A3,44.0,1.5,0.539,machine_pitch_candidate_not_verified_note
mirages_07,60,C4,44.0,6.0,0.677,machine_pitch_candidate_not_verified_note
mirages_07,62,D4,44.0,3.0,0.885,machine_pitch_candidate_not_verified_note
mirages_07,67,G4,44.0,1.5,0.419,machine_pitch_candidate_not_verified_note
mirages_07,77,F5,44.0,1.5,0.533,machine_pitch_candidate_not_verified_note
mirages_07,50,D3,44.5,6.0,0.49,machine_pitch_candidate_not_verified_note
mirages_07,53,F3,45.0,2.0,0.607,machine_pitch_candidate_not_verified_note
mirages_07,64,E4,45.5,1.5,0.358,machine_pitch_candidate_not_verified_note
mirages_07,74,D5,45.5,5.0,0.593,machine_pitch_candidate_not_verified_note
mirages_07,76,E5,46.0,5.5,0.695,machine_pitch_candidate_not_verified_note
mirages_07,72,C5,46.5,1.5,0.502,machine_pitch_candidate_not_verified_note
mirages_07,53,F3,48.0,2.5,0.404,machine_pitch_candidate_not_verified_note
mirages_07,62,D4,48.5,2.0,0.737,machine_pitch_candidate_not_verified_note
mirages_07,34,Bb1,49.0,2.5,0.389,machine_pitch_candidate_not_verified_note
mirages_07,67,G4,50.5,4.5,0.712,machine_pitch_candidate_not_verified_note
mirages_07,74,D5,52.0,2.0,0.511,machine_pitch_candidate_not_verified_note
mirages_07,34,Bb1,52.5,3.5,0.749,machine_pitch_candidate_not_verified_note
mirages_07,50,D3,52.5,1.5,0.679,machine_pitch_candidate_not_verified_note
mirages_07,76,E5,52.5,1.5,0.707,machine_pitch_candidate_not_verified_note
mirages_07,53,F3,53.0,1.5,0.858,machine_pitch_candidate_not_verified_note
mirages_07,64,E4,53.0,2.0,0.857,machine_pitch_candidate_not_verified_note
mirages_07,72,C5,53.0,2.0,0.843,machine_pitch_candidate_not_verified_note
mirages_07,60,C4,54.0,2.0,0.374,machine_pitch_candidate_not_verified_note
mirages_07,74,D5,55.0,2.5,0.93,machine_pitch_candidate_not_verified_note
mirages_07,62,D4,56.0,2.0,0.884,machine_pitch_candidate_not_verified_note
mirages_07,34,Bb1,57.5,2.0,0.346,machine_pitch_candidate_not_verified_note
mirages_07,57,A3,57.5,3.5,0.773,machine_pitch_candidate_not_verified_note
mirages_07,38,D2,58.0,2.0,0.309,machine_pitch_candidate_not_verified_note
mirages_07,76,E5,58.0,4.5,0.791,machine_pitch_candidate_not_verified_note
mirages_07,60,C4,59.0,2.5,0.657,machine_pitch_candidate_not_verified_note
mirages_07,50,D3,59.5,2.0,0.4,machine_pitch_candidate_not_verified_note
mirages_07,34,Bb1,61.0,2.0,0.868,machine_pitch_candidate_not_verified_note
mirages_07,43,G2,61.0,1.5,0.395,machine_pitch_candidate_not_verified_note
mirages_07,62,D4,61.0,4.0,0.749,machine_pitch_candidate_not_verified_note
mirages_07,74,D5,61.0,1.5,0.563,machine_pitch_candidate_not_verified_note
mirages_07,46,Bb2,63.5,1.5,0.679,machine_pitch_candidate_not_verified_note
mirages_07,53,F3,63.5,1.5,0.477,machine_pitch_candidate_not_verified_note
mirages_07,64,E4,63.5,2.0,0.575,machine_pitch_candidate_not_verified_note
mirages_07,72,C5,63.5,2.0,0.52,machine_pitch_candidate_not_verified_note
mirages_07,74,D5,63.5,2.0,0.756,machine_pitch_candidate_not_verified_note
mirages_07,50,D3,64.5,5.0,0.41,machine_pitch_candidate_not_verified_note
mirages_07,43,G2,65.0,4.5,0.94,machine_pitch_candidate_not_verified_note
mirages_07,76,E5,67.5,3.5,0.593,machine_pitch_candidate_not_verified_note
mirages_07,34,Bb1,69.0,2.0,0.368,machine_pitch_candidate_not_verified_note
mirages_07,46,Bb2,69.0,4.5,0.901,machine_pitch_candidate_not_verified_note
mirages_07,43,G2,72.0,4.5,0.73,machine_pitch_candidate_not_verified_note
mirages_07,50,D3,72.0,13.5,0.613,machine_pitch_candidate_not_verified_note
mirages_07,76,E5,74.0,3.5,0.668,machine_pitch_candidate_not_verified_note
mirages_07,46,Bb2,75.0,63.5,0.889,machine_pitch_candidate_not_verified_note
mirages_07,43,G2,78.5,3.5,0.689,machine_pitch_candidate_not_verified_note
mirages_07,76,E5,83.0,2.0,0.526,machine_pitch_candidate_not_verified_note
mirages_07,43,G2,85.5,13.0,0.679,machine_pitch_candidate_not_verified_note
mirages_07,69,A4,86.0,2.0,0.432,machine_pitch_candidate_not_verified_note
mirages_07,50,D3,86.5,1.5,0.314,machine_pitch_candidate_not_verified_note
mirages_07,50,D3,89.0,10.5,0.758,machine_pitch_candidate_not_verified_note
mirages_07,64,E4,89.0,1.5,0.322,machine_pitch_candidate_not_verified_note
mirages_07,72,C5,89.0,1.5,0.422,machine_pitch_candidate_not_verified_note
mirages_07,76,E5,94.0,2.0,0.5,machine_pitch_candidate_not_verified_note
mirages_07,57,A3,94.5,4.0,0.617,machine_pitch_candidate_not_verified_note
mirages_07,60,C4,95.0,1.5,0.49,machine_pitch_candidate_not_verified_note
mirages_07,67,G4,97.0,1.5,0.69,machine_pitch_candidate_not_verified_note
mirages_07,34,Bb1,102.0,2.0,0.465,machine_pitch_candidate_not_verified_note
mirages_07,43,G2,102.5,5.5,0.629,machine_pitch_candidate_not_verified_note
mirages_07,50,D3,104.5,18.5,0.614,machine_pitch_candidate_not_verified_note
mirages_07,76,E5,104.5,1.5,0.37,machine_pitch_candidate_not_verified_note
mirages_07,43,G2,109.5,4.0,0.805,machine_pitch_candidate_not_verified_note
mirages_07,53,F3,109.5,3.5,0.371,machine_pitch_candidate_not_verified_note
mirages_07,76,E5,116.0,1.5,0.39,machine_pitch_candidate_not_verified_note
mirages_07,43,G2,116.5,6.0,0.505,machine_pitch_candidate_not_verified_note
mirages_07,53,F3,117.0,1.5,0.38,machine_pitch_candidate_not_verified_note
mirages_07,53,F3,119.0,3.0,0.397,machine_pitch_candidate_not_verified_note
mirages_07,50,D3,123.5,3.5,0.385,machine_pitch_candidate_not_verified_note
mirages_07,43,G2,124.5,20.0,0.839,machine_pitch_candidate_not_verified_note
mirages_07,50,D3,128.5,4.0,0.579,machine_pitch_candidate_not_verified_note
mirages_07,72,C5,129.0,1.5,0.382,machine_pitch_candidate_not_verified_note
mirages_07,34,Bb1,130.5,2.0,0.609,machine_pitch_candidate_not_verified_note
mirages_07,46,Bb2,139.5,23.5,0.781,machine_pitch_candidate_not_verified_note
mirages_07,50,D3,140.0,6.0,0.416,machine_pitch_candidate_not_verified_note
mirages_07,43,G2,145.5,4.0,0.915,machine_pitch_candidate_not_verified_note
mirages_07,50,D3,147.0,16.0,0.601,machine_pitch_candidate_not_verified_note
mirages_07,34,Bb1,148.0,1.5,0.323,machine_pitch_candidate_not_verified_note
mirages_07,43,G2,150.5,9.5,0.618,machine_pitch_candidate_not_verified_note
mirages_07,34,Bb1,152.0,2.0,1.0,machine_pitch_candidate_not_verified_note
mirages_07,43,G2,162.0,25.0,0.86,machine_pitch_candidate_not_verified_note
mirages_07,34,Bb1,162.5,2.0,0.653,machine_pitch_candidate_not_verified_note
mirages_07,46,Bb2,164.0,9.5,0.706,machine_pitch_candidate_not_verified_note
mirages_07,50,D3,168.5,5.5,0.623,machine_pitch_candidate_not_verified_note
mirages_07,69,A4,169.5,7.5,0.689,machine_pitch_candidate_not_verified_note
mirages_07,34,Bb1,173.0,2.5,0.711,machine_pitch_candidate_not_verified_note
mirages_07,76,E5,174.0,2.0,0.37,machine_pitch_candidate_not_verified_note
mirages_07,50,D3,174.5,1.5,0.36,machine_pitch_candidate_not_verified_note
mirages_07,46,Bb2,175.0,6.0,0.803,machine_pitch_candidate_not_verified_note
mirages_07,59,B3,175.0,1.5,0.446,machine_pitch_candidate_not_verified_note
mirages_07,69,A4,177.5,2.0,0.481,machine_pitch_candidate_not_verified_note
mirages_07,50,D3,178.5,5.0,0.589,machine_pitch_candidate_not_verified_note
mirages_07,69,A4,181.5,8.38,0.675,machine_pitch_candidate_not_verified_note
mirages_07,46,Bb2,183.0,4.0,0.771,machine_pitch_candidate_not_verified_note
mirages_07,50,D3,185.5,2.0,0.744,machine_pitch_candidate_not_verified_note
mirages_08,40,E2,0.0,2.0,0.549,machine_pitch_candidate_not_verified_note
mirages_08,52,E3,0.0,3.0,0.476,machine_pitch_candidate_not_verified_note
mirages_08,59,B3,0.0,4.5,0.63,machine_pitch_candidate_not_verified_note
mirages_08,69,A4,0.0,41.5,0.882,machine_pitch_candidate_not_verified_note
mirages_08,67,G4,0.5,2.0,0.473,machine_pitch_candidate_not_verified_note
mirages_08,79,G5,0.5,1.5,0.397,machine_pitch_candidate_not_verified_note
mirages_08,64,E4,1.0,5.0,0.618,machine_pitch_candidate_not_verified_note
mirages_08,57,A3,2.0,1.5,0.561,machine_pitch_candidate_not_verified_note
mirages_08,62,D4,2.5,2.0,0.69,machine_pitch_candidate_not_verified_note
mirages_08,52,E3,14.5,2.5,0.525,machine_pitch_candidate_not_verified_note
mirages_08,59,B3,14.5,3.0,0.554,machine_pitch_candidate_not_verified_note
mirages_08,64,E4,15.0,3.0,0.673,machine_pitch_candidate_not_verified_note
mirages_08,67,G4,15.5,1.5,0.582,machine_pitch_candidate_not_verified_note
mirages_08,40,E2,20.0,5.0,0.827,machine_pitch_candidate_not_verified_note
mirages_08,40,E2,26.0,3.5,0.576,machine_pitch_candidate_not_verified_note
mirages_08,52,E3,26.5,5.0,0.523,machine_pitch_candidate_not_verified_note
mirages_08,59,B3,26.5,2.0,0.396,machine_pitch_candidate_not_verified_note
mirages_08,45,A2,27.0,7.0,0.75,machine_pitch_candidate_not_verified_note
mirages_08,53,F3,27.0,6.0,0.597,machine_pitch_candidate_not_verified_note
mirages_08,28,E1,28.0,2.0,0.514,machine_pitch_candidate_not_verified_note
mirages_08,40,E2,30.0,3.0,0.414,machine_pitch_candidate_not_verified_note
mirages_08,62,D4,30.5,3.0,0.404,machine_pitch_candidate_not_verified_note
mirages_08,28,E1,31.0,1.5,0.491,machine_pitch_candidate_not_verified_note
mirages_08,25,C#1,34.0,1.5,0.444,machine_pitch_candidate_not_verified_note
mirages_08,40,E2,34.0,7.0,0.708,machine_pitch_candidate_not_verified_note
mirages_08,48,C3,34.0,4.0,0.811,machine_pitch_candidate_not_verified_note
mirages_08,52,E3,34.5,2.0,0.603,machine_pitch_candidate_not_verified_note
mirages_08,48,C3,39.0,1.5,0.358,machine_pitch_candidate_not_verified_note
mirages_08,35,B1,40.0,5.0,0.888,machine_pitch_candidate_not_verified_note
mirages_08,43,G2,40.0,4.5,0.789,machine_pitch_candidate_not_verified_note
mirages_08,25,C#1,43.0,1.5,0.453,machine_pitch_candidate_not_verified_note
mirages_08,69,A4,43.0,2.5,0.562,machine_pitch_candidate_not_verified_note
mirages_08,53,F3,43.5,2.0,0.591,machine_pitch_candidate_not_verified_note
mirages_08,33,A1,44.5,7.0,0.823,machine_pitch_candidate_not_verified_note
mirages_08,41,F2,45.0,6.0,0.849,machine_pitch_candidate_not_verified_note
mirages_08,69,A4,48.5,14.0,0.874,machine_pitch_candidate_not_verified_note
mirages_08,25,C#1,49.0,3.0,0.525,machine_pitch_candidate_not_verified_note
mirages_08,76,E5,49.0,2.5,0.502,machine_pitch_candidate_not_verified_note
mirages_08,30,F#1,50.0,1.5,0.362,machine_pitch_candidate_not_verified_note
mirages_08,34,Bb1,50.0,1.5,0.404,machine_pitch_candidate_not_verified_note
mirages_08,52,E3,50.0,3.5,0.736,machine_pitch_candidate_not_verified_note
mirages_08,40,E2,51.5,2.0,0.794,machine_pitch_candidate_not_verified_note
mirages_08,48,C3,51.5,4.0,0.566,machine_pitch_candidate_not_verified_note
mirages_08,40,E2,54.0,2.5,0.49,machine_pitch_candidate_not_verified_note
mirages_08,33,A1,55.0,1.5,0.456,machine_pitch_candidate_not_verified_note
mirages_08,27,Eb1,55.5,1.5,0.454,machine_pitch_candidate_not_verified_note
mirages_08,52,E3,55.5,2.0,0.385,machine_pitch_candidate_not_verified_note
mirages_08,25,C#1,57.0,1.5,0.51,machine_pitch_candidate_not_verified_note
mirages_08,52,E3,58.5,2.0,0.347,machine_pitch_candidate_not_verified_note
mirages_08,25,C#1,59.5,2.5,0.376,machine_pitch_candidate_not_verified_note
mirages_08,27,Eb1,61.5,2.0,0.871,machine_pitch_candidate_not_verified_note
mirages_08,28,E1,61.5,1.5,0.611,machine_pitch_candidate_not_verified_note
mirages_08,29,F1,61.5,1.5,0.489,machine_pitch_candidate_not_verified_note
mirages_08,30,F#1,61.5,2.0,0.588,machine_pitch_candidate_not_verified_note
mirages_08,36,C2,61.5,1.5,0.569,machine_pitch_candidate_not_verified_note
mirages_08,25,C#1,62.5,2.5,0.791,machine_pitch_candidate_not_verified_note
mirages_08,28,E1,63.5,3.5,0.875,machine_pitch_candidate_not_verified_note
mirages_08,31,G1,63.5,2.5,0.594,machine_pitch_candidate_not_verified_note
mirages_08,36,C2,64.5,1.5,0.537,machine_pitch_candidate_not_verified_note
mirages_08,67,G4,64.5,2.0,0.407,machine_pitch_candidate_not_verified_note
mirages_08,32,Ab1,65.0,2.0,0.874,machine_pitch_candidate_not_verified_note
mirages_08,39,Eb2,65.5,1.5,0.342,machine_pitch_candidate_not_verified_note
mirages_08,25,C#1,66.0,2.0,0.738,machine_pitch_candidate_not_verified_note
mirages_08,28,E1,67.5,2.0,0.644,machine_pitch_candidate_not_verified_note
mirages_08,30,F#1,67.5,2.99,0.763,machine_pitch_candidate_not_verified_note
mirages_08,26,D1,69.0,1.49,0.764,machine_pitch_candidate_not_verified_note
mirages_09,38,D2,0.0,10.5,0.99,machine_pitch_candidate_not_verified_note
mirages_09,35,B1,3.5,3.0,0.796,machine_pitch_candidate_not_verified_note
mirages_09,47,B2,4.0,2.5,0.494,machine_pitch_candidate_not_verified_note
mirages_09,50,D3,8.5,2.5,0.58,machine_pitch_candidate_not_verified_note
mirages_09,35,B1,10.5,3.5,0.597,machine_pitch_candidate_not_verified_note
mirages_09,38,D2,11.0,54.5,0.847,machine_pitch_candidate_not_verified_note
mirages_09,42,F#2,11.0,3.5,0.551,machine_pitch_candidate_not_verified_note
mirages_09,47,B2,12.0,4.0,0.589,machine_pitch_candidate_not_verified_note
mirages_09,50,D3,13.5,2.5,0.426,machine_pitch_candidate_not_verified_note
mirages_09,50,D3,16.5,2.0,0.473,machine_pitch_candidate_not_verified_note
mirages_09,33,A1,18.5,2.5,0.828,machine_pitch_candidate_not_verified_note
mirages_09,45,A2,18.5,2.5,0.434,machine_pitch_candidate_not_verified_note
mirages_09,47,B2,19.5,5.5,0.494,machine_pitch_candidate_not_verified_note
mirages_09,35,B1,20.0,5.0,0.985,machine_pitch_candidate_not_verified_note
mirages_09,50,D3,24.5,4.0,0.534,machine_pitch_candidate_not_verified_note
mirages_09,69,A4,26.0,1.5,0.318,machine_pitch_candidate_not_verified_note
mirages_09,35,B1,30.5,2.5,1.0,machine_pitch_candidate_not_verified_note
mirages_09,47,B2,30.5,2.5,0.584,machine_pitch_candidate_not_verified_note
mirages_09,42,F#2,33.0,5.0,0.848,machine_pitch_candidate_not_verified_note
mirages_09,35,B1,34.5,4.0,0.786,machine_pitch_candidate_not_verified_note
mirages_09,50,D3,34.5,6.5,0.635,machine_pitch_candidate_not_verified_note
mirages_09,30,F#1,35.5,1.5,0.453,machine_pitch_candidate_not_verified_note
mirages_09,47,B2,38.0,1.5,0.352,machine_pitch_candidate_not_verified_note
mirages_09,35,B1,42.0,10.0,0.755,machine_pitch_candidate_not_verified_note
mirages_09,47,B2,42.0,4.0,0.777,machine_pitch_candidate_not_verified_note
mirages_09,50,D3,44.5,1.5,0.296,machine_pitch_candidate_not_verified_note
mirages_09,47,B2,47.0,22.0,0.666,machine_pitch_candidate_not_verified_note
mirages_09,42,F#2,52.5,1.5,0.341,machine_pitch_candidate_not_verified_note
mirages_09,66,F#4,53.5,1.5,0.353,machine_pitch_candidate_not_verified_note
mirages_09,35,B1,54.0,1.5,0.602,machine_pitch_candidate_not_verified_note
mirages_09,54,F#3,55.0,1.5,0.39,machine_pitch_candidate_not_verified_note
mirages_09,42,F#2,55.5,2.5,0.391,machine_pitch_candidate_not_verified_note
mirages_09,66,F#4,55.5,1.5,0.358,machine_pitch_candidate_not_verified_note
mirages_09,26,D1,56.5,4.0,0.466,machine_pitch_candidate_not_verified_note
mirages_09,28,E1,58.0,1.5,0.557,machine_pitch_candidate_not_verified_note
mirages_09,50,D3,58.5,2.5,0.338,machine_pitch_candidate_not_verified_note
mirages_09,35,B1,59.0,1.5,0.791,machine_pitch_candidate_not_verified_note
mirages_09,35,B1,61.0,3.0,0.492,machine_pitch_candidate_not_verified_note
mirages_09,42,F#2,61.5,1.5,0.373,machine_pitch_candidate_not_verified_note
mirages_09,35,B1,65.0,4.0,0.986,machine_pitch_candidate_not_verified_note
mirages_09,42,F#2,65.0,4.0,0.633,machine_pitch_candidate_not_verified_note
mirages_09,38,D2,67.0,20.5,0.762,machine_pitch_candidate_not_verified_note
mirages_09,50,D3,69.5,3.5,0.401,machine_pitch_candidate_not_verified_note
mirages_09,35,B1,76.0,6.0,0.957,machine_pitch_candidate_not_verified_note
mirages_09,50,D3,76.0,11.0,0.687,machine_pitch_candidate_not_verified_note
mirages_09,25,C#1,78.5,1.5,0.495,machine_pitch_candidate_not_verified_note
mirages_09,47,B2,78.5,2.0,0.512,machine_pitch_candidate_not_verified_note
mirages_09,62,D4,78.5,1.5,0.398,machine_pitch_candidate_not_verified_note
mirages_09,26,D1,81.5,2.5,0.374,machine_pitch_candidate_not_verified_note
mirages_09,42,F#2,81.5,5.5,0.808,machine_pitch_candidate_not_verified_note
mirages_09,25,C#1,84.0,3.5,0.463,machine_pitch_candidate_not_verified_note
mirages_09,62,D4,84.5,2.0,0.404,machine_pitch_candidate_not_verified_note
mirages_09,26,D1,85.0,1.5,0.469,machine_pitch_candidate_not_verified_note
mirages_09,35,B1,86.5,6.5,0.872,machine_pitch_candidate_not_verified_note
mirages_09,47,B2,86.5,4.5,0.608,machine_pitch_candidate_not_verified_note
mirages_09,38,D2,91.0,7.0,0.929,machine_pitch_candidate_not_verified_note
mirages_09,47,B2,91.5,2.0,0.331,machine_pitch_candidate_not_verified_note
mirages_09,45,A2,93.5,7.0,0.615,machine_pitch_candidate_not_verified_note
mirages_09,50,D3,95.5,2.0,0.678,machine_pitch_candidate_not_verified_note
mirages_09,54,F#3,96.0,2.0,0.314,machine_pitch_candidate_not_verified_note
mirages_09,47,B2,97.0,3.5,0.849,machine_pitch_candidate_not_verified_note
mirages_09,35,B1,97.5,3.0,0.632,machine_pitch_candidate_not_verified_note
mirages_09,42,F#2,97.5,6.0,0.711,machine_pitch_candidate_not_verified_note
mirages_09,52,E3,98.0,1.5,0.506,machine_pitch_candidate_not_verified_note
mirages_09,38,D2,99.0,1.5,0.505,machine_pitch_candidate_not_verified_note
mirages_09,50,D3,99.0,1.5,0.495,machine_pitch_candidate_not_verified_note
mirages_09,59,B3,99.0,1.5,0.336,machine_pitch_candidate_not_verified_note
mirages_09,64,E4,99.0,1.5,0.392,machine_pitch_candidate_not_verified_note
mirages_09,54,F#3,100.5,5.0,0.466,machine_pitch_candidate_not_verified_note
mirages_09,69,A4,100.5,1.5,0.412,machine_pitch_candidate_not_verified_note
mirages_09,38,D2,101.5,2.5,0.444,machine_pitch_candidate_not_verified_note
mirages_09,45,A2,101.5,15.0,0.967,machine_pitch_candidate_not_verified_note
mirages_09,30,F#1,102.0,2.0,0.406,machine_pitch_candidate_not_verified_note
mirages_09,57,A3,102.0,12.5,0.526,machine_pitch_candidate_not_verified_note
mirages_09,66,F#4,102.5,2.5,0.353,machine_pitch_candidate_not_verified_note
mirages_09,66,F#4,106.5,2.5,0.328,machine_pitch_candidate_not_verified_note
mirages_09,54,F#3,107.0,5.0,0.513,machine_pitch_candidate_not_verified_note
mirages_09,42,F#2,108.5,2.0,0.612,machine_pitch_candidate_not_verified_note
mirages_09,66,F#4,110.5,3.0,0.443,machine_pitch_candidate_not_verified_note
mirages_09,54,F#3,113.0,1.5,0.41,machine_pitch_candidate_not_verified_note
mirages_09,26,D1,113.5,1.5,0.373,machine_pitch_candidate_not_verified_note
mirages_09,47,B2,114.0,2.0,0.364,machine_pitch_candidate_not_verified_note
mirages_09,54,F#3,115.5,5.0,0.548,machine_pitch_candidate_not_verified_note
mirages_09,42,F#2,116.0,2.5,0.91,machine_pitch_candidate_not_verified_note
mirages_09,45,A2,117.0,13.0,0.898,machine_pitch_candidate_not_verified_note
mirages_09,57,A3,118.0,13.5,0.6,machine_pitch_candidate_not_verified_note
mirages_09,66,F#4,121.5,1.5,0.319,machine_pitch_candidate_not_verified_note
mirages_09,66,F#4,126.0,3.5,0.465,machine_pitch_candidate_not_verified_note
mirages_09,27,Eb1,128.0,2.0,0.738,machine_pitch_candidate_not_verified_note
mirages_09,29,F1,128.0,2.0,0.384,machine_pitch_candidate_not_verified_note
mirages_09,48,C3,128.0,17.0,0.766,machine_pitch_candidate_not_verified_note
mirages_09,30,F#1,130.5,1.5,0.917,machine_pitch_candidate_not_verified_note
mirages_09,27,Eb1,131.5,3.0,0.866,machine_pitch_candidate_not_verified_note
mirages_09,36,C2,133.0,2.0,0.513,machine_pitch_candidate_not_verified_note
mirages_09,31,G1,133.5,1.5,0.511,machine_pitch_candidate_not_verified_note
mirages_09,39,Eb2,134.0,1.5,0.414,machine_pitch_candidate_not_verified_note
mirages_09,27,Eb1,135.0,4.0,0.848,machine_pitch_candidate_not_verified_note
mirages_09,31,G1,138.0,2.5,0.362,machine_pitch_candidate_not_verified_note
mirages_09,30,F#1,138.5,2.0,0.505,machine_pitch_candidate_not_verified_note
mirages_09,39,Eb2,139.5,9.0,0.729,machine_pitch_candidate_not_verified_note
mirages_09,27,Eb1,140.5,3.0,0.924,machine_pitch_candidate_not_verified_note
mirages_09,31,G1,143.0,1.5,0.458,machine_pitch_candidate_not_verified_note
mirages_09,30,F#1,143.5,1.5,0.658,machine_pitch_candidate_not_verified_note
mirages_09,36,C2,144.5,22.0,0.872,machine_pitch_candidate_not_verified_note
mirages_09,39,Eb2,149.5,38.79,0.857,machine_pitch_candidate_not_verified_note
mirages_09,43,G2,149.5,3.0,0.393,machine_pitch_candidate_not_verified_note
mirages_09,43,G2,154.0,3.0,0.345,machine_pitch_candidate_not_verified_note
mirages_09,46,Bb2,155.0,8.5,0.561,machine_pitch_candidate_not_verified_note
mirages_09,36,C2,167.5,4.5,0.609,machine_pitch_candidate_not_verified_note
mirages_09,43,G2,171.5,7.5,0.747,machine_pitch_candidate_not_verified_note
mirages_09,36,C2,173.5,4.5,0.574,machine_pitch_candidate_not_verified_note
mirages_09,46,Bb2,176.5,8.5,0.708,machine_pitch_candidate_not_verified_note
mirages_09,36,C2,179.0,4.0,0.442,machine_pitch_candidate_not_verified_note
mirages_09,36,C2,184.5,3.79,0.913,machine_pitch_candidate_not_verified_note
mirages_09,46,Bb2,187.0,1.29,0.324,machine_pitch_candidate_not_verified_note
mirages_10,36,C2,0.0,7.0,0.876,machine_pitch_candidate_not_verified_note
mirages_10,39,Eb2,0.0,4.5,0.546,machine_pitch_candidate_not_verified_note
mirages_10,43,G2,1.5,4.0,0.673,machine_pitch_candidate_not_verified_note
mirages_10,29,F1,3.5,5.0,0.736,machine_pitch_candidate_not_verified_note
mirages_10,49,C#3,3.5,4.0,0.446,machine_pitch_candidate_not_verified_note
mirages_10,30,F#1,4.5,2.5,0.747,machine_pitch_candidate_not_verified_note
mirages_10,46,Bb2,5.5,2.0,0.457,machine_pitch_candidate_not_verified_note
mirages_10,48,C3,6.0,1.5,0.394,machine_pitch_candidate_not_verified_note
mirages_10,31,G1,6.5,4.0,0.703,machine_pitch_candidate_not_verified_note
mirages_10,32,Ab1,6.5,4.0,0.854,machine_pitch_candidate_not_verified_note
mirages_10,39,Eb2,9.0,1.5,0.444,machine_pitch_candidate_not_verified_note
mirages_10,27,Eb1,9.5,4.5,0.968,machine_pitch_candidate_not_verified_note
mirages_10,28,E1,9.5,3.5,0.736,machine_pitch_candidate_not_verified_note
mirages_10,46,Bb2,9.5,4.5,0.642,machine_pitch_candidate_not_verified_note
mirages_10,47,B2,9.5,4.5,0.581,machine_pitch_candidate_not_verified_note
mirages_10,30,F#1,12.5,9.5,0.775,machine_pitch_candidate_not_verified_note
mirages_10,48,C3,12.5,1.5,0.474,machine_pitch_candidate_not_verified_note
mirages_10,49,C#3,12.5,5.0,0.601,machine_pitch_candidate_not_verified_note
mirages_10,29,F1,13.0,9.0,0.868,machine_pitch_candidate_not_verified_note
mirages_10,48,C3,15.0,1.5,0.515,machine_pitch_candidate_not_verified_note
mirages_10,48,C3,18.5,1.5,0.459,machine_pitch_candidate_not_verified_note
mirages_10,32,Ab1,20.5,4.5,0.733,machine_pitch_candidate_not_verified_note
mirages_10,31,G1,21.0,5.0,0.86,machine_pitch_candidate_not_verified_note
mirages_10,51,Eb3,21.5,2.5,0.384,machine_pitch_candidate_not_verified_note
mirages_10,27,Eb1,24.5,3.5,0.792,machine_pitch_candidate_not_verified_note
mirages_10,46,Bb2,24.5,2.0,0.488,machine_pitch_candidate_not_verified_note
mirages_10,28,E1,25.0,4.0,0.552,machine_pitch_candidate_not_verified_note
mirages_10,47,B2,25.0,1.5,0.776,machine_pitch_candidate_not_verified_note
mirages_10,29,F1,27.5,5.0,0.892,machine_pitch_candidate_not_verified_note
mirages_10,49,C#3,27.5,4.0,0.495,machine_pitch_candidate_not_verified_note
mirages_10,30,F#1,28.0,7.0,0.659,machine_pitch_candidate_not_verified_note
mirages_10,48,C3,28.0,3.0,0.522,machine_pitch_candidate_not_verified_note
mirages_10,36,C2,31.5,3.0,0.767,machine_pitch_candidate_not_verified_note
mirages_10,37,C#2,32.0,2.0,0.919,machine_pitch_candidate_not_verified_note
mirages_10,34,Bb1,34.0,5.0,0.892,machine_pitch_candidate_not_verified_note
mirages_10,35,B1,34.0,5.0,0.762,machine_pitch_candidate_not_verified_note
mirages_10,31,G1,37.5,8.0,0.913,machine_pitch_candidate_not_verified_note
mirages_10,32,Ab1,38.0,8.0,0.778,machine_pitch_candidate_not_verified_note
mirages_10,51,Eb3,42.0,2.5,0.334,machine_pitch_candidate_not_verified_note
mirages_10,36,C2,45.0,2.5,0.885,machine_pitch_candidate_not_verified_note
mirages_10,37,C#2,45.5,3.5,0.666,machine_pitch_candidate_not_verified_note
mirages_10,34,Bb1,47.5,2.5,0.615,machine_pitch_candidate_not_verified_note
mirages_10,35,B1,48.5,4.5,0.782,machine_pitch_candidate_not_verified_note
mirages_10,53,F3,49.0,2.5,0.741,machine_pitch_candidate_not_verified_note
mirages_10,34,Bb1,51.0,1.5,0.922,machine_pitch_candidate_not_verified_note
mirages_10,31,G1,51.5,7.5,0.867,machine_pitch_candidate_not_verified_note
mirages_10,32,Ab1,52.5,6.0,0.796,machine_pitch_candidate_not_verified_note
mirages_10,39,Eb2,58.0,2.5,0.808,machine_pitch_candidate_not_verified_note
mirages_10,40,E2,58.0,3.0,0.723,machine_pitch_candidate_not_verified_note
mirages_10,36,C2,60.0,4.5,0.762,machine_pitch_candidate_not_verified_note
mirages_10,37,C#2,60.5,1.5,0.878,machine_pitch_candidate_not_verified_note
mirages_10,34,Bb1,63.0,4.0,0.913,machine_pitch_candidate_not_verified_note
mirages_10,31,G1,66.0,9.0,0.754,machine_pitch_candidate_not_verified_note
mirages_10,32,Ab1,66.0,1.5,0.589,machine_pitch_candidate_not_verified_note
mirages_10,35,B1,66.0,1.5,0.564,machine_pitch_candidate_not_verified_note
mirages_10,32,Ab1,68.5,6.0,0.975,machine_pitch_candidate_not_verified_note
mirages_10,50,D3,68.5,1.5,0.352,machine_pitch_candidate_not_verified_note
mirages_10,34,Bb1,73.5,3.0,0.665,machine_pitch_candidate_not_verified_note
mirages_10,35,B1,73.5,4.0,0.829,machine_pitch_candidate_not_verified_note
mirages_10,53,F3,75.5,1.5,0.416,machine_pitch_candidate_not_verified_note
mirages_10,31,G1,76.0,5.5,0.825,machine_pitch_candidate_not_verified_note
mirages_10,32,Ab1,76.0,6.0,0.915,machine_pitch_candidate_not_verified_note
mirages_10,36,C2,79.5,1.5,0.557,machine_pitch_candidate_not_verified_note
mirages_10,37,C#2,79.5,1.5,0.818,machine_pitch_candidate_not_verified_note
mirages_10,34,Bb1,82.5,6.0,0.815,machine_pitch_candidate_not_verified_note
mirages_10,35,B1,83.0,5.0,0.758,machine_pitch_candidate_not_verified_note
mirages_10,31,G1,85.5,8.0,0.864,machine_pitch_candidate_not_verified_note
mirages_10,32,Ab1,85.5,9.0,0.615,machine_pitch_candidate_not_verified_note
mirages_10,50,D3,87.0,2.5,0.463,machine_pitch_candidate_not_verified_note
mirages_10,51,Eb3,87.0,2.0,0.642,machine_pitch_candidate_not_verified_note
mirages_10,39,Eb2,92.0,5.0,0.827,machine_pitch_candidate_not_verified_note
mirages_10,40,E2,92.0,3.5,0.701,machine_pitch_candidate_not_verified_note
mirages_10,31,G1,94.0,2.0,0.528,machine_pitch_candidate_not_verified_note
mirages_10,32,Ab1,95.0,2.5,0.383,machine_pitch_candidate_not_verified_note
mirages_10,36,C2,95.0,4.5,0.428,machine_pitch_candidate_not_verified_note
mirages_10,37,C#2,95.0,4.5,0.742,machine_pitch_candidate_not_verified_note
mirages_10,34,Bb1,98.0,6.5,0.768,machine_pitch_candidate_not_verified_note
mirages_10,35,B1,100.5,4.0,0.739,machine_pitch_candidate_not_verified_note
mirages_10,31,G1,104.0,10.5,0.933,machine_pitch_candidate_not_verified_note
mirages_10,32,Ab1,106.0,2.0,0.703,machine_pitch_candidate_not_verified_note
mirages_10,35,B1,107.5,1.5,0.282,machine_pitch_candidate_not_verified_note
mirages_10,34,Bb1,108.5,2.5,0.399,machine_pitch_candidate_not_verified_note
mirages_10,32,Ab1,109.5,5.0,0.808,machine_pitch_candidate_not_verified_note
mirages_10,50,D3,109.5,1.5,0.419,machine_pitch_candidate_not_verified_note
mirages_10,36,C2,111.5,3.0,0.767,machine_pitch_candidate_not_verified_note
mirages_10,55,G3,111.5,2.5,0.46,machine_pitch_candidate_not_verified_note
mirages_10,34,Bb1,114.0,7.0,0.91,machine_pitch_candidate_not_verified_note
mirages_10,35,B1,115.5,2.0,0.558,machine_pitch_candidate_not_verified_note
mirages_10,35,B1,118.0,2.5,0.832,machine_pitch_candidate_not_verified_note
mirages_10,31,G1,120.0,1.5,0.587,machine_pitch_candidate_not_verified_note
mirages_10,35,B1,121.0,5.0,0.586,machine_pitch_candidate_not_verified_note
mirages_10,34,Bb1,121.5,8.5,0.768,machine_pitch_candidate_not_verified_note
mirages_10,32,Ab1,122.0,5.0,0.65,machine_pitch_candidate_not_verified_note
mirages_10,31,G1,123.0,4.5,0.688,machine_pitch_candidate_not_verified_note
mirages_10,51,Eb3,124.0,2.0,0.371,machine_pitch_candidate_not_verified_note
mirages_10,29,F1,127.0,3.5,0.878,machine_pitch_candidate_not_verified_note
mirages_10,30,F#1,127.0,3.0,0.887,machine_pitch_candidate_not_verified_note
mirages_10,35,B1,128.0,1.5,0.395,machine_pitch_candidate_not_verified_note
mirages_10,48,C3,128.0,3.0,0.623,machine_pitch_candidate_not_verified_note
mirages_10,49,C#3,129.5,1.5,0.476,machine_pitch_candidate_not_verified_note
mirages_10,51,Eb3,129.5,2.5,0.617,machine_pitch_candidate_not_verified_note
mirages_10,31,G1,130.0,2.5,0.797,machine_pitch_candidate_not_verified_note
mirages_10,32,Ab1,130.5,3.0,0.579,machine_pitch_candidate_not_verified_note
mirages_10,34,Bb1,130.5,3.0,0.637,machine_pitch_candidate_not_verified_note
mirages_10,27,Eb1,132.0,1.5,0.829,machine_pitch_candidate_not_verified_note
mirages_10,28,E1,132.5,3.5,0.495,machine_pitch_candidate_not_verified_note
mirages_10,46,Bb2,132.5,5.5,0.863,machine_pitch_candidate_not_verified_note
mirages_10,47,B2,132.5,2.0,0.834,machine_pitch_candidate_not_verified_note
mirages_10,31,G1,133.0,2.0,0.373,machine_pitch_candidate_not_verified_note
mirages_10,27,Eb1,134.0,1.5,0.897,machine_pitch_candidate_not_verified_note
mirages_10,32,Ab1,134.0,1.5,0.426,machine_pitch_candidate_not_verified_note
mirages_10,27,Eb1,136.0,1.5,0.77,machine_pitch_candidate_not_verified_note
mirages_10,30,F#1,136.0,10.5,0.719,machine_pitch_candidate_not_verified_note
mirages_10,28,E1,136.5,1.5,0.767,machine_pitch_candidate_not_verified_note
mirages_10,48,C3,136.5,2.0,0.644,machine_pitch_candidate_not_verified_note
mirages_10,29,F1,137.5,5.0,0.972,machine_pitch_candidate_not_verified_note
mirages_10,29,F1,143.0,2.5,0.924,machine_pitch_candidate_not_verified_note
mirages_10,31,G1,145.5,3.5,0.896,machine_pitch_candidate_not_verified_note
mirages_10,32,Ab1,147.5,9.5,0.797,machine_pitch_candidate_not_verified_note
mirages_10,28,E1,149.0,19.5,0.814,machine_pitch_candidate_not_verified_note
mirages_10,27,Eb1,149.5,8.5,0.667,machine_pitch_candidate_not_verified_note
mirages_10,31,G1,150.0,2.5,0.617,machine_pitch_candidate_not_verified_note
mirages_10,46,Bb2,154.0,2.0,0.753,machine_pitch_candidate_not_verified_note
mirages_10,29,F1,156.5,1.5,0.968,machine_pitch_candidate_not_verified_note
mirages_10,32,Ab1,157.5,10.5,0.81,machine_pitch_candidate_not_verified_note
mirages_10,46,Bb2,157.5,2.5,0.473,machine_pitch_candidate_not_verified_note
mirages_10,31,G1,158.0,1.5,0.392,machine_pitch_candidate_not_verified_note
mirages_10,27,Eb1,158.5,3.0,0.626,machine_pitch_candidate_not_verified_note
mirages_10,46,Bb2,160.5,2.0,0.443,machine_pitch_candidate_not_verified_note
mirages_10,27,Eb1,162.0,4.0,0.677,machine_pitch_candidate_not_verified_note
mirages_10,29,F1,163.5,2.0,0.504,machine_pitch_candidate_not_verified_note
mirages_10,46,Bb2,164.0,2.5,0.575,machine_pitch_candidate_not_verified_note
mirages_10,27,Eb1,166.5,2.5,0.46,machine_pitch_candidate_not_verified_note
mirages_10,36,C2,166.5,3.5,0.654,machine_pitch_candidate_not_verified_note
mirages_10,37,C#2,166.5,3.5,0.708,machine_pitch_candidate_not_verified_note
mirages_10,34,Bb1,169.0,4.0,1.0,machine_pitch_candidate_not_verified_note
mirages_10,53,F3,169.5,4.0,0.55,machine_pitch_candidate_not_verified_note
mirages_10,35,B1,170.0,1.5,0.442,machine_pitch_candidate_not_verified_note
mirages_10,32,Ab1,173.0,5.5,0.584,machine_pitch_candidate_not_verified_note
mirages_10,50,D3,173.0,7.5,0.793,machine_pitch_candidate_not_verified_note
mirages_10,31,G1,173.5,7.0,0.907,machine_pitch_candidate_not_verified_note
mirages_10,44,Ab2,175.5,1.5,0.379,machine_pitch_candidate_not_verified_note
mirages_10,51,Eb3,177.0,2.5,0.35,machine_pitch_candidate_not_verified_note
mirages_10,39,Eb2,179.5,3.5,0.904,machine_pitch_candidate_not_verified_note
mirages_10,58,Bb3,181.5,2.5,0.6,machine_pitch_candidate_not_verified_note
mirages_10,37,C#2,182.5,2.5,0.664,machine_pitch_candidate_not_verified_note
mirages_10,55,G3,182.5,4.0,0.695,machine_pitch_candidate_not_verified_note
mirages_10,36,C2,183.5,2.0,0.877,machine_pitch_candidate_not_verified_note
mirages_10,34,Bb1,185.0,6.0,0.914,machine_pitch_candidate_not_verified_note
mirages_10,35,B1,185.0,3.0,0.611,machine_pitch_candidate_not_verified_note
mirages_10,53,F3,185.0,3.5,0.811,machine_pitch_candidate_not_verified_note
mirages_10,35,B1,189.0,2.0,0.655,machine_pitch_candidate_not_verified_note
mirages_10,32,Ab1,190.5,3.0,0.803,machine_pitch_candidate_not_verified_note
mirages_10,31,G1,192.0,66.5,0.949,machine_pitch_candidate_not_verified_note
mirages_10,30,F#1,194.0,1.5,0.762,machine_pitch_candidate_not_verified_note
mirages_10,32,Ab1,195.0,7.0,0.714,machine_pitch_candidate_not_verified_note
mirages_10,50,D3,197.0,2.0,0.787,machine_pitch_candidate_not_verified_note
mirages_10,32,Ab1,203.0,2.0,0.881,machine_pitch_candidate_not_verified_note
mirages_10,32,Ab1,205.5,2.5,0.543,machine_pitch_candidate_not_verified_note
mirages_10,32,Ab1,209.0,3.0,0.673,machine_pitch_candidate_not_verified_note
mirages_10,32,Ab1,213.5,1.5,0.815,machine_pitch_candidate_not_verified_note
mirages_10,32,Ab1,215.5,11.0,0.639,machine_pitch_candidate_not_verified_note
mirages_10,32,Ab1,228.0,2.0,0.644,machine_pitch_candidate_not_verified_note
mirages_10,32,Ab1,230.5,3.0,0.802,machine_pitch_candidate_not_verified_note
mirages_10,50,D3,233.5,2.0,0.482,machine_pitch_candidate_not_verified_note
mirages_10,32,Ab1,234.0,38.5,0.664,machine_pitch_candidate_not_verified_note
mirages_10,50,D3,244.0,2.0,0.42,machine_pitch_candidate_not_verified_note
mirages_10,50,D3,250.0,1.5,0.514,machine_pitch_candidate_not_verified_note
mirages_10,50,D3,252.0,5.0,0.452,machine_pitch_candidate_not_verified_note
mirages_10,50,D3,258.0,177.0,0.915,machine_pitch_candidate_not_verified_note
mirages_10,31,G1,259.0,71.0,0.843,machine_pitch_candidate_not_verified_note
mirages_10,39,Eb2,261.0,1.5,0.373,machine_pitch_candidate_not_verified_note
mirages_10,39,Eb2,272.0,1.5,0.398,machine_pitch_candidate_not_verified_note
mirages_10,32,Ab1,273.0,3.5,0.712,machine_pitch_candidate_not_verified_note
mirages_10,32,Ab1,277.5,2.5,0.763,machine_pitch_candidate_not_verified_note
mirages_10,39,Eb2,278.5,1.5,0.391,machine_pitch_candidate_not_verified_note
mirages_10,32,Ab1,280.5,3.0,0.69,machine_pitch_candidate_not_verified_note
mirages_10,51,Eb3,281.5,3.5,0.402,machine_pitch_candidate_not_verified_note
mirages_10,32,Ab1,284.0,3.0,0.635,machine_pitch_candidate_not_verified_note
mirages_10,51,Eb3,286.0,1.5,0.519,machine_pitch_candidate_not_verified_note
mirages_10,32,Ab1,288.0,2.5,0.683,machine_pitch_candidate_not_verified_note
mirages_10,51,Eb3,290.0,3.5,0.382,machine_pitch_candidate_not_verified_note
mirages_10,32,Ab1,291.5,2.0,0.663,machine_pitch_candidate_not_verified_note
mirages_10,51,Eb3,294.5,4.5,0.375,machine_pitch_candidate_not_verified_note
mirages_10,32,Ab1,295.0,2.5,0.616,machine_pitch_candidate_not_verified_note
mirages_10,32,Ab1,299.0,2.0,0.748,machine_pitch_candidate_not_verified_note
mirages_10,51,Eb3,300.5,2.5,0.62,machine_pitch_candidate_not_verified_note
mirages_10,32,Ab1,302.0,2.0,0.804,machine_pitch_candidate_not_verified_note
mirages_10,51,Eb3,303.5,5.5,0.586,machine_pitch_candidate_not_verified_note
mirages_10,32,Ab1,306.0,2.0,0.601,machine_pitch_candidate_not_verified_note
mirages_10,32,Ab1,309.5,2.0,0.559,machine_pitch_candidate_not_verified_note
mirages_10,51,Eb3,309.5,3.5,0.563,machine_pitch_candidate_not_verified_note
mirages_10,32,Ab1,313.0,2.0,0.652,machine_pitch_candidate_not_verified_note
mirages_10,51,Eb3,314.0,7.5,0.48,machine_pitch_candidate_not_verified_note
mirages_10,32,Ab1,317.0,1.5,0.608,machine_pitch_candidate_not_verified_note
mirages_10,39,Eb2,317.5,2.0,0.324,machine_pitch_candidate_not_verified_note
mirages_10,32,Ab1,320.5,2.0,0.404,machine_pitch_candidate_not_verified_note
mirages_10,51,Eb3,322.0,2.5,0.466,machine_pitch_candidate_not_verified_note
mirages_10,32,Ab1,324.0,1.5,0.492,machine_pitch_candidate_not_verified_note
mirages_10,51,Eb3,325.0,3.5,0.57,machine_pitch_candidate_not_verified_note
mirages_10,51,Eb3,329.0,4.5,0.508,machine_pitch_candidate_not_verified_note
mirages_10,31,G1,330.5,11.0,0.469,machine_pitch_candidate_not_verified_note
mirages_10,32,Ab1,331.0,1.5,0.403,machine_pitch_candidate_not_verified_note
mirages_10,51,Eb3,334.0,6.0,0.527,machine_pitch_candidate_not_verified_note
mirages_10,51,Eb3,340.5,5.5,0.656,machine_pitch_candidate_not_verified_note
mirages_10,31,G1,342.0,3.0,0.431,machine_pitch_candidate_not_verified_note
mirages_10,31,G1,345.5,3.5,0.458,machine_pitch_candidate_not_verified_note
mirages_10,32,Ab1,345.5,2.0,0.396,machine_pitch_candidate_not_verified_note
mirages_10,51,Eb3,346.5,3.0,0.571,machine_pitch_candidate_not_verified_note
mirages_10,51,Eb3,350.5,4.5,0.562,machine_pitch_candidate_not_verified_note
mirages_10,31,G1,351.0,5.0,0.397,machine_pitch_candidate_not_verified_note
mirages_10,51,Eb3,356.0,8.0,0.536,machine_pitch_candidate_not_verified_note
mirages_10,31,G1,357.0,2.0,0.304,machine_pitch_candidate_not_verified_note
mirages_10,31,G1,360.0,1.5,0.349,machine_pitch_candidate_not_verified_note
mirages_10,31,G1,363.5,2.0,0.429,machine_pitch_candidate_not_verified_note
mirages_10,51,Eb3,365.0,3.0,0.65,machine_pitch_candidate_not_verified_note
mirages_10,31,G1,367.0,3.0,0.398,machine_pitch_candidate_not_verified_note
mirages_10,51,Eb3,368.5,8.0,0.496,machine_pitch_candidate_not_verified_note
mirages_10,31,G1,372.0,2.0,0.368,machine_pitch_candidate_not_verified_note
mirages_10,51,Eb3,377.5,5.5,0.575,machine_pitch_candidate_not_verified_note
mirages_10,51,Eb3,383.5,9.0,0.45,machine_pitch_candidate_not_verified_note
mirages_10,51,Eb3,393.0,23.5,0.484,machine_pitch_candidate_not_verified_note
mirages_10,51,Eb3,417.0,2.0,0.409,machine_pitch_candidate_not_verified_note
mirages_10,51,Eb3,421.0,3.0,0.669,machine_pitch_candidate_not_verified_note
mirages_10,55,G3,425.5,1.5,0.621,machine_pitch_candidate_not_verified_note
mirages_10,44,Ab2,426.0,1.5,0.304,machine_pitch_candidate_not_verified_note
mirages_10,74,D5,426.0,3.5,0.771,machine_pitch_candidate_not_verified_note
mirages_10,31,G1,427.5,2.0,0.526,machine_pitch_candidate_not_verified_note
mirages_10,38,D2,427.5,1.5,0.411,machine_pitch_candidate_not_verified_note
mirages_10,45,A2,428.0,1.5,0.363,machine_pitch_candidate_not_verified_note
mirages_10,53,F3,428.5,3.0,0.627,machine_pitch_candidate_not_verified_note
mirages_10,31,G1,431.0,2.0,0.632,machine_pitch_candidate_not_verified_note
mirages_10,32,Ab1,431.0,1.5,0.322,machine_pitch_candidate_not_verified_note
mirages_10,52,E3,431.5,5.0,0.713,machine_pitch_candidate_not_verified_note
mirages_10,39,Eb2,432.0,2.5,0.483,machine_pitch_candidate_not_verified_note
mirages_10,60,C4,432.0,4.5,0.702,machine_pitch_candidate_not_verified_note
mirages_10,31,G1,435.5,2.0,0.369,machine_pitch_candidate_not_verified_note
mirages_10,55,G3,435.5,7.5,0.863,machine_pitch_candidate_not_verified_note
mirages_10,47,B2,436.0,7.0,0.779,machine_pitch_candidate_not_verified_note
mirages_10,31,G1,438.5,2.5,0.478,machine_pitch_candidate_not_verified_note
mirages_10,38,D2,439.5,1.5,0.415,machine_pitch_candidate_not_verified_note
mirages_10,74,D5,442.0,2.5,0.469,machine_pitch_candidate_not_verified_note
mirages_10,45,A2,442.5,6.0,0.913,machine_pitch_candidate_not_verified_note
mirages_10,53,F3,442.5,5.5,0.807,machine_pitch_candidate_not_verified_note
mirages_10,39,Eb2,447.5,1.5,0.466,machine_pitch_candidate_not_verified_note
mirages_10,52,E3,447.5,4.5,0.846,machine_pitch_candidate_not_verified_note
mirages_10,74,D5,447.5,4.0,0.405,machine_pitch_candidate_not_verified_note
mirages_10,26,D1,448.0,1.5,0.424,machine_pitch_candidate_not_verified_note
mirages_10,31,G1,448.0,3.5,0.523,machine_pitch_candidate_not_verified_note
mirages_10,60,C4,448.0,2.5,0.385,machine_pitch_candidate_not_verified_note
mirages_10,32,Ab1,449.5,1.5,0.533,machine_pitch_candidate_not_verified_note
mirages_10,47,B2,451.5,6.5,0.749,machine_pitch_candidate_not_verified_note
mirages_10,55,G3,451.5,6.5,0.835,machine_pitch_candidate_not_verified_note
mirages_10,31,G1,452.5,2.0,0.388,machine_pitch_candidate_not_verified_note
mirages_10,81,A5,455.0,3.0,0.408,machine_pitch_candidate_not_verified_note
mirages_10,45,A2,456.5,4.0,0.652,machine_pitch_candidate_not_verified_note
mirages_10,53,F3,456.5,4.5,0.864,machine_pitch_candidate_not_verified_note
mirages_10,81,A5,459.5,3.5,0.649,machine_pitch_candidate_not_verified_note
mirages_10,31,G1,460.0,1.5,0.403,machine_pitch_candidate_not_verified_note
mirages_10,32,Ab1,460.0,1.5,0.354,machine_pitch_candidate_not_verified_note
mirages_10,52,E3,460.0,4.5,0.867,machine_pitch_candidate_not_verified_note
mirages_10,60,C4,460.0,4.0,0.434,machine_pitch_candidate_not_verified_note
mirages_10,31,G1,462.5,3.0,0.493,machine_pitch_candidate_not_verified_note
mirages_10,74,D5,463.0,1.5,0.433,machine_pitch_candidate_not_verified_note
mirages_10,47,B2,464.0,5.5,0.796,machine_pitch_candidate_not_verified_note
mirages_10,55,G3,464.0,6.0,0.893,machine_pitch_candidate_not_verified_note
mirages_10,31,G1,466.5,1.5,0.421,machine_pitch_candidate_not_verified_note
mirages_10,53,F3,468.5,5.0,0.864,machine_pitch_candidate_not_verified_note
mirages_10,45,A2,469.5,4.5,0.676,machine_pitch_candidate_not_verified_note
mirages_10,74,D5,472.0,2.5,0.466,machine_pitch_candidate_not_verified_note
mirages_10,52,E3,473.5,4.5,1.0,machine_pitch_candidate_not_verified_note
mirages_10,60,C4,474.5,3.5,0.525,machine_pitch_candidate_not_verified_note
mirages_10,86,D6,474.5,1.5,0.315,machine_pitch_candidate_not_verified_note
mirages_10,32,Ab1,475.0,1.5,0.41,machine_pitch_candidate_not_verified_note
mirages_10,55,G3,477.5,6.0,0.748,machine_pitch_candidate_not_verified_note
mirages_10,38,D2,478.0,1.5,0.426,machine_pitch_candidate_not_verified_note
mirages_10,47,B2,478.0,5.0,0.637,machine_pitch_candidate_not_verified_note
mirages_10,31,G1,480.0,3.0,0.416,machine_pitch_candidate_not_verified_note
mirages_10,45,A2,482.0,1.5,0.542,machine_pitch_candidate_not_verified_note
mirages_10,53,F3,482.0,6.0,0.969,machine_pitch_candidate_not_verified_note
mirages_10,45,A2,484.0,5.5,0.726,machine_pitch_candidate_not_verified_note
mirages_10,34,Bb1,485.5,2.0,0.477,machine_pitch_candidate_not_verified_note
mirages_10,31,G1,486.0,7.0,0.575,machine_pitch_candidate_not_verified_note
mirages_10,74,D5,486.0,4.0,0.639,machine_pitch_candidate_not_verified_note
mirages_10,32,Ab1,487.0,4.0,0.417,machine_pitch_candidate_not_verified_note
mirages_10,52,E3,487.0,5.0,0.899,machine_pitch_candidate_not_verified_note
mirages_10,60,C4,487.0,4.0,0.488,machine_pitch_candidate_not_verified_note
mirages_10,81,A5,487.0,2.0,0.317,machine_pitch_candidate_not_verified_note
mirages_10,47,B2,491.0,6.0,0.817,machine_pitch_candidate_not_verified_note
mirages_10,55,G3,491.0,5.5,0.774,machine_pitch_candidate_not_verified_note
mirages_10,31,G1,495.5,1.5,0.367,machine_pitch_candidate_not_verified_note
mirages_10,45,A2,495.5,4.5,0.965,machine_pitch_candidate_not_verified_note
mirages_10,53,F3,495.5,6.0,0.704,machine_pitch_candidate_not_verified_note
mirages_10,74,D5,498.0,6.5,0.809,machine_pitch_candidate_not_verified_note
mirages_10,31,G1,499.0,18.5,0.709,machine_pitch_candidate_not_verified_note
mirages_10,32,Ab1,499.0,8.0,0.402,machine_pitch_candidate_not_verified_note
mirages_10,52,E3,500.0,3.5,0.476,machine_pitch_candidate_not_verified_note
mirages_10,34,Bb1,500.5,1.5,0.66,machine_pitch_candidate_not_verified_note
mirages_10,45,A2,500.5,1.5,0.402,machine_pitch_candidate_not_verified_note
mirages_10,60,C4,501.5,1.5,0.298,machine_pitch_candidate_not_verified_note
mirages_10,55,G3,504.0,5.5,0.873,machine_pitch_candidate_not_verified_note
mirages_10,47,B2,505.0,4.0,0.782,machine_pitch_candidate_not_verified_note
mirages_10,74,D5,506.0,6.5,0.675,machine_pitch_candidate_not_verified_note
mirages_10,46,Bb2,508.0,1.5,0.38,machine_pitch_candidate_not_verified_note
mirages_10,34,Bb1,508.5,3.0,0.783,machine_pitch_candidate_not_verified_note
mirages_10,32,Ab1,510.0,7.5,0.629,machine_pitch_candidate_not_verified_note
mirages_10,52,E3,510.0,2.0,0.531,machine_pitch_candidate_not_verified_note
mirages_10,81,A5,510.0,1.5,0.734,machine_pitch_candidate_not_verified_note
mirages_10,46,Bb2,513.0,1.5,0.345,machine_pitch_candidate_not_verified_note
mirages_10,83,B5,515.0,2.0,0.528,machine_pitch_candidate_not_verified_note
mirages_10,73,C#5,515.5,1.5,0.87,machine_pitch_candidate_not_verified_note
mirages_11,31,G1,0.0,4.0,0.905,machine_pitch_candidate_not_verified_note
mirages_11,32,Ab1,0.0,4.0,0.569,machine_pitch_candidate_not_verified_note
mirages_11,73,C#5,0.0,6.5,0.588,machine_pitch_candidate_not_verified_note
mirages_11,83,B5,0.0,11.0,0.866,machine_pitch_candidate_not_verified_note
mirages_11,48,C3,9.5,2.0,0.497,machine_pitch_candidate_not_verified_note
mirages_11,51,Eb3,9.5,2.0,0.4,machine_pitch_candidate_not_verified_note
mirages_11,52,E3,9.5,6.5,0.676,machine_pitch_candidate_not_verified_note
mirages_11,56,Ab3,9.5,7.5,0.638,machine_pitch_candidate_not_verified_note
mirages_11,67,G4,9.5,3.5,0.626,machine_pitch_candidate_not_verified_note
mirages_11,68,Ab4,9.5,4.5,0.512,machine_pitch_candidate_not_verified_note
mirages_11,28,E1,10.0,1.5,0.456,machine_pitch_candidate_not_verified_note
mirages_11,71,B4,10.5,2.5,0.766,machine_pitch_candidate_not_verified_note
mirages_11,83,B5,13.0,4.5,0.542,machine_pitch_candidate_not_verified_note
mirages_11,28,E1,14.5,2.0,0.516,machine_pitch_candidate_not_verified_note
mirages_11,68,Ab4,14.5,1.5,0.491,machine_pitch_candidate_not_verified_note
mirages_11,48,C3,15.0,1.5,0.482,machine_pitch_candidate_not_verified_note
mirages_11,51,Eb3,15.0,20.5,0.801,machine_pitch_candidate_not_verified_note
mirages_11,63,Eb4,15.0,1.5,0.383,machine_pitch_candidate_not_verified_note
mirages_11,55,G3,15.5,2.0,0.54,machine_pitch_candidate_not_verified_note
mirages_11,70,Bb4,15.5,5.0,0.79,machine_pitch_candidate_not_verified_note
mirages_11,55,G3,18.0,10.5,0.616,machine_pitch_candidate_not_verified_note
mirages_11,74,D5,18.0,1.5,0.396,machine_pitch_candidate_not_verified_note
mirages_11,83,B5,18.0,5.0,0.83,machine_pitch_candidate_not_verified_note
mirages_11,67,G4,21.0,1.5,0.407,machine_pitch_candidate_not_verified_note
mirages_11,70,Bb4,22.0,19.5,0.778,machine_pitch_candidate_not_verified_note
mirages_11,58,Bb3,23.0,1.5,0.394,machine_pitch_candidate_not_verified_note
mirages_11,83,B5,24.0,2.0,0.39,machine_pitch_candidate_not_verified_note
mirages_11,56,Ab3,24.5,2.0,0.524,machine_pitch_candidate_not_verified_note
mirages_11,75,Eb5,25.0,2.0,0.666,machine_pitch_candidate_not_verified_note
mirages_11,30,F#1,29.5,2.0,0.392,machine_pitch_candidate_not_verified_note
mirages_11,48,C3,29.5,2.0,0.548,machine_pitch_candidate_not_verified_note
mirages_11,53,F3,29.5,2.5,0.582,machine_pitch_candidate_not_verified_note
mirages_11,55,G3,29.5,2.0,0.83,machine_pitch_candidate_not_verified_note
mirages_11,58,Bb3,29.5,1.5,0.419,machine_pitch_candidate_not_verified_note
mirages_11,74,D5,29.5,4.0,0.397,machine_pitch_candidate_not_verified_note
mirages_11,27,Eb1,30.5,1.5,0.402,machine_pitch_candidate_not_verified_note
mirages_11,83,B5,31.0,2.5,0.532,machine_pitch_candidate_not_verified_note
mirages_11,67,G4,32.0,3.5,0.514,machine_pitch_candidate_not_verified_note
mirages_11,58,Bb3,33.5,2.0,0.384,machine_pitch_candidate_not_verified_note
mirages_11,59,B3,34.0,1.5,0.414,machine_pitch_candidate_not_verified_note
mirages_11,55,G3,34.5,3.0,0.577,machine_pitch_candidate_not_verified_note
mirages_11,56,Ab3,35.0,2.0,0.423,machine_pitch_candidate_not_verified_note
mirages_11,51,Eb3,36.0,4.5,0.445,machine_pitch_candidate_not_verified_note
mirages_11,83,B5,36.0,3.5,0.333,machine_pitch_candidate_not_verified_note
mirages_11,74,D5,36.5,2.0,0.496,machine_pitch_candidate_not_verified_note
mirages_11,56,Ab3,38.5,7.0,0.548,machine_pitch_candidate_not_verified_note
mirages_11,75,Eb5,39.0,2.0,0.458,machine_pitch_candidate_not_verified_note
mirages_11,71,B4,39.5,4.0,0.483,machine_pitch_candidate_not_verified_note
mirages_11,67,G4,40.5,2.0,0.817,machine_pitch_candidate_not_verified_note
mirages_11,51,Eb3,41.0,17.0,0.835,machine_pitch_candidate_not_verified_note
mirages_11,68,Ab4,41.0,1.5,0.707,machine_pitch_candidate_not_verified_note
mirages_11,63,Eb4,42.0,2.5,0.718,machine_pitch_candidate_not_verified_note
mirages_11,70,Bb4,42.0,4.0,0.615,machine_pitch_candidate_not_verified_note
mirages_11,83,B5,42.0,1.5,0.44,machine_pitch_candidate_not_verified_note
mirages_11,39,Eb2,42.5,1.5,0.411,machine_pitch_candidate_not_verified_note
mirages_11,55,G3,42.5,3.5,0.701,machine_pitch_candidate_not_verified_note
mirages_11,67,G4,43.5,2.0,0.529,machine_pitch_candidate_not_verified_note
mirages_11,67,G4,46.0,4.5,0.537,machine_pitch_candidate_not_verified_note
mirages_11,55,G3,46.5,4.5,0.681,machine_pitch_candidate_not_verified_note
mirages_11,58,Bb3,46.5,4.5,0.428,machine_pitch_candidate_not_verified_note
mirages_11,63,Eb4,48.5,2.5,0.597,machine_pitch_candidate_not_verified_note
mirages_11,70,Bb4,48.5,3.5,0.579,machine_pitch_candidate_not_verified_note
mirages_11,62,D4,49.0,1.5,0.345,machine_pitch_candidate_not_verified_note
mirages_11,44,Ab2,50.5,2.5,0.37,machine_pitch_candidate_not_verified_note
mirages_11,48,C3,51.0,7.0,0.759,machine_pitch_candidate_not_verified_note
mirages_11,55,G3,52.5,5.5,0.478,machine_pitch_candidate_not_verified_note
mirages_11,58,Bb3,53.0,3.0,0.649,machine_pitch_candidate_not_verified_note
mirages_11,39,Eb2,54.0,4.0,0.45,machine_pitch_candidate_not_verified_note
mirages_11,43,G2,54.0,1.5,0.401,machine_pitch_candidate_not_verified_note
mirages_11,44,Ab2,54.5,1.5,0.464,machine_pitch_candidate_not_verified_note
mirages_11,58,Bb3,57.5,2.5,0.994,machine_pitch_candidate_not_verified_note
mirages_11,51,Eb3,58.5,2.5,0.698,machine_pitch_candidate_not_verified_note
mirages_11,46,Bb2,59.0,2.0,0.453,machine_pitch_candidate_not_verified_note
mirages_11,55,G3,59.0,4.0,0.548,machine_pitch_candidate_not_verified_note
mirages_11,39,Eb2,60.0,2.5,0.868,machine_pitch_candidate_not_verified_note
mirages_11,44,Ab2,60.5,2.0,0.528,machine_pitch_candidate_not_verified_note
mirages_11,83,B5,60.5,1.5,0.335,machine_pitch_candidate_not_verified_note
mirages_11,43,G2,61.0,2.0,0.385,machine_pitch_candidate_not_verified_note
mirages_11,70,Bb4,61.0,1.5,0.376,machine_pitch_candidate_not_verified_note
mirages_11,48,C3,61.5,104.5,0.909,machine_pitch_candidate_not_verified_note
mirages_11,51,Eb3,64.0,6.0,0.567,machine_pitch_candidate_not_verified_note
mirages_11,39,Eb2,64.5,1.5,0.618,machine_pitch_candidate_not_verified_note
mirages_11,55,G3,67.0,4.5,0.418,machine_pitch_candidate_not_verified_note
mirages_11,58,Bb3,67.0,2.5,0.866,machine_pitch_candidate_not_verified_note
mirages_11,83,B5,67.0,1.5,0.408,machine_pitch_candidate_not_verified_note
mirages_11,43,G2,67.5,1.5,0.311,machine_pitch_candidate_not_verified_note
mirages_11,46,Bb2,67.5,4.0,0.518,machine_pitch_candidate_not_verified_note
mirages_11,44,Ab2,69.5,2.0,1.0,machine_pitch_candidate_not_verified_note
mirages_11,51,Eb3,72.0,7.0,0.504,machine_pitch_candidate_not_verified_note
mirages_11,39,Eb2,76.5,3.0,0.616,machine_pitch_candidate_not_verified_note
mirages_11,46,Bb2,76.5,4.0,0.671,machine_pitch_candidate_not_verified_note
mirages_11,55,G3,76.5,2.5,0.579,machine_pitch_candidate_not_verified_note
mirages_11,58,Bb3,77.0,2.0,0.92,machine_pitch_candidate_not_verified_note
mirages_11,44,Ab2,79.0,2.0,0.835,machine_pitch_candidate_not_verified_note
mirages_11,51,Eb3,82.0,6.0,0.5,machine_pitch_candidate_not_verified_note
mirages_11,46,Bb2,86.0,3.5,0.688,machine_pitch_candidate_not_verified_note
mirages_11,55,G3,86.0,2.5,0.4,machine_pitch_candidate_not_verified_note
mirages_11,58,Bb3,86.0,2.5,0.887,machine_pitch_candidate_not_verified_note
mirages_11,39,Eb2,88.0,1.5,0.376,machine_pitch_candidate_not_verified_note
mirages_11,44,Ab2,88.5,2.0,0.785,machine_pitch_candidate_not_verified_note
mirages_11,51,Eb3,91.0,6.0,0.439,machine_pitch_candidate_not_verified_note
mirages_11,46,Bb2,94.5,4.5,0.542,machine_pitch_candidate_not_verified_note
mirages_11,55,G3,95.0,3.0,0.347,machine_pitch_candidate_not_verified_note
mirages_11,58,Bb3,95.0,2.5,0.931,machine_pitch_candidate_not_verified_note
mirages_11,44,Ab2,97.5,2.0,0.825,machine_pitch_candidate_not_verified_note
mirages_11,46,Bb2,110.0,3.0,0.411,machine_pitch_candidate_not_verified_note
mirages_11,58,Bb3,110.0,2.5,1.0,machine_pitch_candidate_not_verified_note
mirages_11,44,Ab2,112.5,2.0,0.89,machine_pitch_candidate_not_verified_note
mirages_11,58,Bb3,113.5,1.5,0.478,machine_pitch_candidate_not_verified_note
mirages_11,51,Eb3,116.5,3.5,0.5,machine_pitch_candidate_not_verified_note
mirages_11,46,Bb2,119.5,3.5,0.669,machine_pitch_candidate_not_verified_note
mirages_11,58,Bb3,119.5,2.5,0.83,machine_pitch_candidate_not_verified_note
mirages_11,55,G3,120.0,2.0,0.494,machine_pitch_candidate_not_verified_note
mirages_11,44,Ab2,121.5,2.5,0.687,machine_pitch_candidate_not_verified_note
mirages_11,51,Eb3,124.5,7.5,0.478,machine_pitch_candidate_not_verified_note
mirages_11,39,Eb2,129.0,1.5,0.325,machine_pitch_candidate_not_verified_note
mirages_11,46,Bb2,129.0,3.0,0.717,machine_pitch_candidate_not_verified_note
mirages_11,55,G3,129.0,3.0,0.464,machine_pitch_candidate_not_verified_note
mirages_11,58,Bb3,129.0,3.0,0.886,machine_pitch_candidate_not_verified_note
mirages_11,62,D4,130.5,1.5,0.424,machine_pitch_candidate_not_verified_note
mirages_11,44,Ab2,132.0,2.0,0.698,machine_pitch_candidate_not_verified_note
mirages_11,51,Eb3,134.5,10.5,0.55,machine_pitch_candidate_not_verified_note
mirages_11,46,Bb2,139.5,2.5,0.57,machine_pitch_candidate_not_verified_note
mirages_11,60,C4,140.5,1.5,0.477,machine_pitch_candidate_not_verified_note
mirages_11,46,Bb2,144.0,5.0,0.821,machine_pitch_candidate_not_verified_note
mirages_11,58,Bb3,145.0,2.0,0.792,machine_pitch_candidate_not_verified_note
mirages_11,51,Eb3,146.5,1.5,0.315,machine_pitch_candidate_not_verified_note
mirages_11,44,Ab2,147.0,2.0,0.911,machine_pitch_candidate_not_verified_note
mirages_11,60,C4,147.0,1.5,0.627,machine_pitch_candidate_not_verified_note
mirages_11,51,Eb3,150.0,6.5,0.465,machine_pitch_candidate_not_verified_note
mirages_11,46,Bb2,154.0,3.0,0.887,machine_pitch_candidate_not_verified_note
mirages_11,58,Bb3,154.0,2.5,0.677,machine_pitch_candidate_not_verified_note
mirages_11,55,G3,154.5,2.0,0.453,machine_pitch_candidate_not_verified_note
mirages_11,44,Ab2,156.5,2.0,0.831,machine_pitch_candidate_not_verified_note
mirages_11,51,Eb3,159.5,8.5,0.573,machine_pitch_candidate_not_verified_note
mirages_11,46,Bb2,164.0,24.0,0.818,machine_pitch_candidate_not_verified_note
mirages_11,50,D3,164.0,9.0,0.617,machine_pitch_candidate_not_verified_note
mirages_11,65,F4,164.5,3.5,0.436,machine_pitch_candidate_not_verified_note
mirages_11,65,F4,169.0,1.5,0.37,machine_pitch_candidate_not_verified_note
mirages_11,65,F4,171.0,3.0,0.389,machine_pitch_candidate_not_verified_note
mirages_11,44,Ab2,176.0,2.5,0.584,machine_pitch_candidate_not_verified_note
mirages_11,48,C3,176.0,86.5,0.898,machine_pitch_candidate_not_verified_note
mirages_11,51,Eb3,180.5,3.5,0.548,machine_pitch_candidate_not_verified_note
mirages_11,55,G3,184.0,2.0,0.379,machine_pitch_candidate_not_verified_note
mirages_11,58,Bb3,184.0,2.0,0.842,machine_pitch_candidate_not_verified_note
mirages_11,39,Eb2,185.5,2.0,0.302,machine_pitch_candidate_not_verified_note
mirages_11,41,F2,186.0,1.5,0.351,machine_pitch_candidate_not_verified_note
mirages_11,44,Ab2,186.0,2.0,0.916,machine_pitch_candidate_not_verified_note
mirages_11,60,C4,186.0,1.5,0.401,machine_pitch_candidate_not_verified_note
mirages_11,51,Eb3,189.5,7.5,0.508,machine_pitch_candidate_not_verified_note
mirages_11,46,Bb2,193.5,4.0,0.648,machine_pitch_candidate_not_verified_note
mirages_11,55,G3,193.5,2.5,0.389,machine_pitch_candidate_not_verified_note
mirages_11,58,Bb3,193.5,2.5,0.88,machine_pitch_candidate_not_verified_note
mirages_11,39,Eb2,195.5,1.5,0.34,machine_pitch_candidate_not_verified_note
mirages_11,41,F2,196.0,1.5,0.317,machine_pitch_candidate_not_verified_note
mirages_11,44,Ab2,196.0,2.0,0.855,machine_pitch_candidate_not_verified_note
mirages_11,51,Eb3,199.0,11.0,0.571,machine_pitch_candidate_not_verified_note
mirages_11,46,Bb2,204.0,9.5,0.666,machine_pitch_candidate_not_verified_note
mirages_11,60,C4,204.5,1.5,0.444,machine_pitch_candidate_not_verified_note
mirages_11,58,Bb3,209.5,2.5,0.771,machine_pitch_candidate_not_verified_note
mirages_11,51,Eb3,210.5,2.5,0.335,machine_pitch_candidate_not_verified_note
mirages_11,39,Eb2,211.0,1.5,0.331,machine_pitch_candidate_not_verified_note
mirages_11,44,Ab2,211.5,2.5,0.765,machine_pitch_candidate_not_verified_note
mirages_11,60,C4,212.0,1.5,0.52,machine_pitch_candidate_not_verified_note
mirages_11,51,Eb3,214.5,5.0,0.509,machine_pitch_candidate_not_verified_note
mirages_11,46,Bb2,219.0,4.0,0.629,machine_pitch_candidate_not_verified_note
mirages_11,58,Bb3,219.0,2.5,0.856,machine_pitch_candidate_not_verified_note
mirages_11,55,G3,220.0,1.5,0.352,machine_pitch_candidate_not_verified_note
mirages_11,44,Ab2,221.5,2.0,0.84,machine_pitch_candidate_not_verified_note
mirages_11,51,Eb3,224.0,7.5,0.531,machine_pitch_candidate_not_verified_note
mirages_11,46,Bb2,229.0,3.5,0.684,machine_pitch_candidate_not_verified_note
mirages_11,55,G3,229.0,2.5,0.568,machine_pitch_candidate_not_verified_note
mirages_11,58,Bb3,229.0,2.0,0.95,machine_pitch_candidate_not_verified_note
mirages_11,44,Ab2,231.0,2.5,0.761,machine_pitch_candidate_not_verified_note
mirages_11,41,F2,231.5,1.5,0.335,machine_pitch_candidate_not_verified_note
mirages_11,51,Eb3,234.0,5.0,0.581,machine_pitch_candidate_not_verified_note
mirages_11,46,Bb2,238.0,3.5,0.518,machine_pitch_candidate_not_verified_note
mirages_11,58,Bb3,238.0,2.5,0.959,machine_pitch_candidate_not_verified_note
mirages_11,44,Ab2,240.5,2.0,0.847,machine_pitch_candidate_not_verified_note
mirages_11,51,Eb3,243.0,8.0,0.494,machine_pitch_candidate_not_verified_note
mirages_11,46,Bb2,247.5,3.5,0.503,machine_pitch_candidate_not_verified_note
mirages_11,55,G3,248.0,2.5,0.401,machine_pitch_candidate_not_verified_note
mirages_11,58,Bb3,248.0,2.0,1.0,machine_pitch_candidate_not_verified_note
mirages_11,39,Eb2,250.0,1.5,0.358,machine_pitch_candidate_not_verified_note
mirages_11,44,Ab2,250.0,2.0,0.89,machine_pitch_candidate_not_verified_note
mirages_11,51,Eb3,252.5,22.0,0.822,machine_pitch_candidate_not_verified_note
mirages_11,58,Bb3,270.5,3.0,0.889,machine_pitch_candidate_not_verified_note
mirages_11,44,Ab2,273.0,2.5,0.555,machine_pitch_candidate_not_verified_note
mirages_11,48,C3,273.0,8.0,0.955,machine_pitch_candidate_not_verified_note
mirages_11,58,Bb3,274.0,1.5,0.352,machine_pitch_candidate_not_verified_note
mirages_11,58,Bb3,279.0,4.0,0.752,machine_pitch_candidate_not_verified_note
mirages_11,44,Ab2,282.0,2.5,0.768,machine_pitch_candidate_not_verified_note
mirages_11,48,C3,282.0,63.0,0.878,machine_pitch_candidate_not_verified_note
mirages_11,51,Eb3,287.5,2.0,0.462,machine_pitch_candidate_not_verified_note
mirages_11,55,G3,287.5,2.0,0.369,machine_pitch_candidate_not_verified_note
mirages_11,39,Eb2,289.5,1.5,0.319,machine_pitch_candidate_not_verified_note
mirages_11,58,Bb3,289.5,4.0,0.746,machine_pitch_candidate_not_verified_note
mirages_11,44,Ab2,291.5,2.5,0.86,machine_pitch_candidate_not_verified_note
mirages_11,51,Eb3,295.5,4.0,0.513,machine_pitch_candidate_not_verified_note
mirages_11,46,Bb2,298.5,2.0,0.351,machine_pitch_candidate_not_verified_note
mirages_11,58,Bb3,298.5,2.0,0.883,machine_pitch_candidate_not_verified_note
mirages_11,44,Ab2,300.5,2.5,0.709,machine_pitch_candidate_not_verified_note
mirages_11,51,Eb3,304.0,3.5,0.494,machine_pitch_candidate_not_verified_note
mirages_11,58,Bb3,307.5,4.0,0.731,machine_pitch_candidate_not_verified_note
mirages_11,62,D4,309.0,1.5,0.311,machine_pitch_candidate_not_verified_note
mirages_11,44,Ab2,309.5,2.5,0.805,machine_pitch_candidate_not_verified_note
mirages_11,51,Eb3,314.0,2.5,0.482,machine_pitch_candidate_not_verified_note
mirages_11,46,Bb2,316.0,1.5,0.436,machine_pitch_candidate_not_verified_note
mirages_11,58,Bb3,316.0,2.5,0.864,machine_pitch_candidate_not_verified_note
mirages_11,44,Ab2,318.0,2.0,0.993,machine_pitch_candidate_not_verified_note
mirages_11,51,Eb3,322.5,2.5,0.446,machine_pitch_candidate_not_verified_note
mirages_11,58,Bb3,324.5,3.0,0.823,machine_pitch_candidate_not_verified_note
mirages_11,44,Ab2,327.0,2.0,0.871,machine_pitch_candidate_not_verified_note
mirages_11,51,Eb3,330.5,3.5,0.542,machine_pitch_candidate_not_verified_note
mirages_11,58,Bb3,334.0,4.0,0.736,machine_pitch_candidate_not_verified_note
mirages_11,55,G3,334.5,1.5,0.343,machine_pitch_candidate_not_verified_note
mirages_11,44,Ab2,336.0,2.5,0.838,machine_pitch_candidate_not_verified_note
mirages_11,46,Bb2,336.0,1.5,0.314,machine_pitch_candidate_not_verified_note
mirages_11,51,Eb3,340.0,9.0,0.561,machine_pitch_candidate_not_verified_note
mirages_11,46,Bb2,343.5,9.5,0.598,machine_pitch_candidate_not_verified_note
mirages_11,50,D3,343.5,3.0,0.821,machine_pitch_candidate_not_verified_note
mirages_11,65,F4,344.0,2.0,0.377,machine_pitch_candidate_not_verified_note
mirages_11,48,C3,346.0,5.5,0.796,machine_pitch_candidate_not_verified_note
mirages_11,58,Bb3,348.5,2.0,0.907,machine_pitch_candidate_not_verified_note
mirages_11,44,Ab2,350.5,2.5,0.865,machine_pitch_candidate_not_verified_note
mirages_11,60,C4,350.5,2.5,0.547,machine_pitch_candidate_not_verified_note
mirages_11,55,G3,351.0,2.0,0.456,machine_pitch_candidate_not_verified_note
mirages_11,41,F2,351.5,1.5,0.359,machine_pitch_candidate_not_verified_note
mirages_11,48,C3,352.5,28.0,0.864,machine_pitch_candidate_not_verified_note
mirages_11,51,Eb3,353.5,4.5,0.456,machine_pitch_candidate_not_verified_note
mirages_11,46,Bb2,357.5,4.0,0.415,machine_pitch_candidate_not_verified_note
mirages_11,58,Bb3,357.5,2.5,1.0,machine_pitch_candidate_not_verified_note
mirages_11,62,D4,357.5,1.5,0.344,machine_pitch_candidate_not_verified_note
mirages_11,36,C2,360.0,2.0,0.376,machine_pitch_candidate_not_verified_note
mirages_11,44,Ab2,360.0,2.0,0.897,machine_pitch_candidate_not_verified_note
mirages_11,58,Bb3,361.0,2.0,0.393,machine_pitch_candidate_not_verified_note
mirages_11,51,Eb3,365.0,34.5,0.844,machine_pitch_candidate_not_verified_note
mirages_11,55,G3,365.5,14.5,0.571,machine_pitch_candidate_not_verified_note
mirages_11,44,Ab2,367.5,2.0,0.437,machine_pitch_candidate_not_verified_note
mirages_11,36,C2,368.5,7.5,0.453,machine_pitch_candidate_not_verified_note
mirages_11,39,Eb2,386.0,2.0,0.369,machine_pitch_candidate_not_verified_note
mirages_11,43,G2,386.0,2.0,0.551,machine_pitch_candidate_not_verified_note
mirages_11,46,Bb2,386.0,3.0,0.74,machine_pitch_candidate_not_verified_note
mirages_11,58,Bb3,386.5,3.0,0.516,machine_pitch_candidate_not_verified_note
mirages_11,48,C3,387.5,46.5,0.881,machine_pitch_candidate_not_verified_note
mirages_11,44,Ab2,388.0,2.5,0.528,machine_pitch_candidate_not_verified_note
mirages_11,60,C4,388.0,2.5,0.363,machine_pitch_candidate_not_verified_note
mirages_11,39,Eb2,395.0,1.5,0.393,machine_pitch_candidate_not_verified_note
mirages_11,43,G2,395.0,3.5,0.604,machine_pitch_candidate_not_verified_note
mirages_11,46,Bb2,395.0,4.0,0.711,machine_pitch_candidate_not_verified_note
mirages_11,58,Bb3,395.0,1.5,0.682,machine_pitch_candidate_not_verified_note
mirages_11,44,Ab2,397.0,2.0,0.836,machine_pitch_candidate_not_verified_note
mirages_11,51,Eb3,401.0,3.0,0.589,machine_pitch_candidate_not_verified_note
mirages_11,43,G2,403.0,4.5,0.617,machine_pitch_candidate_not_verified_note
mirages_11,46,Bb2,403.0,4.5,0.719,machine_pitch_candidate_not_verified_note
mirages_11,39,Eb2,404.0,3.5,0.415,machine_pitch_candidate_not_verified_note
mirages_11,58,Bb3,404.0,1.5,0.524,machine_pitch_candidate_not_verified_note
mirages_11,44,Ab2,406.0,2.0,0.788,machine_pitch_candidate_not_verified_note
mirages_11,51,Eb3,410.0,30.5,0.621,machine_pitch_candidate_not_verified_note
mirages_11,29,F1,412.5,1.5,0.548,machine_pitch_candidate_not_verified_note
mirages_11,43,G2,414.5,2.0,0.64,machine_pitch_candidate_not_verified_note
mirages_11,46,Bb2,414.5,2.5,0.874,machine_pitch_candidate_not_verified_note
mirages_11,58,Bb3,414.5,1.5,0.311,machine_pitch_candidate_not_verified_note
mirages_11,29,F1,423.0,3.5,0.407,machine_pitch_candidate_not_verified_note
mirages_11,39,Eb2,424.0,1.5,0.35,machine_pitch_candidate_not_verified_note
mirages_11,43,G2,424.0,2.5,0.554,machine_pitch_candidate_not_verified_note
mirages_11,46,Bb2,424.0,4.0,0.846,machine_pitch_candidate_not_verified_note
mirages_11,58,Bb3,424.0,1.5,0.639,machine_pitch_candidate_not_verified_note
mirages_11,44,Ab2,426.0,2.5,0.874,machine_pitch_candidate_not_verified_note
mirages_11,55,G3,432.0,28.5,0.88,machine_pitch_candidate_not_verified_note
mirages_11,43,G2,436.0,1.5,0.472,machine_pitch_candidate_not_verified_note
mirages_11,58,Bb3,437.0,2.0,0.332,machine_pitch_candidate_not_verified_note
mirages_11,36,C2,438.5,2.0,0.328,machine_pitch_candidate_not_verified_note
mirages_11,43,G2,439.0,1.5,0.351,machine_pitch_candidate_not_verified_note
mirages_11,48,C3,440.0,3.0,0.496,machine_pitch_candidate_not_verified_note
mirages_11,58,Bb3,440.0,1.5,0.284,machine_pitch_candidate_not_verified_note
mirages_11,44,Ab2,443.5,1.5,0.448,machine_pitch_candidate_not_verified_note
mirages_11,51,Eb3,444.0,7.0,0.677,machine_pitch_candidate_not_verified_note
mirages_11,48,C3,445.5,4.5,0.627,machine_pitch_candidate_not_verified_note
mirages_11,36,C2,446.5,9.0,0.626,machine_pitch_candidate_not_verified_note
mirages_11,39,Eb2,450.0,2.0,0.438,machine_pitch_candidate_not_verified_note
mirages_11,43,G2,450.0,5.0,0.605,machine_pitch_candidate_not_verified_note
mirages_11,58,Bb3,450.5,7.5,0.715,machine_pitch_candidate_not_verified_note
mirages_11,44,Ab2,452.0,3.0,0.679,machine_pitch_candidate_not_verified_note
mirages_11,46,Bb2,452.0,1.5,0.386,machine_pitch_candidate_not_verified_note
mirages_11,51,Eb3,452.5,2.0,0.535,machine_pitch_candidate_not_verified_note
mirages_11,48,C3,454.0,5.5,0.884,machine_pitch_candidate_not_verified_note
mirages_11,63,Eb4,456.0,2.5,0.414,machine_pitch_candidate_not_verified_note
mirages_11,51,Eb3,456.5,14.0,0.817,machine_pitch_candidate_not_verified_note
mirages_11,43,G2,457.0,2.0,0.375,machine_pitch_candidate_not_verified_note
mirages_11,67,G4,457.5,2.0,0.296,machine_pitch_candidate_not_verified_note
mirages_11,58,Bb3,459.0,1.5,0.33,machine_pitch_candidate_not_verified_note
mirages_11,46,Bb2,460.0,2.5,0.608,machine_pitch_candidate_not_verified_note
mirages_11,50,D3,460.0,2.0,0.438,machine_pitch_candidate_not_verified_note
mirages_11,62,D4,460.0,4.5,0.701,machine_pitch_candidate_not_verified_note
mirages_11,48,C3,461.0,5.0,0.67,machine_pitch_candidate_not_verified_note
mirages_11,65,F4,461.0,2.0,0.422,machine_pitch_candidate_not_verified_note
mirages_11,67,G4,462.5,1.5,0.34,machine_pitch_candidate_not_verified_note
mirages_11,39,Eb2,465.5,2.0,0.36,machine_pitch_candidate_not_verified_note
mirages_11,43,G2,465.5,4.0,0.533,machine_pitch_candidate_not_verified_note
mirages_11,46,Bb2,465.5,4.0,0.857,machine_pitch_candidate_not_verified_note
mirages_11,62,D4,465.5,4.0,0.768,machine_pitch_candidate_not_verified_note
mirages_11,58,Bb3,466.5,4.5,0.438,machine_pitch_candidate_not_verified_note
mirages_11,48,C3,469.5,5.5,0.954,machine_pitch_candidate_not_verified_note
mirages_11,51,Eb3,472.0,2.5,0.5,machine_pitch_candidate_not_verified_note
mirages_11,39,Eb2,474.5,1.5,0.337,machine_pitch_candidate_not_verified_note
mirages_11,43,G2,474.5,1.5,0.93,machine_pitch_candidate_not_verified_note
mirages_11,46,Bb2,474.5,2.0,0.672,machine_pitch_candidate_not_verified_note
mirages_11,58,Bb3,475.0,2.5,0.788,machine_pitch_candidate_not_verified_note
mirages_11,62,D4,475.5,2.0,0.516,machine_pitch_candidate_not_verified_note
mirages_11,28,E1,476.0,2.5,1.0,machine_pitch_candidate_not_verified_note
mirages_11,29,F1,478.0,3.5,0.812,machine_pitch_candidate_not_verified_note
mirages_11,48,C3,478.5,4.0,0.722,machine_pitch_candidate_not_verified_note
mirages_11,28,E1,481.0,7.5,0.515,machine_pitch_candidate_not_verified_note
mirages_11,51,Eb3,481.5,2.0,0.507,machine_pitch_candidate_not_verified_note
mirages_11,29,F1,482.0,18.0,0.959,machine_pitch_candidate_not_verified_note
mirages_11,43,G2,484.0,2.0,0.515,machine_pitch_candidate_not_verified_note
mirages_11,46,Bb2,484.0,4.5,0.514,machine_pitch_candidate_not_verified_note
mirages_11,58,Bb3,484.5,4.0,0.434,machine_pitch_candidate_not_verified_note
mirages_11,62,D4,484.5,2.0,0.489,machine_pitch_candidate_not_verified_note
mirages_11,67,G4,485.5,2.0,0.442,machine_pitch_candidate_not_verified_note
mirages_11,44,Ab2,486.5,1.5,0.424,machine_pitch_candidate_not_verified_note
mirages_11,48,C3,488.0,5.5,0.614,machine_pitch_candidate_not_verified_note
mirages_11,28,E1,489.5,2.5,0.433,machine_pitch_candidate_not_verified_note
mirages_11,51,Eb3,490.0,5.0,0.471,machine_pitch_candidate_not_verified_note
mirages_11,39,Eb2,493.5,1.5,0.381,machine_pitch_candidate_not_verified_note
mirages_11,43,G2,493.5,3.5,0.679,machine_pitch_candidate_not_verified_note
mirages_11,46,Bb2,493.5,2.0,0.558,machine_pitch_candidate_not_verified_note
mirages_11,58,Bb3,493.5,4.0,0.578,machine_pitch_candidate_not_verified_note
mirages_11,67,G4,494.5,1.5,0.296,machine_pitch_candidate_not_verified_note
mirages_11,28,E1,496.0,2.5,0.627,machine_pitch_candidate_not_verified_note
mirages_11,44,Ab2,496.0,2.5,0.548,machine_pitch_candidate_not_verified_note
mirages_11,46,Bb2,496.0,2.0,0.743,machine_pitch_candidate_not_verified_note
mirages_11,48,C3,497.5,11.0,0.848,machine_pitch_candidate_not_verified_note
mirages_11,51,Eb3,499.0,1.5,0.459,machine_pitch_candidate_not_verified_note
mirages_11,51,Eb3,501.5,9.0,0.793,machine_pitch_candidate_not_verified_note
mirages_11,28,E1,502.0,5.0,0.611,machine_pitch_candidate_not_verified_note
mirages_11,67,G4,502.0,10.0,0.606,machine_pitch_candidate_not_verified_note
mirages_11,29,F1,502.5,10.0,0.819,machine_pitch_candidate_not_verified_note
mirages_11,63,Eb4,505.0,1.5,0.336,machine_pitch_candidate_not_verified_note
mirages_11,28,E1,507.5,1.5,0.44,machine_pitch_candidate_not_verified_note
mirages_11,39,Eb2,508.0,2.0,0.441,machine_pitch_candidate_not_verified_note
mirages_11,43,G2,508.0,3.5,0.643,machine_pitch_candidate_not_verified_note
mirages_11,46,Bb2,508.0,2.5,0.557,machine_pitch_candidate_not_verified_note
mirages_11,58,Bb3,508.0,4.0,0.642,machine_pitch_candidate_not_verified_note
mirages_11,44,Ab2,510.0,3.0,0.636,machine_pitch_candidate_not_verified_note
mirages_11,48,C3,511.5,11.5,0.942,machine_pitch_candidate_not_verified_note
mirages_11,51,Eb3,512.0,10.5,0.634,machine_pitch_candidate_not_verified_note
mirages_11,46,Bb2,517.0,9.5,0.696,machine_pitch_candidate_not_verified_note
mirages_11,60,C4,517.5,1.5,0.346,machine_pitch_candidate_not_verified_note
mirages_11,67,G4,519.5,4.0,0.418,machine_pitch_candidate_not_verified_note
mirages_11,43,G2,522.0,3.0,0.697,machine_pitch_candidate_not_verified_note
mirages_11,58,Bb3,522.5,2.5,0.654,machine_pitch_candidate_not_verified_note
mirages_11,51,Eb3,523.0,2.0,0.443,machine_pitch_candidate_not_verified_note
mirages_11,44,Ab2,524.0,2.5,0.829,machine_pitch_candidate_not_verified_note
mirages_11,62,D4,524.5,1.5,0.477,machine_pitch_candidate_not_verified_note
mirages_11,51,Eb3,525.5,7.0,0.476,machine_pitch_candidate_not_verified_note
mirages_11,48,C3,526.0,5.0,1.0,machine_pitch_candidate_not_verified_note
mirages_11,39,Eb2,530.5,1.5,0.432,machine_pitch_candidate_not_verified_note
mirages_11,43,G2,530.5,2.0,0.834,machine_pitch_candidate_not_verified_note
mirages_11,46,Bb2,530.5,1.5,0.726,machine_pitch_candidate_not_verified_note
mirages_11,58,Bb3,531.0,4.0,0.845,machine_pitch_candidate_not_verified_note
mirages_11,46,Bb2,532.5,2.5,0.649,machine_pitch_candidate_not_verified_note
mirages_11,62,D4,532.5,2.5,0.915,machine_pitch_candidate_not_verified_note
mirages_11,44,Ab2,533.0,2.0,0.628,machine_pitch_candidate_not_verified_note
mirages_11,48,C3,534.5,9.0,0.816,machine_pitch_candidate_not_verified_note
mirages_11,63,Eb4,536.5,2.5,0.394,machine_pitch_candidate_not_verified_note
mirages_11,51,Eb3,537.0,9.0,0.836,machine_pitch_candidate_not_verified_note
mirages_11,67,G4,538.0,3.0,0.333,machine_pitch_candidate_not_verified_note
mirages_11,43,G2,543.0,3.5,0.66,machine_pitch_candidate_not_verified_note
mirages_11,46,Bb2,543.0,2.0,0.54,machine_pitch_candidate_not_verified_note
mirages_11,58,Bb3,543.0,1.5,0.707,machine_pitch_candidate_not_verified_note
mirages_11,62,D4,543.0,3.5,0.325,machine_pitch_candidate_not_verified_note
mirages_11,39,Eb2,543.5,1.5,0.444,machine_pitch_candidate_not_verified_note
mirages_11,48,C3,544.0,1.5,0.435,machine_pitch_candidate_not_verified_note
mirages_11,58,Bb3,545.0,2.5,0.863,machine_pitch_candidate_not_verified_note
mirages_11,44,Ab2,545.5,2.0,0.509,machine_pitch_candidate_not_verified_note
mirages_11,46,Bb2,545.5,2.0,0.629,machine_pitch_candidate_not_verified_note
mirages_11,60,C4,545.5,1.5,0.307,machine_pitch_candidate_not_verified_note
mirages_11,48,C3,546.5,6.5,0.855,machine_pitch_candidate_not_verified_note
mirages_11,51,Eb3,547.5,1.5,0.341,machine_pitch_candidate_not_verified_note
mirages_11,51,Eb3,549.5,7.0,0.818,machine_pitch_candidate_not_verified_note
mirages_11,39,Eb2,553.0,2.0,0.569,machine_pitch_candidate_not_verified_note
mirages_11,43,G2,553.0,4.0,0.513,machine_pitch_candidate_not_verified_note
mirages_11,46,Bb2,553.0,4.0,0.815,machine_pitch_candidate_not_verified_note
mirages_11,58,Bb3,553.0,4.5,0.914,machine_pitch_candidate_not_verified_note
mirages_11,62,D4,553.0,4.0,0.717,machine_pitch_candidate_not_verified_note
mirages_11,44,Ab2,555.0,2.0,0.508,machine_pitch_candidate_not_verified_note
mirages_11,48,C3,555.5,8.0,0.844,machine_pitch_candidate_not_verified_note
mirages_11,63,Eb4,555.5,1.5,0.503,machine_pitch_candidate_not_verified_note
mirages_11,51,Eb3,557.5,6.0,0.685,machine_pitch_candidate_not_verified_note
mirages_11,43,G2,562.0,4.0,0.646,machine_pitch_candidate_not_verified_note
mirages_11,46,Bb2,562.0,4.5,0.641,machine_pitch_candidate_not_verified_note
mirages_11,62,D4,562.0,4.0,0.727,machine_pitch_candidate_not_verified_note
mirages_11,39,Eb2,562.5,1.5,0.573,machine_pitch_candidate_not_verified_note
mirages_11,58,Bb3,562.5,3.5,0.76,machine_pitch_candidate_not_verified_note
mirages_11,44,Ab2,564.0,2.5,0.542,machine_pitch_candidate_not_verified_note
mirages_11,48,C3,565.0,6.0,0.969,machine_pitch_candidate_not_verified_note
mirages_11,51,Eb3,566.0,6.0,0.547,machine_pitch_candidate_not_verified_note
mirages_11,39,Eb2,571.0,2.5,0.428,machine_pitch_candidate_not_verified_note
mirages_11,43,G2,571.0,2.0,0.803,machine_pitch_candidate_not_verified_note
mirages_11,46,Bb2,571.0,3.5,0.446,machine_pitch_candidate_not_verified_note
mirages_11,58,Bb3,571.0,4.5,0.898,machine_pitch_candidate_not_verified_note
mirages_11,62,D4,571.0,4.5,0.775,machine_pitch_candidate_not_verified_note
mirages_11,63,Eb4,572.5,1.5,0.331,machine_pitch_candidate_not_verified_note
mirages_11,44,Ab2,573.5,2.0,0.498,machine_pitch_candidate_not_verified_note
mirages_11,48,C3,574.0,6.0,0.893,machine_pitch_candidate_not_verified_note
mirages_11,51,Eb3,574.0,1.5,0.353,machine_pitch_candidate_not_verified_note
mirages_11,63,Eb4,574.5,2.5,0.417,machine_pitch_candidate_not_verified_note
mirages_11,51,Eb3,576.0,10.0,0.773,machine_pitch_candidate_not_verified_note
mirages_11,67,G4,579.0,1.5,0.566,machine_pitch_candidate_not_verified_note
mirages_11,46,Bb2,579.5,5.0,0.648,machine_pitch_candidate_not_verified_note
mirages_11,50,D3,580.5,2.0,0.432,machine_pitch_candidate_not_verified_note
mirages_11,62,D4,581.5,3.0,0.748,machine_pitch_candidate_not_verified_note
mirages_11,48,C3,582.5,5.5,0.887,machine_pitch_candidate_not_verified_note
mirages_11,67,G4,582.5,1.5,0.431,machine_pitch_candidate_not_verified_note
mirages_11,43,G2,586.0,5.0,0.474,machine_pitch_candidate_not_verified_note
mirages_11,46,Bb2,586.0,3.0,0.536,machine_pitch_candidate_not_verified_note
mirages_11,62,D4,586.0,3.5,0.756,machine_pitch_candidate_not_verified_note
mirages_11,58,Bb3,586.5,4.5,0.492,machine_pitch_candidate_not_verified_note
mirages_11,51,Eb3,587.5,5.0,0.652,machine_pitch_candidate_not_verified_note
mirages_11,44,Ab2,588.0,2.0,0.497,machine_pitch_candidate_not_verified_note
mirages_11,48,C3,589.0,7.5,0.821,machine_pitch_candidate_not_verified_note
mirages_11,63,Eb4,589.0,1.5,0.334,machine_pitch_candidate_not_verified_note
mirages_11,62,D4,590.0,2.0,0.409,machine_pitch_candidate_not_verified_note
mirages_11,51,Eb3,593.5,36.5,0.762,machine_pitch_candidate_not_verified_note
mirages_11,67,G4,594.5,2.0,0.427,machine_pitch_candidate_not_verified_note
mirages_11,39,Eb2,595.0,2.5,0.524,machine_pitch_candidate_not_verified_note
mirages_11,62,D4,595.0,2.0,0.366,machine_pitch_candidate_not_verified_note
mirages_11,43,G2,595.5,4.0,0.658,machine_pitch_candidate_not_verified_note
mirages_11,46,Bb2,595.5,4.0,0.791,machine_pitch_candidate_not_verified_note
mirages_11,58,Bb3,596.0,3.5,0.909,machine_pitch_candidate_not_verified_note
mirages_11,44,Ab2,597.5,1.5,0.634,machine_pitch_candidate_not_verified_note
mirages_11,48,C3,597.5,31.5,0.755,machine_pitch_candidate_not_verified_note
mirages_11,62,D4,597.5,1.5,0.347,machine_pitch_candidate_not_verified_note
mirages_11,67,G4,598.0,1.5,0.534,machine_pitch_candidate_not_verified_note
mirages_11,58,Bb3,600.0,1.5,0.372,machine_pitch_candidate_not_verified_note
mirages_11,67,G4,605.0,24.0,0.827,machine_pitch_candidate_not_verified_note
mirages_11,58,Bb3,607.0,1.5,0.482,machine_pitch_candidate_not_verified_note
mirages_11,63,Eb4,607.5,5.0,0.619,machine_pitch_candidate_not_verified_note
mirages_11,58,Bb3,609.5,1.5,0.438,machine_pitch_candidate_not_verified_note
mirages_11,62,D4,609.5,1.5,0.46,machine_pitch_candidate_not_verified_note
mirages_11,63,Eb4,613.5,2.5,0.542,machine_pitch_candidate_not_verified_note
mirages_11,62,D4,616.5,2.0,0.305,machine_pitch_candidate_not_verified_note
mirages_11,58,Bb3,618.5,1.5,0.412,machine_pitch_candidate_not_verified_note
mirages_11,63,Eb4,619.0,1.5,0.709,machine_pitch_candidate_not_verified_note
mirages_11,25,C#1,629.0,3.0,0.624,machine_pitch_candidate_not_verified_note
mirages_11,43,G2,629.0,12.0,0.718,machine_pitch_candidate_not_verified_note
mirages_11,58,Bb3,629.0,9.0,0.78,machine_pitch_candidate_not_verified_note
mirages_11,46,Bb2,629.5,2.5,0.706,machine_pitch_candidate_not_verified_note
mirages_11,75,Eb5,630.0,2.0,0.419,machine_pitch_candidate_not_verified_note
mirages_11,80,Ab5,630.0,1.5,0.444,machine_pitch_candidate_not_verified_note
mirages_11,62,D4,632.5,1.5,0.596,machine_pitch_candidate_not_verified_note
mirages_11,46,Bb2,633.0,1.5,0.502,machine_pitch_candidate_not_verified_note
mirages_11,25,C#1,633.5,4.5,0.494,machine_pitch_candidate_not_verified_note
mirages_11,48,C3,633.5,4.5,0.815,machine_pitch_candidate_not_verified_note
mirages_11,51,Eb3,636.5,4.0,0.687,machine_pitch_candidate_not_verified_note
mirages_11,25,C#1,639.0,2.0,0.603,machine_pitch_candidate_not_verified_note
mirages_11,48,C3,639.0,2.0,0.384,machine_pitch_candidate_not_verified_note
mirages_11,58,Bb3,639.0,1.5,0.391,machine_pitch_candidate_not_verified_note
mort_aux_vaches_01,25,C#1,11.0,3.0,0.537,machine_pitch_candidate_not_verified_note
mort_aux_vaches_01,31,G1,11.0,1.5,0.435,machine_pitch_candidate_not_verified_note
mort_aux_vaches_01,79,G5,11.0,10.0,0.922,machine_pitch_candidate_not_verified_note
mort_aux_vaches_01,25,C#1,18.0,2.0,0.678,machine_pitch_candidate_not_verified_note
mort_aux_vaches_01,27,Eb1,18.5,1.5,0.816,machine_pitch_candidate_not_verified_note
mort_aux_vaches_01,35,B1,18.5,1.5,0.615,machine_pitch_candidate_not_verified_note
mort_aux_vaches_01,31,G1,19.5,2.0,0.619,machine_pitch_candidate_not_verified_note
mort_aux_vaches_01,79,G5,22.0,14.0,0.751,machine_pitch_candidate_not_verified_note
mort_aux_vaches_01,31,G1,23.0,1.5,0.354,machine_pitch_candidate_not_verified_note
mort_aux_vaches_01,25,C#1,24.0,3.0,0.852,machine_pitch_candidate_not_verified_note
mort_aux_vaches_01,34,Bb1,24.0,1.5,0.359,machine_pitch_candidate_not_verified_note
mort_aux_vaches_01,83,B5,24.5,1.5,0.388,machine_pitch_candidate_not_verified_note
mort_aux_vaches_01,38,D2,25.5,2.5,0.617,machine_pitch_candidate_not_verified_note
mort_aux_vaches_01,46,Bb2,26.0,2.0,0.419,machine_pitch_candidate_not_verified_note
mort_aux_vaches_01,43,G2,26.5,1.5,0.591,machine_pitch_candidate_not_verified_note
mort_aux_vaches_01,25,C#1,27.5,2.0,0.925,machine_pitch_candidate_not_verified_note
mort_aux_vaches_01,35,B1,27.5,2.0,0.641,machine_pitch_candidate_not_verified_note
mort_aux_vaches_01,28,E1,28.0,3.0,0.536,machine_pitch_candidate_not_verified_note
mort_aux_vaches_01,27,Eb1,28.5,1.5,0.416,machine_pitch_candidate_not_verified_note
mort_aux_vaches_01,31,G1,28.5,1.5,0.54,machine_pitch_candidate_not_verified_note
mort_aux_vaches_01,34,Bb1,29.0,1.5,0.786,machine_pitch_candidate_not_verified_note
mort_aux_vaches_01,24,C1,32.0,1.5,0.421,machine_pitch_candidate_not_verified_note
mort_aux_vaches_01,25,C#1,32.0,1.5,0.7,machine_pitch_candidate_not_verified_note
mort_aux_vaches_01,27,Eb1,32.0,4.0,0.516,machine_pitch_candidate_not_verified_note
mort_aux_vaches_01,31,G1,32.5,2.5,0.694,machine_pitch_candidate_not_verified_note
mort_aux_vaches_01,38,D2,32.5,2.5,0.599,machine_pitch_candidate_not_verified_note
mort_aux_vaches_01,47,B2,33.5,1.5,0.416,machine_pitch_candidate_not_verified_note
mort_aux_vaches_01,35,B1,34.0,3.0,0.713,machine_pitch_candidate_not_verified_note
mort_aux_vaches_01,46,Bb2,34.0,2.0,0.793,machine_pitch_candidate_not_verified_note
mort_aux_vaches_01,25,C#1,34.5,4.0,0.704,machine_pitch_candidate_not_verified_note
mort_aux_vaches_01,28,E1,34.5,1.5,0.478,machine_pitch_candidate_not_verified_note
mort_aux_vaches_01,32,Ab1,35.0,1.5,0.751,machine_pitch_candidate_not_verified_note
mort_aux_vaches_01,79,G5,37.0,5.0,0.936,machine_pitch_candidate_not_verified_note
mort_aux_vaches_01,35,B1,38.0,1.5,0.476,machine_pitch_candidate_not_verified_note
mort_aux_vaches_01,31,G1,38.5,3.0,0.612,machine_pitch_candidate_not_verified_note
mort_aux_vaches_01,25,C#1,39.5,3.5,0.63,machine_pitch_candidate_not_verified_note
mort_aux_vaches_01,24,C1,40.0,2.5,0.491,machine_pitch_candidate_not_verified_note
mort_aux_vaches_01,34,Bb1,40.5,2.5,0.458,machine_pitch_candidate_not_verified_note
mort_aux_vaches_01,26,D1,41.0,1.5,0.62,machine_pitch_candidate_not_verified_note
mort_aux_vaches_01,27,Eb1,41.0,4.5,0.681,machine_pitch_candidate_not_verified_note
mort_aux_vaches_01,35,B1,42.0,1.5,0.591,machine_pitch_candidate_not_verified_note
mort_aux_vaches_01,26,D1,43.0,1.5,0.499,machine_pitch_candidate_not_verified_note
mort_aux_vaches_01,25,C#1,43.5,1.5,1.0,machine_pitch_candidate_not_verified_note
mort_aux_vaches_01,79,G5,44.5,3.0,0.984,machine_pitch_candidate_not_verified_note
mort_aux_vaches_01,26,D1,46.5,1.5,0.709,machine_pitch_candidate_not_verified_note
mort_aux_vaches_01,34,Bb1,46.5,4.0,0.578,machine_pitch_candidate_not_verified_note
mort_aux_vaches_01,46,Bb2,46.5,3.0,0.421,machine_pitch_candidate_not_verified_note
mort_aux_vaches_01,27,Eb1,47.0,3.5,0.852,machine_pitch_candidate_not_verified_note
mort_aux_vaches_01,29,F1,47.0,2.0,0.42,machine_pitch_candidate_not_verified_note
mort_aux_vaches_01,47,B2,47.0,3.0,0.648,machine_pitch_candidate_not_verified_note
mort_aux_vaches_01,32,Ab1,48.0,1.5,0.61,machine_pitch_candidate_not_verified_note
mort_aux_vaches_01,30,F#1,48.5,2.0,0.49,machine_pitch_candidate_not_verified_note
mort_aux_vaches_01,31,G1,49.0,2.5,0.867,machine_pitch_candidate_not_verified_note
mort_aux_vaches_01,25,C#1,49.5,3.5,0.782,machine_pitch_candidate_not_verified_note
mort_aux_vaches_01,35,B1,50.0,5.0,0.644,machine_pitch_candidate_not_verified_note
mort_aux_vaches_01,34,Bb1,51.0,1.5,0.603,machine_pitch_candidate_not_verified_note
mort_aux_vaches_01,79,G5,51.5,3.5,0.555,machine_pitch_candidate_not_verified_note
mort_aux_vaches_01,28,E1,52.0,1.5,0.875,machine_pitch_candidate_not_verified_note
mort_aux_vaches_01,46,Bb2,52.0,2.5,0.529,machine_pitch_candidate_not_verified_note
mort_aux_vaches_01,26,D1,53.0,3.5,0.43,machine_pitch_candidate_not_verified_note
mort_aux_vaches_01,31,G1,53.0,1.5,0.719,machine_pitch_candidate_not_verified_note
mort_aux_vaches_01,27,Eb1,53.5,1.5,0.445,machine_pitch_candidate_not_verified_note
mort_aux_vaches_01,25,C#1,54.0,1.5,0.955,machine_pitch_candidate_not_verified_note
mort_aux_vaches_01,33,A1,55.0,1.5,0.487,machine_pitch_candidate_not_verified_note
mort_aux_vaches_01,38,D2,55.0,2.0,0.46,machine_pitch_candidate_not_verified_note
mort_aux_vaches_01,41,F2,55.0,2.5,0.613,machine_pitch_candidate_not_verified_note
mort_aux_vaches_01,47,B2,55.0,3.5,0.534,machine_pitch_candidate_not_verified_note
mort_aux_vaches_01,30,F#1,55.5,2.5,0.627,machine_pitch_candidate_not_verified_note
mort_aux_vaches_01,32,Ab1,55.5,2.5,0.64,machine_pitch_candidate_not_verified_note
mort_aux_vaches_01,46,Bb2,55.5,3.5,0.681,machine_pitch_candidate_not_verified_note
mort_aux_vaches_01,25,C#1,56.5,3.5,0.7,machine_pitch_candidate_not_verified_note
mort_aux_vaches_01,34,Bb1,56.5,2.0,0.648,machine_pitch_candidate_not_verified_note
mort_aux_vaches_01,28,E1,58.5,1.5,0.633,machine_pitch_candidate_not_verified_note
mort_aux_vaches_01,31,G1,58.5,1.5,0.951,machine_pitch_candidate_not_verified_note
mort_aux_vaches_01,34,Bb1,59.5,5.0,0.769,machine_pitch_candidate_not_verified_note
mort_aux_vaches_01,27,Eb1,60.0,2.5,0.476,machine_pitch_candidate_not_verified_note
mort_aux_vaches_01,25,C#1,60.5,1.5,0.649,machine_pitch_candidate_not_verified_note
mort_aux_vaches_01,30,F#1,61.0,2.0,0.84,machine_pitch_candidate_not_verified_note
mort_aux_vaches_01,35,B1,61.0,2.0,0.636,machine_pitch_candidate_not_verified_note
mort_aux_vaches_01,38,D2,61.5,3.0,0.788,machine_pitch_candidate_not_verified_note
mort_aux_vaches_01,41,F2,61.5,1.5,0.435,machine_pitch_candidate_not_verified_note
mort_aux_vaches_01,25,C#1,62.5,2.0,0.363,machine_pitch_candidate_not_verified_note
mort_aux_vaches_01,47,B2,62.5,3.5,0.519,machine_pitch_candidate_not_verified_note
mort_aux_vaches_01,79,G5,62.5,2.5,0.549,machine_pitch_candidate_not_verified_note
mort_aux_vaches_01,24,C1,63.0,1.5,0.488,machine_pitch_candidate_not_verified_note
mort_aux_vaches_01,26,D1,64.0,1.5,0.783,machine_pitch_candidate_not_verified_note
mort_aux_vaches_01,27,Eb1,64.5,5.0,0.872,machine_pitch_candidate_not_verified_note
mort_aux_vaches_01,43,G2,64.5,1.5,0.414,machine_pitch_candidate_not_verified_note
mort_aux_vaches_01,46,Bb2,64.5,1.5,0.822,machine_pitch_candidate_not_verified_note
mort_aux_vaches_01,25,C#1,65.0,2.5,0.644,machine_pitch_candidate_not_verified_note
mort_aux_vaches_01,32,Ab1,65.5,2.0,0.578,machine_pitch_candidate_not_verified_note
mort_aux_vaches_01,35,B1,65.5,8.0,0.632,machine_pitch_candidate_not_verified_note
mort_aux_vaches_01,46,Bb2,66.5,2.0,0.632,machine_pitch_candidate_not_verified_note
mort_aux_vaches_01,26,D1,67.0,1.5,0.401,machine_pitch_candidate_not_verified_note
mort_aux_vaches_01,36,C2,67.0,1.5,0.658,machine_pitch_candidate_not_verified_note
mort_aux_vaches_01,41,F2,67.0,1.5,0.632,machine_pitch_candidate_not_verified_note
mort_aux_vaches_01,38,D2,67.5,2.5,0.447,machine_pitch_candidate_not_verified_note
mort_aux_vaches_01,79,G5,67.5,1.5,0.406,machine_pitch_candidate_not_verified_note
mort_aux_vaches_01,32,Ab1,68.0,2.5,0.722,machine_pitch_candidate_not_verified_note
mort_aux_vaches_01,82,Bb5,68.0,1.5,0.511,machine_pitch_candidate_not_verified_note
mort_aux_vaches_01,25,C#1,69.0,5.0,0.827,machine_pitch_candidate_not_verified_note
mort_aux_vaches_01,28,E1,69.5,1.5,0.69,machine_pitch_candidate_not_verified_note
mort_aux_vaches_01,26,D1,70.0,2.5,0.617,machine_pitch_candidate_not_verified_note
mort_aux_vaches_01,46,Bb2,70.5,2.0,0.447,machine_pitch_candidate_not_verified_note
mort_aux_vaches_01,36,C2,71.0,1.5,0.581,machine_pitch_candidate_not_verified_note
mort_aux_vaches_01,24,C1,72.5,1.5,0.453,machine_pitch_candidate_not_verified_note
mort_aux_vaches_01,31,G1,72.5,1.5,0.806,machine_pitch_candidate_not_verified_note
mort_aux_vaches_01,28,E1,73.0,3.0,0.821,machine_pitch_candidate_not_verified_note
mort_aux_vaches_01,32,Ab1,74.0,1.5,0.683,machine_pitch_candidate_not_verified_note
mort_aux_vaches_01,35,B1,74.0,6.5,0.688,machine_pitch_candidate_not_verified_note
mort_aux_vaches_01,46,Bb2,74.0,3.0,0.387,machine_pitch_candidate_not_verified_note
mort_aux_vaches_01,31,G1,74.5,1.5,0.384,machine_pitch_candidate_not_verified_note
mort_aux_vaches_01,34,Bb1,75.0,2.5,0.416,machine_pitch_candidate_not_verified_note
mort_aux_vaches_01,82,Bb5,75.5,2.0,0.391,machine_pitch_candidate_not_verified_note
mort_aux_vaches_01,25,C#1,77.5,1.5,0.778,machine_pitch_candidate_not_verified_note
mort_aux_vaches_01,31,G1,77.5,3.5,0.435,machine_pitch_candidate_not_verified_note
mort_aux_vaches_01,27,Eb1,78.0,3.0,0.462,machine_pitch_candidate_not_verified_note
mort_aux_vaches_01,32,Ab1,78.0,2.5,0.737,machine_pitch_candidate_not_verified_note
mort_aux_vaches_01,28,E1,78.5,6.0,0.583,machine_pitch_candidate_not_verified_note
mort_aux_vaches_01,38,D2,79.0,2.0,0.423,machine_pitch_candidate_not_verified_note
mort_aux_vaches_01,34,Bb1,79.5,3.5,0.946,machine_pitch_candidate_not_verified_note
mort_aux_vaches_01,25,C#1,81.5,1.5,0.532,machine_pitch_candidate_not_verified_note
mort_aux_vaches_01,31,G1,81.5,2.0,0.734,machine_pitch_candidate_not_verified_note
mort_aux_vaches_01,35,B1,82.0,4.5,0.678,machine_pitch_candidate_not_verified_note
mort_aux_vaches_01,32,Ab1,82.5,2.0,0.54,machine_pitch_candidate_not_verified_note
mort_aux_vaches_01,25,C#1,83.5,5.5,0.605,machine_pitch_candidate_not_verified_note
mort_aux_vaches_01,27,Eb1,83.5,1.5,0.756,machine_pitch_candidate_not_verified_note
mort_aux_vaches_01,46,Bb2,83.5,2.0,0.621,machine_pitch_candidate_not_verified_note
mort_aux_vaches_01,43,G2,84.0,2.0,0.359,machine_pitch_candidate_not_verified_note
mort_aux_vaches_01,38,D2,84.5,1.5,0.537,machine_pitch_candidate_not_verified_note
mort_aux_vaches_01,28,E1,85.0,1.5,0.417,machine_pitch_candidate_not_verified_note
mort_aux_vaches_01,77,F5,85.0,1.5,0.439,machine_pitch_candidate_not_verified_note
mort_aux_vaches_01,94,Bb6,85.0,3.0,0.378,machine_pitch_candidate_not_verified_note
mort_aux_vaches_01,82,Bb5,85.5,2.0,0.701,machine_pitch_candidate_not_verified_note
mort_aux_vaches_01,26,D1,86.0,3.0,0.588,machine_pitch_candidate_not_verified_note
mort_aux_vaches_01,31,G1,86.0,2.0,0.573,machine_pitch_candidate_not_verified_note
mort_aux_vaches_01,24,C1,86.5,1.5,0.442,machine_pitch_candidate_not_verified_note
mort_aux_vaches_01,27,Eb1,87.0,3.0,0.98,machine_pitch_candidate_not_verified_note
mort_aux_vaches_01,30,F#1,88.0,4.5,0.552,machine_pitch_candidate_not_verified_note
mort_aux_vaches_01,46,Bb2,88.0,5.5,0.633,machine_pitch_candidate_not_verified_note
mort_aux_vaches_01,47,B2,88.5,2.0,0.439,machine_pitch_candidate_not_verified_note
mort_aux_vaches_01,26,D1,89.5,1.5,0.57,machine_pitch_candidate_not_verified_note
mort_aux_vaches_01,28,E1,90.0,2.5,0.456,machine_pitch_candidate_not_verified_note
mort_aux_vaches_01,35,B1,90.5,2.0,0.632,machine_pitch_candidate_not_verified_note
mort_aux_vaches_01,24,C1,91.0,2.5,0.419,machine_pitch_candidate_not_verified_note
mort_aux_vaches_01,27,Eb1,91.5,2.0,0.623,machine_pitch_candidate_not_verified_note
mort_aux_vaches_01,31,G1,91.5,2.5,0.65,machine_pitch_candidate_not_verified_note
mort_aux_vaches_01,32,Ab1,91.5,2.0,0.497,machine_pitch_candidate_not_verified_note
mort_aux_vaches_01,82,Bb5,91.5,2.5,0.686,machine_pitch_candidate_not_verified_note
mort_aux_vaches_01,25,C#1,92.0,6.5,0.659,machine_pitch_candidate_not_verified_note
mort_aux_vaches_01,35,B1,93.0,8.0,0.74,machine_pitch_candidate_not_verified_note
mort_aux_vaches_01,47,B2,93.0,1.5,0.488,machine_pitch_candidate_not_verified_note
mort_aux_vaches_01,28,E1,93.5,3.0,0.464,machine_pitch_candidate_not_verified_note
mort_aux_vaches_01,34,Bb1,93.5,6.0,0.508,machine_pitch_candidate_not_verified_note
mort_aux_vaches_01,38,D2,93.5,1.5,0.379,machine_pitch_candidate_not_verified_note
mort_aux_vaches_01,24,C1,94.0,1.5,0.597,machine_pitch_candidate_not_verified_note
mort_aux_vaches_01,42,F#2,94.0,1.5,0.402,machine_pitch_candidate_not_verified_note
mort_aux_vaches_01,27,Eb1,96.0,6.0,0.866,machine_pitch_candidate_not_verified_note
mort_aux_vaches_01,28,E1,97.0,1.5,0.568,machine_pitch_candidate_not_verified_note
mort_aux_vaches_01,41,F2,97.0,1.5,0.717,machine_pitch_candidate_not_verified_note
mort_aux_vaches_01,31,G1,98.0,3.0,0.426,machine_pitch_candidate_not_verified_note
mort_aux_vaches_01,77,F5,98.0,1.5,0.394,machine_pitch_candidate_not_verified_note
mort_aux_vaches_01,82,Bb5,99.5,1.5,0.453,machine_pitch_candidate_not_verified_note
mort_aux_vaches_01,25,C#1,100.0,2.5,0.671,machine_pitch_candidate_not_verified_note
mort_aux_vaches_01,33,A1,100.5,1.5,0.474,machine_pitch_candidate_not_verified_note
mort_aux_vaches_01,46,Bb2,100.5,4.5,0.643,machine_pitch_candidate_not_verified_note
mort_aux_vaches_01,29,F1,101.0,2.0,0.638,machine_pitch_candidate_not_verified_note
mort_aux_vaches_01,24,C1,101.5,1.5,0.861,machine_pitch_candidate_not_verified_note
mort_aux_vaches_01,26,D1,101.5,4.0,0.433,machine_pitch_candidate_not_verified_note
mort_aux_vaches_01,47,B2,101.5,1.5,0.528,machine_pitch_candidate_not_verified_note
mort_aux_vaches_01,35,B1,102.0,2.0,0.89,machine_pitch_candidate_not_verified_note
mort_aux_vaches_01,36,C2,102.5,1.5,0.509,machine_pitch_candidate_not_verified_note
mort_aux_vaches_01,41,F2,102.5,2.0,0.351,machine_pitch_candidate_not_verified_note
mort_aux_vaches_01,34,Bb1,104.0,4.5,0.626,machine_pitch_candidate_not_verified_note
mort_aux_vaches_01,35,B1,104.5,15.5,0.778,machine_pitch_candidate_not_verified_note
mort_aux_vaches_01,30,F#1,105.0,1.5,0.544,machine_pitch_candidate_not_verified_note
mort_aux_vaches_01,46,Bb2,105.5,2.0,0.566,machine_pitch_candidate_not_verified_note
mort_aux_vaches_01,25,C#1,106.0,2.5,0.718,machine_pitch_candidate_not_verified_note
mort_aux_vaches_01,24,C1,106.5,2.0,0.396,machine_pitch_candidate_not_verified_note
mort_aux_vaches_01,31,G1,107.0,2.5,0.618,machine_pitch_candidate_not_verified_note
mort_aux_vaches_01,27,Eb1,108.0,5.0,0.727,machine_pitch_candidate_not_verified_note
mort_aux_vaches_01,82,Bb5,108.0,4.5,0.635,machine_pitch_candidate_not_verified_note
mort_aux_vaches_01,28,E1,109.5,1.5,0.822,machine_pitch_candidate_not_verified_note
mort_aux_vaches_01,34,Bb1,109.5,1.5,0.368,machine_pitch_candidate_not_verified_note
mort_aux_vaches_01,39,Eb2,109.5,1.5,0.522,machine_pitch_candidate_not_verified_note
mort_aux_vaches_01,42,F#2,109.5,1.5,0.558,machine_pitch_candidate_not_verified_note
mort_aux_vaches_01,46,Bb2,109.5,2.5,0.378,machine_pitch_candidate_not_verified_note
mort_aux_vaches_01,26,D1,110.5,3.0,0.505,machine_pitch_candidate_not_verified_note
mort_aux_vaches_01,30,F#1,110.5,2.0,0.648,machine_pitch_candidate_not_verified_note
mort_aux_vaches_01,25,C#1,111.5,2.5,0.701,machine_pitch_candidate_not_verified_note
mort_aux_vaches_01,34,Bb1,111.5,8.5,0.725,machine_pitch_candidate_not_verified_note
mort_aux_vaches_01,31,G1,112.5,1.5,0.35,machine_pitch_candidate_not_verified_note
mort_aux_vaches_01,25,C#1,115.0,9.5,0.754,machine_pitch_candidate_not_verified_note
mort_aux_vaches_01,31,G1,115.0,1.5,0.673,machine_pitch_candidate_not_verified_note
mort_aux_vaches_01,28,E1,115.5,1.5,0.741,machine_pitch_candidate_not_verified_note
mort_aux_vaches_01,26,D1,116.0,1.5,0.373,machine_pitch_candidate_not_verified_note
mort_aux_vaches_01,27,Eb1,117.0,2.0,0.812,machine_pitch_candidate_not_verified_note
mort_aux_vaches_01,31,G1,118.5,2.0,0.801,machine_pitch_candidate_not_verified_note
mort_aux_vaches_01,32,Ab1,120.5,1.5,0.53,machine_pitch_candidate_not_verified_note
mort_aux_vaches_01,39,Eb2,120.5,1.5,0.771,machine_pitch_candidate_not_verified_note
mort_aux_vaches_01,46,Bb2,120.5,1.5,0.667,machine_pitch_candidate_not_verified_note
mort_aux_vaches_01,81,A5,120.5,1.5,0.538,machine_pitch_candidate_not_verified_note
mort_aux_vaches_01,31,G1,123.0,2.0,0.948,machine_pitch_candidate_not_verified_note
mort_aux_vaches_01,34,Bb1,123.0,2.0,0.653,machine_pitch_candidate_not_verified_note
mort_aux_vaches_01,35,B1,123.0,11.5,0.797,machine_pitch_candidate_not_verified_note
mort_aux_vaches_01,47,B2,123.0,2.0,0.379,machine_pitch_candidate_not_verified_note
mort_aux_vaches_01,27,Eb1,124.0,2.5,0.417,machine_pitch_candidate_not_verified_note
mort_aux_vaches_01,32,Ab1,124.5,2.0,0.688,machine_pitch_candidate_not_verified_note
mort_aux_vaches_01,41,F2,124.5,1.5,0.47,machine_pitch_candidate_not_verified_note
mort_aux_vaches_01,46,Bb2,124.5,2.5,0.561,machine_pitch_candidate_not_verified_note
mort_aux_vaches_01,83,B5,124.5,2.5,0.492,machine_pitch_candidate_not_verified_note
mort_aux_vaches_01,25,C#1,125.5,2.0,0.673,machine_pitch_candidate_not_verified_note
mort_aux_vaches_01,26,D1,126.0,2.5,0.509,machine_pitch_candidate_not_verified_note
mort_aux_vaches_01,30,F#1,127.0,1.5,0.872,machine_pitch_candidate_not_verified_note
mort_aux_vaches_01,34,Bb1,127.5,7.0,0.646,machine_pitch_candidate_not_verified_note
mort_aux_vaches_01,27,Eb1,128.0,5.0,0.594,machine_pitch_candidate_not_verified_note
mort_aux_vaches_01,25,C#1,129.0,1.5,0.614,machine_pitch_candidate_not_verified_note
mort_aux_vaches_01,46,Bb2,132.0,1.5,0.295,machine_pitch_candidate_not_verified_note
mort_aux_vaches_01,25,C#1,132.5,1.5,0.774,machine_pitch_candidate_not_verified_note
mort_aux_vaches_01,28,E1,132.5,1.5,0.406,machine_pitch_candidate_not_verified_note
mort_aux_vaches_01,31,G1,133.0,1.5,0.591,machine_pitch_candidate_not_verified_note
mort_aux_vaches_01,43,G2,134.0,5.5,0.862,machine_pitch_candidate_not_verified_note
mort_aux_vaches_01,72,C5,134.0,7.5,0.754,machine_pitch_candidate_not_verified_note
mort_aux_vaches_01,58,Bb3,135.0,2.0,0.374,machine_pitch_candidate_not_verified_note
mort_aux_vaches_01,34,Bb1,136.0,2.0,0.324,machine_pitch_candidate_not_verified_note
mort_aux_vaches_01,35,B1,136.0,3.0,0.352,machine_pitch_candidate_not_verified_note
mort_aux_vaches_01,31,G1,136.5,1.5,0.317,machine_pitch_candidate_not_verified_note
mort_aux_vaches_01,41,F2,138.5,9.5,0.949,machine_pitch_candidate_not_verified_note
mort_aux_vaches_01,70,Bb4,139.0,2.5,0.314,machine_pitch_candidate_not_verified_note
mort_aux_vaches_01,70,Bb4,142.0,2.0,0.426,machine_pitch_candidate_not_verified_note
mort_aux_vaches_01,28,E1,143.5,1.5,0.358,machine_pitch_candidate_not_verified_note
mort_aux_vaches_01,48,C3,143.5,1.5,0.711,machine_pitch_candidate_not_verified_note
mort_aux_vaches_01,77,F5,144.0,6.5,0.58,machine_pitch_candidate_not_verified_note
mort_aux_vaches_01,25,C#1,144.5,2.5,0.514,machine_pitch_candidate_not_verified_note
mort_aux_vaches_01,38,D2,145.0,1.5,0.762,machine_pitch_candidate_not_verified_note
mort_aux_vaches_01,48,C3,146.0,2.0,0.703,machine_pitch_candidate_not_verified_note
mort_aux_vaches_01,36,C2,147.5,2.5,0.867,machine_pitch_candidate_not_verified_note
mort_aux_vaches_01,44,Ab2,147.5,1.5,0.693,machine_pitch_candidate_not_verified_note
mort_aux_vaches_01,41,F2,148.5,2.0,0.624,machine_pitch_candidate_not_verified_note
mort_aux_vaches_01,55,G3,148.5,1.5,0.629,machine_pitch_candidate_not_verified_note
mort_aux_vaches_01,25,C#1,149.0,3.0,0.451,machine_pitch_candidate_not_verified_note
mort_aux_vaches_01,29,F1,149.0,1.5,0.58,machine_pitch_candidate_not_verified_note
mort_aux_vaches_01,43,G2,149.0,11.5,0.874,machine_pitch_candidate_not_verified_note
mort_aux_vaches_01,48,C3,149.5,1.5,0.586,machine_pitch_candidate_not_verified_note
mort_aux_vaches_01,72,C5,150.5,9.0,0.557,machine_pitch_candidate_not_verified_note
mort_aux_vaches_01,29,F1,151.5,1.5,0.409,machine_pitch_candidate_not_verified_note
mort_aux_vaches_01,36,C2,153.0,3.0,0.669,machine_pitch_candidate_not_verified_note
mort_aux_vaches_01,38,D2,153.0,1.5,0.598,machine_pitch_candidate_not_verified_note
mort_aux_vaches_01,25,C#1,156.5,1.5,0.65,machine_pitch_candidate_not_verified_note
mort_aux_vaches_01,77,F5,156.5,2.0,0.693,machine_pitch_candidate_not_verified_note
mort_aux_vaches_01,34,Bb1,157.0,2.0,0.442,machine_pitch_candidate_not_verified_note
mort_aux_vaches_01,41,F2,157.5,12.5,0.673,machine_pitch_candidate_not_verified_note
mort_aux_vaches_01,27,Eb1,158.5,1.5,0.506,machine_pitch_candidate_not_verified_note
mort_aux_vaches_01,38,D2,160.0,2.0,0.56,machine_pitch_candidate_not_verified_note
mort_aux_vaches_01,77,F5,160.0,2.5,0.367,machine_pitch_candidate_not_verified_note
mort_aux_vaches_01,72,C5,160.5,2.0,0.917,machine_pitch_candidate_not_verified_note
mort_aux_vaches_01,43,G2,161.0,4.0,0.667,machine_pitch_candidate_not_verified_note
mort_aux_vaches_01,70,Bb4,161.0,7.0,0.67,machine_pitch_candidate_not_verified_note
mort_aux_vaches_01,36,C2,162.0,3.0,0.713,machine_pitch_candidate_not_verified_note
mort_aux_vaches_01,28,E1,162.5,1.5,0.404,machine_pitch_candidate_not_verified_note
mort_aux_vaches_01,32,Ab1,163.5,2.0,0.362,machine_pitch_candidate_not_verified_note
mort_aux_vaches_01,53,F3,164.0,1.5,0.364,machine_pitch_candidate_not_verified_note
mort_aux_vaches_01,31,G1,165.0,2.0,0.935,machine_pitch_candidate_not_verified_note
mort_aux_vaches_01,48,C3,165.0,3.0,0.824,machine_pitch_candidate_not_verified_note
mort_aux_vaches_01,77,F5,165.0,3.5,0.576,machine_pitch_candidate_not_verified_note
mort_aux_vaches_01,35,B1,166.5,1.5,0.307,machine_pitch_candidate_not_verified_note
mort_aux_vaches_01,36,C2,167.5,4.5,0.818,machine_pitch_candidate_not_verified_note
mort_aux_vaches_01,72,C5,167.5,2.0,0.389,machine_pitch_candidate_not_verified_note
mort_aux_vaches_01,38,D2,168.0,2.0,0.717,machine_pitch_candidate_not_verified_note
mort_aux_vaches_01,55,G3,170.0,1.5,0.605,machine_pitch_candidate_not_verified_note
mort_aux_vaches_01,43,G2,171.0,7.0,0.934,machine_pitch_candidate_not_verified_note
mort_aux_vaches_01,72,C5,172.0,7.5,0.542,machine_pitch_candidate_not_verified_note
mort_aux_vaches_01,31,G1,174.5,1.5,0.311,machine_pitch_candidate_not_verified_note
mort_aux_vaches_01,38,D2,175.0,2.0,0.648,machine_pitch_candidate_not_verified_note
mort_aux_vaches_01,36,C2,176.0,3.5,0.646,machine_pitch_candidate_not_verified_note
mort_aux_vaches_01,41,F2,177.0,8.5,0.913,machine_pitch_candidate_not_verified_note
mort_aux_vaches_01,43,G2,178.5,1.5,0.442,machine_pitch_candidate_not_verified_note
mort_aux_vaches_01,70,Bb4,180.5,9.0,0.478,machine_pitch_candidate_not_verified_note
mort_aux_vaches_01,48,C3,181.5,1.5,0.473,machine_pitch_candidate_not_verified_note
mort_aux_vaches_01,36,C2,183.0,3.0,0.842,machine_pitch_candidate_not_verified_note
mort_aux_vaches_01,77,F5,183.0,10.0,0.703,machine_pitch_candidate_not_verified_note
mort_aux_vaches_01,31,G1,183.5,1.5,0.705,machine_pitch_candidate_not_verified_note
mort_aux_vaches_01,46,Bb2,183.5,1.5,0.556,machine_pitch_candidate_not_verified_note
mort_aux_vaches_01,43,G2,184.0,2.5,0.474,machine_pitch_candidate_not_verified_note
mort_aux_vaches_01,48,C3,184.5,6.5,0.626,machine_pitch_candidate_not_verified_note
mort_aux_vaches_01,41,F2,187.0,2.5,0.447,machine_pitch_candidate_not_verified_note
mort_aux_vaches_01,35,B1,187.5,1.5,0.375,machine_pitch_candidate_not_verified_note
mort_aux_vaches_01,55,G3,187.5,1.5,0.504,machine_pitch_candidate_not_verified_note
mort_aux_vaches_01,29,F1,188.5,2.0,0.312,machine_pitch_candidate_not_verified_note
mort_aux_vaches_01,43,G2,189.0,7.0,0.676,machine_pitch_candidate_not_verified_note
mort_aux_vaches_01,72,C5,189.0,9.5,0.588,machine_pitch_candidate_not_verified_note
mort_aux_vaches_01,38,D2,190.0,2.5,0.814,machine_pitch_candidate_not_verified_note
mort_aux_vaches_01,36,C2,191.0,3.5,0.931,machine_pitch_candidate_not_verified_note
mort_aux_vaches_01,44,Ab2,192.5,1.5,0.352,machine_pitch_candidate_not_verified_note
mort_aux_vaches_01,58,Bb3,193.0,1.5,0.464,machine_pitch_candidate_not_verified_note
mort_aux_vaches_01,25,C#1,194.5,1.5,0.443,machine_pitch_candidate_not_verified_note
mort_aux_vaches_01,41,F2,195.0,10.0,0.594,machine_pitch_candidate_not_verified_note
mort_aux_vaches_01,48,C3,195.0,1.5,0.52,machine_pitch_candidate_not_verified_note
mort_aux_vaches_01,58,Bb3,195.0,3.0,0.511,machine_pitch_candidate_not_verified_note
mort_aux_vaches_01,67,G4,195.5,1.5,0.354,machine_pitch_candidate_not_verified_note
mort_aux_vaches_01,70,Bb4,197.0,3.0,0.747,machine_pitch_candidate_not_verified_note
mort_aux_vaches_01,31,G1,197.5,1.5,0.366,machine_pitch_candidate_not_verified_note
mort_aux_vaches_01,36,C2,197.5,6.0,0.739,machine_pitch_candidate_not_verified_note
mort_aux_vaches_01,43,G2,197.5,4.5,0.549,machine_pitch_candidate_not_verified_note
mort_aux_vaches_01,34,Bb1,198.0,1.5,0.293,machine_pitch_candidate_not_verified_note
mort_aux_vaches_01,38,D2,198.0,2.0,0.924,machine_pitch_candidate_not_verified_note
mort_aux_vaches_01,77,F5,198.0,1.5,0.319,machine_pitch_candidate_not_verified_note
mort_aux_vaches_01,48,C3,201.5,3.0,0.953,machine_pitch_candidate_not_verified_note
mort_aux_vaches_01,77,F5,201.5,4.0,0.806,machine_pitch_candidate_not_verified_note
mort_aux_vaches_01,74,D5,202.0,2.0,0.347,machine_pitch_candidate_not_verified_note
mort_aux_vaches_01,31,G1,204.0,1.5,0.653,machine_pitch_candidate_not_verified_note
mort_aux_vaches_01,60,C4,204.0,1.5,0.603,machine_pitch_candidate_not_verified_note
mort_aux_vaches_01,38,D2,205.0,3.5,0.643,machine_pitch_candidate_not_verified_note
mort_aux_vaches_01,36,C2,206.0,5.5,0.739,machine_pitch_candidate_not_verified_note
mort_aux_vaches_01,77,F5,207.0,1.5,0.414,machine_pitch_candidate_not_verified_note
mort_aux_vaches_01,48,C3,208.5,3.5,0.532,machine_pitch_candidate_not_verified_note
mort_aux_vaches_01,77,F5,209.5,2.5,0.662,machine_pitch_candidate_not_verified_note
mort_aux_vaches_01,43,G2,210.0,9.0,0.845,machine_pitch_candidate_not_verified_note
mort_aux_vaches_01,72,C5,211.0,2.5,0.646,machine_pitch_candidate_not_verified_note
mort_aux_vaches_01,31,G1,212.5,1.5,0.568,machine_pitch_candidate_not_verified_note
mort_aux_vaches_01,38,D2,213.0,2.0,0.601,machine_pitch_candidate_not_verified_note
mort_aux_vaches_01,36,C2,214.5,1.5,0.506,machine_pitch_candidate_not_verified_note
mort_aux_vaches_01,41,F2,216.0,8.5,0.878,machine_pitch_candidate_not_verified_note
mort_aux_vaches_01,70,Bb4,217.5,3.0,0.35,machine_pitch_candidate_not_verified_note
mort_aux_vaches_01,38,D2,220.5,3.0,0.625,machine_pitch_candidate_not_verified_note
mort_aux_vaches_01,77,F5,222.0,8.0,0.62,machine_pitch_candidate_not_verified_note
mort_aux_vaches_01,70,Bb4,222.5,4.0,0.469,machine_pitch_candidate_not_verified_note
mort_aux_vaches_01,31,G1,223.0,2.5,0.484,machine_pitch_candidate_not_verified_note
mort_aux_vaches_01,36,C2,223.0,1.5,0.839,machine_pitch_candidate_not_verified_note
mort_aux_vaches_01,35,B1,223.5,1.5,0.324,machine_pitch_candidate_not_verified_note
mort_aux_vaches_01,48,C3,224.0,5.0,0.81,machine_pitch_candidate_not_verified_note
mort_aux_vaches_01,60,C4,225.5,3.0,0.766,machine_pitch_candidate_not_verified_note
mort_aux_vaches_01,43,G2,227.5,6.5,0.926,machine_pitch_candidate_not_verified_note
mort_aux_vaches_01,32,Ab1,228.0,1.5,0.812,machine_pitch_candidate_not_verified_note
mort_aux_vaches_01,72,C5,228.5,2.5,0.502,machine_pitch_candidate_not_verified_note
mort_aux_vaches_01,36,C2,229.5,1.5,0.409,machine_pitch_candidate_not_verified_note
mort_aux_vaches_01,60,C4,230.0,2.5,0.442,machine_pitch_candidate_not_verified_note
mort_aux_vaches_01,41,F2,233.0,8.5,0.906,machine_pitch_candidate_not_verified_note
mort_aux_vaches_01,44,Ab2,233.0,1.5,0.667,machine_pitch_candidate_not_verified_note
mort_aux_vaches_01,43,G2,235.0,2.0,0.498,machine_pitch_candidate_not_verified_note
mort_aux_vaches_01,70,Bb4,235.0,5.0,0.475,machine_pitch_candidate_not_verified_note
mort_aux_vaches_01,48,C3,240.0,1.5,0.888,machine_pitch_candidate_not_verified_note
mort_aux_vaches_01,36,C2,241.5,7.5,0.954,machine_pitch_candidate_not_verified_note
mort_aux_vaches_01,38,D2,241.5,2.0,0.461,machine_pitch_candidate_not_verified_note
mort_aux_vaches_01,77,F5,241.5,1.5,0.332,machine_pitch_candidate_not_verified_note
mort_aux_vaches_01,44,Ab2,242.5,1.5,0.47,machine_pitch_candidate_not_verified_note
mort_aux_vaches_01,31,G1,243.5,4.5,0.39,machine_pitch_candidate_not_verified_note
mort_aux_vaches_01,48,C3,245.0,2.5,0.686,machine_pitch_candidate_not_verified_note
mort_aux_vaches_01,43,G2,246.0,2.5,0.831,machine_pitch_candidate_not_verified_note
mort_aux_vaches_01,38,D2,248.5,3.5,0.661,machine_pitch_candidate_not_verified_note
mort_aux_vaches_01,36,C2,249.5,4.0,0.954,machine_pitch_candidate_not_verified_note
mort_aux_vaches_01,43,G2,249.5,1.5,0.487,machine_pitch_candidate_not_verified_note
mort_aux_vaches_01,31,G1,251.0,3.0,0.623,machine_pitch_candidate_not_verified_note
mort_aux_vaches_01,27,Eb1,252.5,1.5,0.375,machine_pitch_candidate_not_verified_note
mort_aux_vaches_01,48,C3,252.5,2.0,0.571,machine_pitch_candidate_not_verified_note
mort_aux_vaches_01,28,E1,253.0,1.5,0.398,machine_pitch_candidate_not_verified_note
mort_aux_vaches_01,43,G2,253.0,3.0,0.768,machine_pitch_candidate_not_verified_note
mort_aux_vaches_01,51,Eb3,254.0,1.5,0.317,machine_pitch_candidate_not_verified_note
mort_aux_vaches_01,38,D2,255.0,3.5,0.877,machine_pitch_candidate_not_verified_note
mort_aux_vaches_01,36,C2,256.5,8.0,0.867,machine_pitch_candidate_not_verified_note
mort_aux_vaches_01,44,Ab2,257.5,1.5,0.553,machine_pitch_candidate_not_verified_note
mort_aux_vaches_01,31,G1,258.5,4.0,0.549,machine_pitch_candidate_not_verified_note
mort_aux_vaches_01,48,C3,260.5,1.5,0.369,machine_pitch_candidate_not_verified_note
mort_aux_vaches_01,77,F5,261.0,2.0,0.462,machine_pitch_candidate_not_verified_note
mort_aux_vaches_01,38,D2,263.5,3.0,0.738,machine_pitch_candidate_not_verified_note
mort_aux_vaches_01,36,C2,265.0,2.5,0.732,machine_pitch_candidate_not_verified_note
mort_aux_vaches_01,55,G3,265.0,1.5,0.961,machine_pitch_candidate_not_verified_note
mort_aux_vaches_01,44,Ab2,265.5,2.0,0.397,machine_pitch_candidate_not_verified_note
mort_aux_vaches_01,31,G1,266.0,2.0,0.5,machine_pitch_candidate_not_verified_note
mort_aux_vaches_01,72,C5,267.0,4.5,0.354,machine_pitch_candidate_not_verified_note
mort_aux_vaches_01,68,Ab4,267.5,1.5,0.812,machine_pitch_candidate_not_verified_note
mort_aux_vaches_01,67,G4,268.5,1.5,0.835,machine_pitch_candidate_not_verified_note
mort_aux_vaches_01,41,F2,269.5,1.5,0.565,machine_pitch_candidate_not_verified_note
mort_aux_vaches_01,70,Bb4,269.5,5.0,0.934,machine_pitch_candidate_not_verified_note
mort_aux_vaches_01,38,D2,270.5,1.5,0.667,machine_pitch_candidate_not_verified_note
mort_aux_vaches_01,77,F5,271.5,1.5,0.858,machine_pitch_candidate_not_verified_note
mort_aux_vaches_01,48,C3,272.0,3.5,0.423,machine_pitch_candidate_not_verified_note
mort_aux_vaches_01,75,Eb5,272.5,1.5,0.485,machine_pitch_candidate_not_verified_note
mort_aux_vaches_01,74,D5,273.0,4.0,0.629,machine_pitch_candidate_not_verified_note
mort_aux_vaches_01,77,F5,274.0,8.5,0.721,machine_pitch_candidate_not_verified_note
mort_aux_vaches_01,70,Bb4,275.5,4.5,0.869,machine_pitch_candidate_not_verified_note
mort_aux_vaches_01,74,D5,277.5,2.0,0.42,machine_pitch_candidate_not_verified_note
mort_aux_vaches_01,72,C5,278.0,1.5,0.475,machine_pitch_candidate_not_verified_note
mort_aux_vaches_01,67,G4,278.5,1.5,0.406,machine_pitch_candidate_not_verified_note
mort_aux_vaches_01,43,G2,280.0,3.5,0.685,machine_pitch_candidate_not_verified_note
mort_aux_vaches_01,72,C5,280.0,7.0,0.722,machine_pitch_candidate_not_verified_note
mort_aux_vaches_01,69,A4,280.5,1.5,0.543,machine_pitch_candidate_not_verified_note
mort_aux_vaches_01,70,Bb4,283.0,6.5,0.859,machine_pitch_candidate_not_verified_note
mort_aux_vaches_01,41,F2,283.5,2.0,0.35,machine_pitch_candidate_not_verified_note
mort_aux_vaches_01,67,G4,283.5,3.5,0.572,machine_pitch_candidate_not_verified_note
mort_aux_vaches_01,48,C3,285.0,2.0,0.415,machine_pitch_candidate_not_verified_note
mort_aux_vaches_01,77,F5,288.0,7.0,0.893,machine_pitch_candidate_not_verified_note
mort_aux_vaches_01,48,C3,289.5,1.5,0.376,machine_pitch_candidate_not_verified_note
mort_aux_vaches_01,67,G4,292.5,2.0,0.313,machine_pitch_candidate_not_verified_note
mort_aux_vaches_01,70,Bb4,292.5,2.5,0.786,machine_pitch_candidate_not_verified_note
mort_aux_vaches_01,69,A4,293.0,3.0,0.749,machine_pitch_candidate_not_verified_note
mort_aux_vaches_01,72,C5,294.5,7.0,0.694,machine_pitch_candidate_not_verified_note
mort_aux_vaches_01,43,G2,296.0,1.5,0.507,machine_pitch_candidate_not_verified_note
mort_aux_vaches_01,67,G4,296.5,6.0,0.644,machine_pitch_candidate_not_verified_note
mort_aux_vaches_01,70,Bb4,296.5,7.0,0.856,machine_pitch_candidate_not_verified_note
mort_aux_vaches_01,41,F2,297.0,4.5,0.587,machine_pitch_candidate_not_verified_note
mort_aux_vaches_01,48,C3,297.0,5.5,0.642,machine_pitch_candidate_not_verified_note
mort_aux_vaches_01,65,F4,297.5,1.5,0.566,machine_pitch_candidate_not_verified_note
mort_aux_vaches_01,36,C2,299.5,2.0,0.357,machine_pitch_candidate_not_verified_note
mort_aux_vaches_01,77,F5,301.5,10.5,0.784,machine_pitch_candidate_not_verified_note
mort_aux_vaches_01,67,G4,304.0,6.0,0.744,machine_pitch_candidate_not_verified_note
mort_aux_vaches_01,38,D2,304.5,3.0,0.697,machine_pitch_candidate_not_verified_note
mort_aux_vaches_01,55,G3,305.0,1.5,0.317,machine_pitch_candidate_not_verified_note
mort_aux_vaches_01,75,Eb5,305.0,3.0,0.409,machine_pitch_candidate_not_verified_note
mort_aux_vaches_01,36,C2,305.5,5.5,0.487,machine_pitch_candidate_not_verified_note
mort_aux_vaches_01,41,F2,305.5,2.0,0.457,machine_pitch_candidate_not_verified_note
mort_aux_vaches_01,43,G2,305.5,3.0,0.584,machine_pitch_candidate_not_verified_note
mort_aux_vaches_01,72,C5,305.5,2.0,0.574,machine_pitch_candidate_not_verified_note
mort_aux_vaches_01,70,Bb4,306.0,4.0,0.767,machine_pitch_candidate_not_verified_note
mort_aux_vaches_01,74,D5,306.0,1.5,0.845,machine_pitch_candidate_not_verified_note
mort_aux_vaches_01,44,Ab2,306.5,1.5,0.398,machine_pitch_candidate_not_verified_note
mort_aux_vaches_01,44,Ab2,309.0,2.0,0.402,machine_pitch_candidate_not_verified_note
mort_aux_vaches_01,72,C5,309.5,8.0,0.805,machine_pitch_candidate_not_verified_note
mort_aux_vaches_01,38,D2,310.0,2.0,0.41,machine_pitch_candidate_not_verified_note
mort_aux_vaches_01,43,G2,310.5,1.5,0.411,machine_pitch_candidate_not_verified_note
mort_aux_vaches_01,41,F2,313.0,1.5,0.43,machine_pitch_candidate_not_verified_note
mort_aux_vaches_01,69,A4,313.5,3.5,0.737,machine_pitch_candidate_not_verified_note
mort_aux_vaches_01,41,F2,315.5,1.5,0.832,machine_pitch_candidate_not_verified_note
mort_aux_vaches_01,67,G4,315.5,4.0,0.76,machine_pitch_candidate_not_verified_note
mort_aux_vaches_01,31,G1,317.0,2.5,0.475,machine_pitch_candidate_not_verified_note
mort_aux_vaches_01,35,B1,317.0,2.0,0.655,machine_pitch_candidate_not_verified_note
mort_aux_vaches_01,43,G2,317.0,3.0,0.523,machine_pitch_candidate_not_verified_note
mort_aux_vaches_01,25,C#1,317.5,1.5,0.482,machine_pitch_candidate_not_verified_note
mort_aux_vaches_01,32,Ab1,317.5,1.5,0.33,machine_pitch_candidate_not_verified_note
mort_aux_vaches_01,36,C2,317.5,7.0,0.806,machine_pitch_candidate_not_verified_note
mort_aux_vaches_01,41,F2,317.5,3.5,0.617,machine_pitch_candidate_not_verified_note
mort_aux_vaches_01,38,D2,318.0,1.5,0.5,machine_pitch_candidate_not_verified_note
mort_aux_vaches_01,28,E1,319.0,1.5,0.435,machine_pitch_candidate_not_verified_note
mort_aux_vaches_01,42,F#2,319.5,2.0,0.442,machine_pitch_candidate_not_verified_note
mort_aux_vaches_01,29,F1,321.0,1.5,0.733,machine_pitch_candidate_not_verified_note
mort_aux_vaches_01,77,F5,321.0,1.5,0.494,machine_pitch_candidate_not_verified_note
mort_aux_vaches_01,31,G1,321.5,4.5,0.531,machine_pitch_candidate_not_verified_note
mort_aux_vaches_01,25,C#1,322.0,1.5,0.427,machine_pitch_candidate_not_verified_note
mort_aux_vaches_01,43,G2,322.0,2.0,0.323,machine_pitch_candidate_not_verified_note
mort_aux_vaches_01,28,E1,322.5,1.5,0.327,machine_pitch_candidate_not_verified_note
mort_aux_vaches_01,38,D2,323.0,2.5,0.846,machine_pitch_candidate_not_verified_note
mort_aux_vaches_01,74,D5,323.5,1.5,0.641,machine_pitch_candidate_not_verified_note
mort_aux_vaches_01,36,C2,325.0,3.0,0.913,machine_pitch_candidate_not_verified_note
mort_aux_vaches_01,25,C#1,327.0,2.0,0.794,machine_pitch_candidate_not_verified_note
mort_aux_vaches_01,77,F5,327.0,1.5,0.379,machine_pitch_candidate_not_verified_note
mort_aux_vaches_01,42,F#2,328.0,2.0,0.5,machine_pitch_candidate_not_verified_note
mort_aux_vaches_01,41,F2,328.5,6.5,0.553,machine_pitch_candidate_not_verified_note
mort_aux_vaches_01,36,C2,329.0,3.0,0.895,machine_pitch_candidate_not_verified_note
mort_aux_vaches_01,27,Eb1,330.0,1.5,0.634,machine_pitch_candidate_not_verified_note
mort_aux_vaches_01,43,G2,331.5,6.0,0.611,machine_pitch_candidate_not_verified_note
mort_aux_vaches_01,27,Eb1,332.0,1.5,0.772,machine_pitch_candidate_not_verified_note
mort_aux_vaches_01,36,C2,333.0,7.5,0.847,machine_pitch_candidate_not_verified_note
mort_aux_vaches_01,67,G4,334.0,2.5,0.404,machine_pitch_candidate_not_verified_note
mort_aux_vaches_01,25,C#1,335.0,1.5,0.624,machine_pitch_candidate_not_verified_note
mort_aux_vaches_01,31,G1,335.0,1.5,0.789,machine_pitch_candidate_not_verified_note
mort_aux_vaches_01,27,Eb1,336.0,1.5,0.714,machine_pitch_candidate_not_verified_note
mort_aux_vaches_01,38,D2,336.5,2.0,0.669,machine_pitch_candidate_not_verified_note
mort_aux_vaches_01,25,C#1,337.0,2.0,0.757,machine_pitch_candidate_not_verified_note
mort_aux_vaches_01,31,G1,337.5,3.0,0.635,machine_pitch_candidate_not_verified_note
mort_aux_vaches_01,41,F2,339.0,11.0,0.673,machine_pitch_candidate_not_verified_note
mort_aux_vaches_01,42,F#2,339.0,1.5,0.46,machine_pitch_candidate_not_verified_note
mort_aux_vaches_01,25,C#1,340.0,2.5,0.751,machine_pitch_candidate_not_verified_note
mort_aux_vaches_01,40,E2,340.0,1.5,0.307,machine_pitch_candidate_not_verified_note
mort_aux_vaches_01,43,G2,340.5,3.5,0.515,machine_pitch_candidate_not_verified_note
mort_aux_vaches_01,36,C2,341.5,6.0,0.834,machine_pitch_candidate_not_verified_note
mort_aux_vaches_01,28,E1,342.0,1.5,0.652,machine_pitch_candidate_not_verified_note
mort_aux_vaches_01,38,D2,342.0,2.0,0.404,machine_pitch_candidate_not_verified_note
mort_aux_vaches_01,31,G1,342.5,1.5,0.47,machine_pitch_candidate_not_verified_note
mort_aux_vaches_01,38,D2,344.5,1.5,0.481,machine_pitch_candidate_not_verified_note
mort_aux_vaches_01,43,G2,344.5,2.0,0.559,machine_pitch_candidate_not_verified_note
mort_aux_vaches_01,67,G4,345.5,2.0,0.495,machine_pitch_candidate_not_verified_note
mort_aux_vaches_01,31,G1,347.0,3.0,0.757,machine_pitch_candidate_not_verified_note
mort_aux_vaches_01,35,B1,347.0,3.0,0.462,machine_pitch_candidate_not_verified_note
mort_aux_vaches_01,36,C2,348.0,2.0,0.757,machine_pitch_candidate_not_verified_note
mort_aux_vaches_01,43,G2,349.0,3.5,0.744,machine_pitch_candidate_not_verified_note
mort_aux_vaches_01,25,C#1,349.5,2.5,0.861,machine_pitch_candidate_not_verified_note
mort_aux_vaches_01,31,G1,350.5,1.5,0.444,machine_pitch_candidate_not_verified_note
mort_aux_vaches_01,35,B1,352.0,2.0,0.385,machine_pitch_candidate_not_verified_note
mort_aux_vaches_01,29,F1,352.5,1.5,0.938,machine_pitch_candidate_not_verified_note
mort_aux_vaches_01,31,G1,352.5,7.0,0.702,machine_pitch_candidate_not_verified_note
mort_aux_vaches_01,36,C2,352.5,2.0,0.667,machine_pitch_candidate_not_verified_note
mort_aux_vaches_01,25,C#1,353.5,1.5,0.56,machine_pitch_candidate_not_verified_note
mort_aux_vaches_01,28,E1,354.5,1.5,0.799,machine_pitch_candidate_not_verified_note
mort_aux_vaches_01,36,C2,355.0,3.5,0.673,machine_pitch_candidate_not_verified_note
mort_aux_vaches_01,41,F2,355.5,2.0,0.61,machine_pitch_candidate_not_verified_note
mort_aux_vaches_01,25,C#1,356.0,3.5,0.789,machine_pitch_candidate_not_verified_note
mort_aux_vaches_01,28,E1,357.5,3.0,0.52,machine_pitch_candidate_not_verified_note
mort_aux_vaches_01,41,F2,359.0,4.0,0.804,machine_pitch_candidate_not_verified_note
mort_aux_vaches_01,40,E2,360.0,2.0,0.477,machine_pitch_candidate_not_verified_note
mort_aux_vaches_01,25,C#1,360.5,1.5,0.367,machine_pitch_candidate_not_verified_note
mort_aux_vaches_01,31,G1,360.5,7.0,0.762,machine_pitch_candidate_not_verified_note
mort_aux_vaches_01,36,C2,362.5,2.0,0.741,machine_pitch_candidate_not_verified_note
mort_aux_vaches_01,43,G2,363.0,5.0,0.739,machine_pitch_candidate_not_verified_note
mort_aux_vaches_01,39,Eb2,364.5,3.0,0.703,machine_pitch_candidate_not_verified_note
mort_aux_vaches_01,25,C#1,366.5,2.0,0.732,machine_pitch_candidate_not_verified_note
mort_aux_vaches_01,41,F2,367.5,3.5,0.782,machine_pitch_candidate_not_verified_note
mort_aux_vaches_01,43,G2,368.5,3.0,0.489,machine_pitch_candidate_not_verified_note
mort_aux_vaches_01,31,G1,369.0,6.0,0.882,machine_pitch_candidate_not_verified_note
mort_aux_vaches_01,40,E2,369.5,1.5,0.402,machine_pitch_candidate_not_verified_note
mort_aux_vaches_01,28,E1,372.0,2.0,0.585,machine_pitch_candidate_not_verified_note
mort_aux_vaches_01,25,C#1,373.0,1.5,0.396,machine_pitch_candidate_not_verified_note
mort_aux_vaches_01,29,F1,373.5,2.5,0.739,machine_pitch_candidate_not_verified_note
mort_aux_vaches_01,36,C2,373.5,4.0,0.845,machine_pitch_candidate_not_verified_note
mort_aux_vaches_01,41,F2,374.5,3.0,0.779,machine_pitch_candidate_not_verified_note
mort_aux_vaches_01,25,C#1,375.0,2.0,0.511,machine_pitch_candidate_not_verified_note
mort_aux_vaches_01,43,G2,376.5,5.5,0.78,machine_pitch_candidate_not_verified_note
mort_aux_vaches_01,39,Eb2,377.0,3.5,0.536,machine_pitch_candidate_not_verified_note
mort_aux_vaches_01,36,C2,378.0,1.5,0.856,machine_pitch_candidate_not_verified_note
mort_aux_vaches_01,25,C#1,380.0,2.5,0.703,machine_pitch_candidate_not_verified_note
mort_aux_vaches_01,27,Eb1,380.0,2.5,0.62,machine_pitch_candidate_not_verified_note
mort_aux_vaches_01,41,F2,381.0,3.0,0.933,machine_pitch_candidate_not_verified_note
mort_aux_vaches_01,36,C2,382.5,2.0,0.415,machine_pitch_candidate_not_verified_note
mort_aux_vaches_01,40,E2,382.5,4.0,0.653,machine_pitch_candidate_not_verified_note
mort_aux_vaches_01,31,G1,383.0,3.0,0.874,machine_pitch_candidate_not_verified_note
mort_aux_vaches_01,29,F1,384.0,1.5,0.412,machine_pitch_candidate_not_verified_note
mort_aux_vaches_01,41,F2,384.5,2.0,0.483,machine_pitch_candidate_not_verified_note
mort_aux_vaches_01,29,F1,386.0,1.5,0.581,machine_pitch_candidate_not_verified_note
mort_aux_vaches_01,43,G2,386.0,4.0,0.828,machine_pitch_candidate_not_verified_note
mort_aux_vaches_01,36,C2,388.5,4.0,0.906,machine_pitch_candidate_not_verified_note
mort_aux_vaches_01,25,C#1,389.0,2.0,0.595,machine_pitch_candidate_not_verified_note
mort_aux_vaches_01,29,F1,389.0,2.5,0.555,machine_pitch_candidate_not_verified_note
mort_aux_vaches_01,28,E1,390.0,2.5,0.45,machine_pitch_candidate_not_verified_note
mort_aux_vaches_01,26,D1,391.5,1.5,0.43,machine_pitch_candidate_not_verified_note
mort_aux_vaches_01,25,C#1,392.0,2.0,0.84,machine_pitch_candidate_not_verified_note
mort_aux_vaches_01,31,G1,392.0,1.5,0.68,machine_pitch_candidate_not_verified_note
mort_aux_vaches_01,35,B1,392.5,4.5,0.657,machine_pitch_candidate_not_verified_note
mort_aux_vaches_01,41,F2,392.5,2.5,0.451,machine_pitch_candidate_not_verified_note
mort_aux_vaches_01,38,D2,393.0,1.5,0.381,machine_pitch_candidate_not_verified_note
mort_aux_vaches_01,36,C2,393.5,1.5,0.669,machine_pitch_candidate_not_verified_note
mort_aux_vaches_01,43,G2,393.5,1.5,0.77,machine_pitch_candidate_not_verified_note
mort_aux_vaches_01,28,E1,395.0,2.0,0.583,machine_pitch_candidate_not_verified_note
mort_aux_vaches_01,31,G1,395.0,6.0,0.686,machine_pitch_candidate_not_verified_note
mort_aux_vaches_01,36,C2,395.5,3.0,0.672,machine_pitch_candidate_not_verified_note
mort_aux_vaches_01,41,F2,395.5,2.0,0.846,machine_pitch_candidate_not_verified_note
mort_aux_vaches_01,25,C#1,396.0,1.5,0.466,machine_pitch_candidate_not_verified_note
mort_aux_vaches_01,27,Eb1,397.0,2.0,0.381,machine_pitch_candidate_not_verified_note
mort_aux_vaches_01,38,D2,397.5,1.5,0.649,machine_pitch_candidate_not_verified_note
mort_aux_vaches_01,25,C#1,398.0,6.0,0.532,machine_pitch_candidate_not_verified_note
mort_aux_vaches_01,29,F1,398.5,2.0,0.898,machine_pitch_candidate_not_verified_note
mort_aux_vaches_01,36,C2,399.0,3.5,0.811,machine_pitch_candidate_not_verified_note
mort_aux_vaches_01,40,E2,399.5,2.5,0.745,machine_pitch_candidate_not_verified_note
mort_aux_vaches_01,41,F2,399.5,6.0,0.785,machine_pitch_candidate_not_verified_note
mort_aux_vaches_01,27,Eb1,401.0,1.5,0.456,machine_pitch_candidate_not_verified_note
mort_aux_vaches_01,40,E2,403.5,2.0,0.518,machine_pitch_candidate_not_verified_note
mort_aux_vaches_01,36,C2,405.0,7.5,0.778,machine_pitch_candidate_not_verified_note
mort_aux_vaches_01,31,G1,406.5,4.5,0.572,machine_pitch_candidate_not_verified_note
mort_aux_vaches_01,41,F2,406.5,2.0,0.539,machine_pitch_candidate_not_verified_note
mort_aux_vaches_01,29,F1,407.0,1.5,0.524,machine_pitch_candidate_not_verified_note
mort_aux_vaches_01,28,E1,407.5,2.5,0.978,machine_pitch_candidate_not_verified_note
mort_aux_vaches_01,42,F#2,407.5,1.5,0.667,machine_pitch_candidate_not_verified_note
mort_aux_vaches_01,25,C#1,408.5,2.0,0.712,machine_pitch_candidate_not_verified_note
mort_aux_vaches_01,29,F1,409.5,2.0,0.631,machine_pitch_candidate_not_verified_note
mort_aux_vaches_01,41,F2,409.5,1.5,0.662,machine_pitch_candidate_not_verified_note
mort_aux_vaches_01,46,Bb2,411.0,1.5,0.512,machine_pitch_candidate_not_verified_note
mort_aux_vaches_01,29,F1,412.0,1.5,0.639,machine_pitch_candidate_not_verified_note
mort_aux_vaches_01,31,G1,412.0,3.0,0.601,machine_pitch_candidate_not_verified_note
mort_aux_vaches_01,41,F2,412.0,8.0,0.864,machine_pitch_candidate_not_verified_note
mort_aux_vaches_01,36,C2,413.5,8.5,0.617,machine_pitch_candidate_not_verified_note
mort_aux_vaches_01,25,C#1,414.0,3.0,0.668,machine_pitch_candidate_not_verified_note
mort_aux_vaches_01,28,E1,415.0,3.5,0.47,machine_pitch_candidate_not_verified_note
mort_aux_vaches_01,27,Eb1,416.0,2.0,0.382,machine_pitch_candidate_not_verified_note
mort_aux_vaches_01,43,G2,416.0,1.5,0.606,machine_pitch_candidate_not_verified_note
mort_aux_vaches_01,40,E2,416.5,1.5,0.467,machine_pitch_candidate_not_verified_note
mort_aux_vaches_01,31,G1,417.5,3.0,0.492,machine_pitch_candidate_not_verified_note
mort_aux_vaches_01,25,C#1,418.5,1.5,0.879,machine_pitch_candidate_not_verified_note
mort_aux_vaches_01,46,Bb2,419.5,3.0,0.84,machine_pitch_candidate_not_verified_note
mort_aux_vaches_01,41,F2,420.5,3.0,0.852,machine_pitch_candidate_not_verified_note
mort_aux_vaches_01,25,C#1,422.0,1.5,0.361,machine_pitch_candidate_not_verified_note
mort_aux_vaches_01,40,E2,423.0,2.0,0.637,machine_pitch_candidate_not_verified_note
mort_aux_vaches_01,29,F1,424.0,1.5,0.697,machine_pitch_candidate_not_verified_note
mort_aux_vaches_01,46,Bb2,424.0,1.5,0.874,machine_pitch_candidate_not_verified_note
mort_aux_vaches_01,25,C#1,424.5,2.5,0.732,machine_pitch_candidate_not_verified_note
mort_aux_vaches_01,53,F3,427.0,1.5,0.892,machine_pitch_candidate_not_verified_note
mort_aux_vaches_01,30,F#1,428.0,1.5,0.805,machine_pitch_candidate_not_verified_note
mort_aux_vaches_01,43,G2,428.0,1.5,0.751,machine_pitch_candidate_not_verified_note
mort_aux_vaches_01,31,G1,429.5,1.5,0.344,machine_pitch_candidate_not_verified_note
mort_aux_vaches_01,36,C2,429.5,2.5,0.755,machine_pitch_candidate_not_verified_note
mort_aux_vaches_01,38,D2,429.5,2.0,0.718,machine_pitch_candidate_not_verified_note
mort_aux_vaches_01,30,F#1,430.5,2.5,0.566,machine_pitch_candidate_not_verified_note
mort_aux_vaches_01,40,E2,430.5,1.5,0.607,machine_pitch_candidate_not_verified_note
mort_aux_vaches_01,41,F2,430.5,1.5,0.362,machine_pitch_candidate_not_verified_note
mort_aux_vaches_01,49,C#3,430.5,1.5,0.966,machine_pitch_candidate_not_verified_note
mort_aux_vaches_01,25,C#1,431.0,4.5,0.692,machine_pitch_candidate_not_verified_note
mort_aux_vaches_01,29,F1,431.5,1.5,0.479,machine_pitch_candidate_not_verified_note
mort_aux_vaches_01,53,F3,433.0,10.5,0.716,machine_pitch_candidate_not_verified_note
mort_aux_vaches_01,30,F#1,434.0,2.5,0.677,machine_pitch_candidate_not_verified_note
mort_aux_vaches_01,41,F2,434.5,2.0,0.46,machine_pitch_candidate_not_verified_note
mort_aux_vaches_01,49,C#3,435.5,4.0,0.435,machine_pitch_candidate_not_verified_note
mort_aux_vaches_01,27,Eb1,436.0,2.5,0.764,machine_pitch_candidate_not_verified_note
mort_aux_vaches_01,28,E1,438.0,2.5,0.604,machine_pitch_candidate_not_verified_note
mort_aux_vaches_01,25,C#1,438.5,1.5,0.533,machine_pitch_candidate_not_verified_note
mort_aux_vaches_01,41,F2,438.5,1.5,0.52,machine_pitch_candidate_not_verified_note
mort_aux_vaches_01,44,Ab2,438.5,1.5,0.523,machine_pitch_candidate_not_verified_note
mort_aux_vaches_01,30,F#1,439.0,4.5,0.797,machine_pitch_candidate_not_verified_note
mort_aux_vaches_01,27,Eb1,440.0,1.5,0.5,machine_pitch_candidate_not_verified_note
mort_aux_vaches_01,25,C#1,441.0,2.0,0.594,machine_pitch_candidate_not_verified_note
mort_aux_vaches_01,27,Eb1,442.5,2.0,0.969,machine_pitch_candidate_not_verified_note
mort_aux_vaches_01,41,F2,443.0,1.5,0.432,machine_pitch_candidate_not_verified_note
mort_aux_vaches_01,49,C#3,443.0,1.5,0.813,machine_pitch_candidate_not_verified_note
mort_aux_vaches_01,26,D1,443.5,1.5,0.958,machine_pitch_candidate_not_verified_note
mort_aux_vaches_01,34,Bb1,444.0,1.5,0.891,machine_pitch_candidate_not_verified_note
mort_aux_vaches_01,25,C#1,444.5,5.0,0.672,machine_pitch_candidate_not_verified_note
mort_aux_vaches_01,31,G1,444.5,1.5,0.543,machine_pitch_candidate_not_verified_note
mort_aux_vaches_01,53,F3,444.5,5.0,0.769,machine_pitch_candidate_not_verified_note
mort_aux_vaches_01,54,F#3,444.5,3.0,0.436,machine_pitch_candidate_not_verified_note
mort_aux_vaches_01,27,Eb1,445.0,2.5,0.505,machine_pitch_candidate_not_verified_note
mort_aux_vaches_01,26,D1,447.0,1.5,0.681,machine_pitch_candidate_not_verified_note
mort_aux_vaches_01,29,F1,447.0,1.5,0.501,machine_pitch_candidate_not_verified_note
mort_aux_vaches_01,43,G2,447.0,1.5,0.511,machine_pitch_candidate_not_verified_note
mort_aux_vaches_01,46,Bb2,447.5,3.5,0.545,machine_pitch_candidate_not_verified_note
mort_aux_vaches_01,30,F#1,448.0,2.0,0.847,machine_pitch_candidate_not_verified_note
mort_aux_vaches_01,35,B1,448.0,4.0,0.511,machine_pitch_candidate_not_verified_note
mort_aux_vaches_01,41,F2,448.0,3.0,0.62,machine_pitch_candidate_not_verified_note
mort_aux_vaches_01,31,G1,449.0,1.5,0.667,machine_pitch_candidate_not_verified_note
mort_aux_vaches_01,34,Bb1,449.0,1.5,0.439,machine_pitch_candidate_not_verified_note
mort_aux_vaches_01,32,Ab1,450.0,3.0,0.946,machine_pitch_candidate_not_verified_note
mort_aux_vaches_01,25,C#1,450.5,2.0,0.719,machine_pitch_candidate_not_verified_note
mort_aux_vaches_01,31,G1,452.5,4.0,0.716,machine_pitch_candidate_not_verified_note
mort_aux_vaches_01,25,C#1,453.0,1.5,0.343,machine_pitch_candidate_not_verified_note
mort_aux_vaches_01,44,Ab2,453.0,1.5,0.762,machine_pitch_candidate_not_verified_note
mort_aux_vaches_01,32,Ab1,454.0,97.5,0.838,machine_pitch_candidate_not_verified_note
mort_aux_vaches_01,50,D3,454.5,2.0,0.366,machine_pitch_candidate_not_verified_note
mort_aux_vaches_01,31,G1,457.0,11.0,0.8,machine_pitch_candidate_not_verified_note
mort_aux_vaches_01,27,Eb1,465.0,1.5,0.52,machine_pitch_candidate_not_verified_note
mort_aux_vaches_01,27,Eb1,468.0,1.5,0.688,machine_pitch_candidate_not_verified_note
mort_aux_vaches_01,31,G1,468.5,3.0,0.704,machine_pitch_candidate_not_verified_note
mort_aux_vaches_01,25,C#1,469.5,2.0,0.469,machine_pitch_candidate_not_verified_note
mort_aux_vaches_01,31,G1,472.0,7.5,0.865,machine_pitch_candidate_not_verified_note
mort_aux_vaches_01,26,D1,474.5,1.5,0.643,machine_pitch_candidate_not_verified_note
mort_aux_vaches_01,38,D2,475.5,1.5,0.453,machine_pitch_candidate_not_verified_note
mort_aux_vaches_01,27,Eb1,476.0,2.0,0.604,machine_pitch_candidate_not_verified_note
mort_aux_vaches_01,31,G1,480.5,3.0,0.728,machine_pitch_candidate_not_verified_note
mort_aux_vaches_01,43,G2,480.5,1.5,0.427,machine_pitch_candidate_not_verified_note
mort_aux_vaches_01,43,G2,483.5,1.5,0.804,machine_pitch_candidate_not_verified_note
mort_aux_vaches_01,27,Eb1,484.0,2.0,0.383,machine_pitch_candidate_not_verified_note
mort_aux_vaches_01,44,Ab2,484.0,1.5,0.515,machine_pitch_candidate_not_verified_note
mort_aux_vaches_01,31,G1,484.5,11.5,0.791,machine_pitch_candidate_not_verified_note
mort_aux_vaches_01,25,C#1,485.0,1.5,0.323,machine_pitch_candidate_not_verified_note
mort_aux_vaches_01,25,C#1,487.0,2.0,0.372,machine_pitch_candidate_not_verified_note
mort_aux_vaches_01,34,Bb1,493.5,1.5,0.417,machine_pitch_candidate_not_verified_note
mort_aux_vaches_01,35,B1,493.5,6.0,0.638,machine_pitch_candidate_not_verified_note
mort_aux_vaches_01,29,F1,495.5,1.5,0.538,machine_pitch_candidate_not_verified_note
mort_aux_vaches_01,30,F#1,496.0,3.0,0.636,machine_pitch_candidate_not_verified_note
mort_aux_vaches_01,31,G1,496.5,1.5,0.673,machine_pitch_candidate_not_verified_note
mort_aux_vaches_01,34,Bb1,498.0,1.5,0.353,machine_pitch_candidate_not_verified_note
mort_aux_vaches_01,27,Eb1,500.0,1.5,0.489,machine_pitch_candidate_not_verified_note
mort_aux_vaches_01,31,G1,500.0,1.5,0.583,machine_pitch_candidate_not_verified_note
mort_aux_vaches_01,30,F#1,502.5,1.5,0.869,machine_pitch_candidate_not_verified_note
mort_aux_vaches_01,31,G1,502.5,58.0,0.88,machine_pitch_candidate_not_verified_note
mort_aux_vaches_01,35,B1,502.5,1.5,0.362,machine_pitch_candidate_not_verified_note
mort_aux_vaches_01,35,B1,505.5,4.0,0.511,machine_pitch_candidate_not_verified_note
mort_aux_vaches_01,27,Eb1,506.5,3.0,0.395,machine_pitch_candidate_not_verified_note
mort_aux_vaches_01,30,F#1,507.0,1.5,0.367,machine_pitch_candidate_not_verified_note
mort_aux_vaches_01,38,D2,508.0,1.5,0.337,machine_pitch_candidate_not_verified_note
mort_aux_vaches_01,43,G2,508.0,1.5,0.426,machine_pitch_candidate_not_verified_note
mort_aux_vaches_01,35,B1,516.0,2.5,0.737,machine_pitch_candidate_not_verified_note
mort_aux_vaches_01,34,Bb1,520.5,2.0,0.594,machine_pitch_candidate_not_verified_note
mort_aux_vaches_01,35,B1,520.5,3.0,0.79,machine_pitch_candidate_not_verified_note
mort_aux_vaches_01,29,F1,521.5,1.5,0.31,machine_pitch_candidate_not_verified_note
mort_aux_vaches_01,34,Bb1,525.5,2.0,0.324,machine_pitch_candidate_not_verified_note
mort_aux_vaches_01,35,B1,525.5,2.5,0.579,machine_pitch_candidate_not_verified_note
mort_aux_vaches_01,25,C#1,542.0,1.5,0.463,machine_pitch_candidate_not_verified_note
mort_aux_vaches_01,43,G2,542.0,2.5,0.554,machine_pitch_candidate_not_verified_note
mort_aux_vaches_01,51,Eb3,542.0,2.0,0.676,machine_pitch_candidate_not_verified_note
mort_aux_vaches_01,32,Ab1,552.0,6.5,0.756,machine_pitch_candidate_not_verified_note
mort_aux_vaches_01,51,Eb3,552.0,1.5,0.338,machine_pitch_candidate_not_verified_note
mort_aux_vaches_01,36,C2,554.0,1.5,0.372,machine_pitch_candidate_not_verified_note
mort_aux_vaches_01,51,Eb3,556.5,2.0,0.419,machine_pitch_candidate_not_verified_note
mort_aux_vaches_01,32,Ab1,559.0,6.5,0.874,machine_pitch_candidate_not_verified_note
mort_aux_vaches_01,31,G1,561.5,12.5,0.902,machine_pitch_candidate_not_verified_note
mort_aux_vaches_01,32,Ab1,566.5,159.5,0.869,machine_pitch_candidate_not_verified_note
mort_aux_vaches_01,31,G1,574.5,15.5,0.838,machine_pitch_candidate_not_verified_note
mort_aux_vaches_01,35,B1,579.0,2.5,0.538,machine_pitch_candidate_not_verified_note
mort_aux_vaches_01,51,Eb3,579.0,2.5,0.537,machine_pitch_candidate_not_verified_note
mort_aux_vaches_01,31,G1,590.5,14.0,0.544,machine_pitch_candidate_not_verified_note
mort_aux_vaches_01,51,Eb3,590.5,1.5,0.569,machine_pitch_candidate_not_verified_note
mort_aux_vaches_01,35,B1,600.5,5.5,0.59,machine_pitch_candidate_not_verified_note
mort_aux_vaches_01,34,Bb1,602.0,1.5,0.479,machine_pitch_candidate_not_verified_note
mort_aux_vaches_01,30,F#1,604.5,4.0,0.749,machine_pitch_candidate_not_verified_note
mort_aux_vaches_01,29,F1,606.5,1.5,0.477,machine_pitch_candidate_not_verified_note
mort_aux_vaches_01,35,B1,606.5,4.0,0.455,machine_pitch_candidate_not_verified_note
mort_aux_vaches_01,31,G1,607.5,2.5,0.495,machine_pitch_candidate_not_verified_note
mort_aux_vaches_01,30,F#1,610.0,3.0,0.79,machine_pitch_candidate_not_verified_note
mort_aux_vaches_01,35,B1,611.5,1.5,0.41,machine_pitch_candidate_not_verified_note
mort_aux_vaches_01,31,G1,613.0,3.5,0.765,machine_pitch_candidate_not_verified_note
mort_aux_vaches_01,34,Bb1,613.5,1.5,0.374,machine_pitch_candidate_not_verified_note
mort_aux_vaches_01,35,B1,613.5,1.5,0.531,machine_pitch_candidate_not_verified_note
mort_aux_vaches_01,35,B1,616.0,2.0,0.625,machine_pitch_candidate_not_verified_note
mort_aux_vaches_01,30,F#1,616.5,1.5,0.697,machine_pitch_candidate_not_verified_note
mort_aux_vaches_01,31,G1,617.0,12.5,0.858,machine_pitch_candidate_not_verified_note
mort_aux_vaches_01,35,B1,624.5,3.5,0.633,machine_pitch_candidate_not_verified_note
mort_aux_vaches_01,34,Bb1,625.0,1.5,0.659,machine_pitch_candidate_not_verified_note
mort_aux_vaches_01,34,Bb1,629.0,2.0,0.583,machine_pitch_candidate_not_verified_note
mort_aux_vaches_01,35,B1,629.0,3.0,0.921,machine_pitch_candidate_not_verified_note
mort_aux_vaches_01,31,G1,631.5,19.5,0.871,machine_pitch_candidate_not_verified_note
mort_aux_vaches_01,35,B1,634.0,2.0,0.496,machine_pitch_candidate_not_verified_note
mort_aux_vaches_01,51,Eb3,644.5,2.5,0.679,machine_pitch_candidate_not_verified_note
mort_aux_vaches_01,31,G1,651.5,11.5,0.745,machine_pitch_candidate_not_verified_note
mort_aux_vaches_01,51,Eb3,656.5,3.5,0.389,machine_pitch_candidate_not_verified_note
mort_aux_vaches_01,27,Eb1,657.5,1.5,0.497,machine_pitch_candidate_not_verified_note
mort_aux_vaches_01,50,D3,657.5,1.5,0.402,machine_pitch_candidate_not_verified_note
mort_aux_vaches_01,43,G2,658.0,1.5,0.312,machine_pitch_candidate_not_verified_note
mort_aux_vaches_01,31,G1,664.0,5.0,0.689,machine_pitch_candidate_not_verified_note
mort_aux_vaches_01,31,G1,669.5,9.5,0.739,machine_pitch_candidate_not_verified_note
mort_aux_vaches_01,31,G1,680.5,3.5,0.549,machine_pitch_candidate_not_verified_note
mort_aux_vaches_01,31,G1,687.0,5.5,0.886,machine_pitch_candidate_not_verified_note
mort_aux_vaches_01,31,G1,693.0,4.5,0.823,machine_pitch_candidate_not_verified_note
mort_aux_vaches_01,31,G1,698.5,10.0,0.688,machine_pitch_candidate_not_verified_note
mort_aux_vaches_01,31,G1,709.0,2.5,0.781,machine_pitch_candidate_not_verified_note
mort_aux_vaches_01,28,E1,711.0,1.5,0.335,machine_pitch_candidate_not_verified_note
mort_aux_vaches_01,31,G1,712.0,3.0,0.849,machine_pitch_candidate_not_verified_note
mort_aux_vaches_01,31,G1,716.0,17.0,0.782,machine_pitch_candidate_not_verified_note
mort_aux_vaches_01,32,Ab1,726.5,31.5,0.757,machine_pitch_candidate_not_verified_note
mort_aux_vaches_01,34,Bb1,728.5,2.0,0.55,machine_pitch_candidate_not_verified_note
mort_aux_vaches_01,35,B1,728.5,2.0,0.98,machine_pitch_candidate_not_verified_note
mort_aux_vaches_01,34,Bb1,733.0,1.5,0.542,machine_pitch_candidate_not_verified_note
mort_aux_vaches_01,35,B1,733.0,2.5,0.867,machine_pitch_candidate_not_verified_note
mort_aux_vaches_01,31,G1,733.5,5.5,0.647,machine_pitch_candidate_not_verified_note
mort_aux_vaches_01,34,Bb1,736.0,2.0,0.476,machine_pitch_candidate_not_verified_note
mort_aux_vaches_01,35,B1,736.5,2.0,0.825,machine_pitch_candidate_not_verified_note
mort_aux_vaches_01,51,Eb3,739.5,1.5,0.488,machine_pitch_candidate_not_verified_note
mort_aux_vaches_01,31,G1,740.0,2.0,0.499,machine_pitch_candidate_not_verified_note
mort_aux_vaches_01,30,F#1,740.5,2.5,0.629,machine_pitch_candidate_not_verified_note
mort_aux_vaches_01,34,Bb1,741.0,1.5,0.898,machine_pitch_candidate_not_verified_note
mort_aux_vaches_01,35,B1,741.0,2.0,0.692,machine_pitch_candidate_not_verified_note
mort_aux_vaches_01,31,G1,742.5,5.5,0.704,machine_pitch_candidate_not_verified_note
mort_aux_vaches_01,34,Bb1,743.5,2.0,0.519,machine_pitch_candidate_not_verified_note
mort_aux_vaches_01,35,B1,743.5,2.0,1.0,machine_pitch_candidate_not_verified_note
mort_aux_vaches_01,34,Bb1,748.0,1.5,0.467,machine_pitch_candidate_not_verified_note
mort_aux_vaches_01,35,B1,748.0,2.5,0.865,machine_pitch_candidate_not_verified_note
mort_aux_vaches_01,31,G1,748.5,5.5,0.649,machine_pitch_candidate_not_verified_note
mort_aux_vaches_01,34,Bb1,751.0,2.0,0.448,machine_pitch_candidate_not_verified_note
mort_aux_vaches_01,35,B1,751.5,2.0,0.838,machine_pitch_candidate_not_verified_note
mort_aux_vaches_01,31,G1,754.5,1.5,0.764,machine_pitch_candidate_not_verified_note
mort_aux_vaches_01,34,Bb1,755.0,3.0,0.561,machine_pitch_candidate_not_verified_note
mort_aux_vaches_01,35,B1,755.0,3.0,0.651,machine_pitch_candidate_not_verified_note
mort_aux_vaches_01,30,F#1,756.5,2.0,0.623,machine_pitch_candidate_not_verified_note
mort_aux_vaches_01,31,G1,758.0,4.0,0.506,machine_pitch_candidate_not_verified_note
mort_aux_vaches_01,34,Bb1,758.5,3.5,0.722,machine_pitch_candidate_not_verified_note
mort_aux_vaches_01,35,B1,759.0,2.5,0.813,machine_pitch_candidate_not_verified_note
mort_aux_vaches_01,94,Bb6,759.0,1.5,0.555,machine_pitch_candidate_not_verified_note
mort_aux_vaches_01,25,C#1,760.5,1.5,0.981,machine_pitch_candidate_not_verified_note
mort_aux_vaches_01,34,Bb1,762.5,2.0,0.46,machine_pitch_candidate_not_verified_note
mort_aux_vaches_01,35,B1,762.5,11.0,0.792,machine_pitch_candidate_not_verified_note
mort_aux_vaches_01,32,Ab1,763.0,11.0,0.689,machine_pitch_candidate_not_verified_note
mort_aux_vaches_01,31,G1,765.5,3.5,0.81,machine_pitch_candidate_not_verified_note
mort_aux_vaches_01,34,Bb1,765.5,3.0,0.552,machine_pitch_candidate_not_verified_note
mort_aux_vaches_01,34,Bb1,771.5,2.0,0.5,machine_pitch_candidate_not_verified_note
mort_aux_vaches_01,34,Bb1,774.5,5.5,0.583,machine_pitch_candidate_not_verified_note
mort_aux_vaches_01,70,Bb4,774.5,2.0,0.306,machine_pitch_candidate_not_verified_note
mort_aux_vaches_01,85,C#6,774.5,2.5,0.769,machine_pitch_candidate_not_verified_note
mort_aux_vaches_01,91,G6,774.5,1.5,0.507,machine_pitch_candidate_not_verified_note
mort_aux_vaches_01,93,A6,774.5,1.5,0.676,machine_pitch_candidate_not_verified_note
mort_aux_vaches_01,94,Bb6,775.0,4.5,0.793,machine_pitch_candidate_not_verified_note
mort_aux_vaches_01,43,G2,775.5,1.5,0.523,machine_pitch_candidate_not_verified_note
mort_aux_vaches_01,31,G1,776.0,2.5,0.814,machine_pitch_candidate_not_verified_note
mort_aux_vaches_01,77,F5,776.0,1.5,0.397,machine_pitch_candidate_not_verified_note
mort_aux_vaches_01,84,C6,776.0,1.5,0.669,machine_pitch_candidate_not_verified_note
mort_aux_vaches_01,35,B1,777.0,2.0,0.806,machine_pitch_candidate_not_verified_note
mort_aux_vaches_01,27,Eb1,777.5,2.0,0.645,machine_pitch_candidate_not_verified_note
mort_aux_vaches_01,28,E1,777.5,1.5,0.86,machine_pitch_candidate_not_verified_note
mort_aux_vaches_01,31,G1,779.0,6.0,0.612,machine_pitch_candidate_not_verified_note
mort_aux_vaches_01,25,C#1,779.5,4.5,0.886,machine_pitch_candidate_not_verified_note
mort_aux_vaches_01,85,C#6,779.5,2.0,0.445,machine_pitch_candidate_not_verified_note
mort_aux_vaches_01,32,Ab1,780.0,1.5,0.383,machine_pitch_candidate_not_verified_note
mort_aux_vaches_01,81,A5,780.0,1.5,0.323,machine_pitch_candidate_not_verified_note
mort_aux_vaches_01,94,Bb6,780.0,1.5,0.366,machine_pitch_candidate_not_verified_note
mort_aux_vaches_01,39,Eb2,783.0,1.5,0.761,machine_pitch_candidate_not_verified_note
mort_aux_vaches_01,79,G5,783.5,1.5,0.443,machine_pitch_candidate_not_verified_note
mort_aux_vaches_01,35,B1,785.0,5.5,0.758,machine_pitch_candidate_not_verified_note
mort_aux_vaches_01,31,G1,785.5,2.5,0.826,machine_pitch_candidate_not_verified_note
mort_aux_vaches_01,25,C#1,786.0,3.5,0.843,machine_pitch_candidate_not_verified_note
mort_aux_vaches_01,27,Eb1,786.0,1.5,0.79,machine_pitch_candidate_not_verified_note
mort_aux_vaches_01,46,Bb2,786.0,2.0,0.495,machine_pitch_candidate_not_verified_note
mort_aux_vaches_01,34,Bb1,787.0,2.5,0.644,machine_pitch_candidate_not_verified_note
mort_aux_vaches_01,32,Ab1,787.5,1.5,0.355,machine_pitch_candidate_not_verified_note
mort_aux_vaches_01,28,E1,789.0,1.5,0.666,machine_pitch_candidate_not_verified_note
mort_aux_vaches_01,31,G1,789.0,1.5,0.782,machine_pitch_candidate_not_verified_note
mort_aux_vaches_01,75,Eb5,789.0,2.0,0.499,machine_pitch_candidate_not_verified_note
mort_aux_vaches_01,27,Eb1,790.0,1.5,0.567,machine_pitch_candidate_not_verified_note
mort_aux_vaches_01,86,D6,790.0,1.5,0.605,machine_pitch_candidate_not_verified_note
mort_aux_vaches_01,91,G6,790.0,1.5,0.9,machine_pitch_candidate_not_verified_note
mort_aux_vaches_01,28,E1,791.0,1.5,0.501,machine_pitch_candidate_not_verified_note
mort_aux_vaches_01,83,B5,791.5,11.0,0.82,machine_pitch_candidate_not_verified_note
mort_aux_vaches_01,26,D1,793.0,2.0,0.637,machine_pitch_candidate_not_verified_note
mort_aux_vaches_01,84,C6,793.0,1.5,0.896,machine_pitch_candidate_not_verified_note
mort_aux_vaches_01,87,Eb6,793.5,2.0,0.479,machine_pitch_candidate_not_verified_note
mort_aux_vaches_01,85,C#6,794.5,3.5,0.629,machine_pitch_candidate_not_verified_note
mort_aux_vaches_01,93,A6,794.5,1.5,0.899,machine_pitch_candidate_not_verified_note
mort_aux_vaches_01,35,B1,795.5,1.5,0.705,machine_pitch_candidate_not_verified_note
mort_aux_vaches_01,77,F5,795.5,1.5,0.482,machine_pitch_candidate_not_verified_note
mort_aux_vaches_01,88,E6,795.5,1.5,0.958,machine_pitch_candidate_not_verified_note
mort_aux_vaches_01,92,Ab6,796.0,1.5,0.634,machine_pitch_candidate_not_verified_note
mort_aux_vaches_01,25,C#1,796.5,1.5,0.951,machine_pitch_candidate_not_verified_note
mort_aux_vaches_01,89,F6,796.5,1.5,0.485,machine_pitch_candidate_not_verified_note
mort_aux_vaches_01,27,Eb1,797.0,4.5,0.564,machine_pitch_candidate_not_verified_note
mort_aux_vaches_01,31,G1,797.0,3.5,0.67,machine_pitch_candidate_not_verified_note
mort_aux_vaches_01,93,A6,797.0,3.0,0.614,machine_pitch_candidate_not_verified_note
mort_aux_vaches_01,78,F#5,797.5,1.5,0.44,machine_pitch_candidate_not_verified_note
mort_aux_vaches_01,80,Ab5,798.5,5.0,0.642,machine_pitch_candidate_not_verified_note
mort_aux_vaches_01,69,A4,799.5,1.5,0.666,machine_pitch_candidate_not_verified_note
mort_aux_vaches_01,75,Eb5,799.5,1.5,0.664,machine_pitch_candidate_not_verified_note
mort_aux_vaches_01,26,D1,800.5,3.5,0.719,machine_pitch_candidate_not_verified_note
mort_aux_vaches_01,77,F5,802.0,2.0,0.421,machine_pitch_candidate_not_verified_note
mort_aux_vaches_01,93,A6,802.0,2.5,0.533,machine_pitch_candidate_not_verified_note
mort_aux_vaches_01,29,F1,803.0,2.5,0.67,machine_pitch_candidate_not_verified_note
mort_aux_vaches_01,94,Bb6,803.0,6.5,0.867,machine_pitch_candidate_not_verified_note
mort_aux_vaches_01,27,Eb1,803.5,1.5,0.619,machine_pitch_candidate_not_verified_note
mort_aux_vaches_01,69,A4,803.5,1.5,0.382,machine_pitch_candidate_not_verified_note
mort_aux_vaches_01,83,B5,804.0,4.0,0.587,machine_pitch_candidate_not_verified_note
mort_aux_vaches_01,80,Ab5,804.5,9.0,0.547,machine_pitch_candidate_not_verified_note
mort_aux_vaches_01,27,Eb1,806.0,1.5,0.822,machine_pitch_candidate_not_verified_note
mort_aux_vaches_01,85,C#6,806.5,1.5,0.71,machine_pitch_candidate_not_verified_note
mort_aux_vaches_01,88,E6,806.5,1.5,0.837,machine_pitch_candidate_not_verified_note
mort_aux_vaches_01,83,B5,808.5,6.5,0.905,machine_pitch_candidate_not_verified_note
mort_aux_vaches_01,89,F6,808.5,1.5,0.548,machine_pitch_candidate_not_verified_note
mort_aux_vaches_01,94,Bb6,810.5,2.5,0.551,machine_pitch_candidate_not_verified_note
mort_aux_vaches_01,27,Eb1,811.0,2.5,0.774,machine_pitch_candidate_not_verified_note
mort_aux_vaches_01,81,A5,811.0,1.5,0.38,machine_pitch_candidate_not_verified_note
mort_aux_vaches_01,93,A6,812.5,3.0,0.745,machine_pitch_candidate_not_verified_note
mort_aux_vaches_01,94,Bb6,813.5,1.5,0.593,machine_pitch_candidate_not_verified_note
mort_aux_vaches_01,29,F1,814.0,1.5,0.425,machine_pitch_candidate_not_verified_note
mort_aux_vaches_01,89,F6,814.0,1.5,0.637,machine_pitch_candidate_not_verified_note
mort_aux_vaches_01,26,D1,814.5,3.5,0.905,machine_pitch_candidate_not_verified_note
mort_aux_vaches_01,95,B6,815.0,1.5,0.617,machine_pitch_candidate_not_verified_note
mort_aux_vaches_01,27,Eb1,816.0,1.5,0.598,machine_pitch_candidate_not_verified_note
mort_aux_vaches_01,94,Bb6,816.0,6.0,0.837,machine_pitch_candidate_not_verified_note
mort_aux_vaches_01,83,B5,816.5,2.5,0.46,machine_pitch_candidate_not_verified_note
mort_aux_vaches_01,93,A6,818.0,2.0,0.587,machine_pitch_candidate_not_verified_note
mort_aux_vaches_01,85,C#6,818.5,1.5,0.791,machine_pitch_candidate_not_verified_note
mort_aux_vaches_01,26,D1,819.5,2.0,0.372,machine_pitch_candidate_not_verified_note
mort_aux_vaches_01,69,A4,820.0,3.5,0.415,machine_pitch_candidate_not_verified_note
mort_aux_vaches_01,83,B5,820.0,2.5,0.529,machine_pitch_candidate_not_verified_note
mort_aux_vaches_01,35,B1,821.0,3.5,0.64,machine_pitch_candidate_not_verified_note
mort_aux_vaches_01,32,Ab1,821.5,1.5,0.718,machine_pitch_candidate_not_verified_note
mort_aux_vaches_01,87,Eb6,821.5,2.0,0.856,machine_pitch_candidate_not_verified_note
mort_aux_vaches_01,25,C#1,822.5,1.5,0.86,machine_pitch_candidate_not_verified_note
mort_aux_vaches_01,31,G1,822.5,1.5,0.791,machine_pitch_candidate_not_verified_note
mort_aux_vaches_01,94,Bb6,822.5,7.5,0.678,machine_pitch_candidate_not_verified_note
mort_aux_vaches_01,84,C6,823.0,2.5,0.894,machine_pitch_candidate_not_verified_note
mort_aux_vaches_01,91,G6,823.0,1.5,0.47,machine_pitch_candidate_not_verified_note
mort_aux_vaches_01,26,D1,824.5,2.5,0.645,machine_pitch_candidate_not_verified_note
mort_aux_vaches_01,93,A6,824.5,2.5,0.87,machine_pitch_candidate_not_verified_note
mort_aux_vaches_01,87,Eb6,825.0,1.5,0.678,machine_pitch_candidate_not_verified_note
mort_aux_vaches_01,89,F6,825.5,1.5,0.374,machine_pitch_candidate_not_verified_note
mort_aux_vaches_01,30,F#1,826.0,1.5,0.675,machine_pitch_candidate_not_verified_note
mort_aux_vaches_01,70,Bb4,826.5,1.5,0.391,machine_pitch_candidate_not_verified_note
mort_aux_vaches_01,85,C#6,827.0,1.5,0.562,machine_pitch_candidate_not_verified_note
mort_aux_vaches_01,88,E6,827.0,1.5,0.54,machine_pitch_candidate_not_verified_note
mort_aux_vaches_01,89,F6,827.5,1.5,0.499,machine_pitch_candidate_not_verified_note
mort_aux_vaches_01,77,F5,828.0,3.0,0.545,machine_pitch_candidate_not_verified_note
mort_aux_vaches_01,79,G5,828.0,2.5,0.609,machine_pitch_candidate_not_verified_note
mort_aux_vaches_01,84,C6,828.0,1.5,1.0,machine_pitch_candidate_not_verified_note
mort_aux_vaches_01,69,A4,828.5,10.0,0.602,machine_pitch_candidate_not_verified_note
mort_aux_vaches_01,70,Bb4,829.0,2.5,0.51,machine_pitch_candidate_not_verified_note
mort_aux_vaches_01,87,Eb6,830.0,1.5,0.561,machine_pitch_candidate_not_verified_note
mort_aux_vaches_01,91,G6,830.0,4.5,0.849,machine_pitch_candidate_not_verified_note
mort_aux_vaches_01,70,Bb4,832.0,8.5,0.482,machine_pitch_candidate_not_verified_note
mort_aux_vaches_01,81,A5,832.0,2.5,0.445,machine_pitch_candidate_not_verified_note
mort_aux_vaches_01,77,F5,832.5,5.5,0.717,machine_pitch_candidate_not_verified_note
mort_aux_vaches_01,72,C5,833.0,1.5,0.425,machine_pitch_candidate_not_verified_note
mort_aux_vaches_01,94,Bb6,833.0,7.5,0.877,machine_pitch_candidate_not_verified_note
mort_aux_vaches_01,86,D6,833.5,2.0,0.443,machine_pitch_candidate_not_verified_note
mort_aux_vaches_01,80,Ab5,834.0,2.0,0.351,machine_pitch_candidate_not_verified_note
mort_aux_vaches_01,87,Eb6,834.0,4.0,0.631,machine_pitch_candidate_not_verified_note
mort_aux_vaches_01,89,F6,834.0,1.5,1.0,machine_pitch_candidate_not_verified_note
mort_aux_vaches_01,93,A6,834.0,1.5,0.642,machine_pitch_candidate_not_verified_note
mort_aux_vaches_01,85,C#6,835.5,2.0,0.906,machine_pitch_candidate_not_verified_note
mort_aux_vaches_01,91,G6,835.5,3.5,0.522,machine_pitch_candidate_not_verified_note
mort_aux_vaches_01,93,A6,837.0,2.0,0.763,machine_pitch_candidate_not_verified_note
mort_aux_vaches_01,85,C#6,838.0,1.5,0.765,machine_pitch_candidate_not_verified_note
mort_aux_vaches_01,90,F#6,838.0,1.5,0.406,machine_pitch_candidate_not_verified_note
mort_aux_vaches_01,69,A4,839.0,4.0,0.445,machine_pitch_candidate_not_verified_note
mort_aux_vaches_01,77,F5,839.0,1.5,0.501,machine_pitch_candidate_not_verified_note
mort_aux_vaches_01,80,Ab5,839.0,2.0,0.439,machine_pitch_candidate_not_verified_note
mort_aux_vaches_01,85,C#6,840.0,1.5,0.498,machine_pitch_candidate_not_verified_note
mort_aux_vaches_01,89,F6,840.0,2.5,0.598,machine_pitch_candidate_not_verified_note
mort_aux_vaches_01,73,C#5,840.5,1.5,0.583,machine_pitch_candidate_not_verified_note
mort_aux_vaches_01,81,A5,840.5,1.5,0.554,machine_pitch_candidate_not_verified_note
mort_aux_vaches_01,93,A6,840.5,2.5,0.599,machine_pitch_candidate_not_verified_note
mort_aux_vaches_01,70,Bb4,841.0,6.0,0.494,machine_pitch_candidate_not_verified_note
mort_aux_vaches_01,77,F5,841.0,2.5,0.816,machine_pitch_candidate_not_verified_note
mort_aux_vaches_01,94,Bb6,841.0,3.5,0.674,machine_pitch_candidate_not_verified_note
mort_aux_vaches_01,85,C#6,842.0,1.5,0.424,machine_pitch_candidate_not_verified_note
mort_aux_vaches_01,69,A4,843.5,4.5,0.622,machine_pitch_candidate_not_verified_note
mort_aux_vaches_01,84,C6,843.5,2.0,0.725,machine_pitch_candidate_not_verified_note
mort_aux_vaches_01,73,C#5,844.0,2.0,0.438,machine_pitch_candidate_not_verified_note
mort_aux_vaches_01,77,F5,845.5,5.5,0.777,machine_pitch_candidate_not_verified_note
mort_aux_vaches_01,93,A6,845.5,2.0,0.599,machine_pitch_candidate_not_verified_note
mort_aux_vaches_01,94,Bb6,845.5,4.0,0.918,machine_pitch_candidate_not_verified_note
mort_aux_vaches_01,84,C6,846.5,2.5,0.684,machine_pitch_candidate_not_verified_note
mort_aux_vaches_01,89,F6,846.5,1.5,0.399,machine_pitch_candidate_not_verified_note
mort_aux_vaches_01,88,E6,848.5,1.5,0.433,machine_pitch_candidate_not_verified_note
mort_aux_vaches_01,91,G6,848.5,1.5,0.647,machine_pitch_candidate_not_verified_note
mort_aux_vaches_01,69,A4,849.0,6.5,0.584,machine_pitch_candidate_not_verified_note
mort_aux_vaches_01,70,Bb4,849.0,1.5,0.506,machine_pitch_candidate_not_verified_note
mort_aux_vaches_01,80,Ab5,849.0,1.5,0.411,machine_pitch_candidate_not_verified_note
mort_aux_vaches_01,70,Bb4,852.0,2.0,0.501,machine_pitch_candidate_not_verified_note
mort_aux_vaches_01,77,F5,852.0,2.0,0.649,machine_pitch_candidate_not_verified_note
mort_aux_vaches_01,85,C#6,852.0,4.5,0.609,machine_pitch_candidate_not_verified_note
mort_aux_vaches_01,94,Bb6,852.0,7.5,0.919,machine_pitch_candidate_not_verified_note
mort_aux_vaches_01,95,B6,852.5,2.0,0.619,machine_pitch_candidate_not_verified_note
mort_aux_vaches_01,91,G6,854.0,1.5,0.681,machine_pitch_candidate_not_verified_note
mort_aux_vaches_01,80,Ab5,854.5,1.5,0.542,machine_pitch_candidate_not_verified_note
mort_aux_vaches_01,69,A4,857.0,2.0,0.508,machine_pitch_candidate_not_verified_note
mort_aux_vaches_01,70,Bb4,857.0,2.0,0.723,machine_pitch_candidate_not_verified_note
mort_aux_vaches_01,80,Ab5,857.0,1.5,0.732,machine_pitch_candidate_not_verified_note
mort_aux_vaches_01,77,F5,858.5,3.0,0.553,machine_pitch_candidate_not_verified_note
mort_aux_vaches_01,91,G6,858.5,1.5,0.678,machine_pitch_candidate_not_verified_note
mort_aux_vaches_01,84,C6,859.0,1.5,0.632,machine_pitch_candidate_not_verified_note
mort_aux_vaches_01,87,Eb6,859.0,1.5,1.0,machine_pitch_candidate_not_verified_note
mort_aux_vaches_01,69,A4,859.5,4.0,0.642,machine_pitch_candidate_not_verified_note
mort_aux_vaches_01,73,C#5,859.5,1.5,0.379,machine_pitch_candidate_not_verified_note
mort_aux_vaches_01,81,A5,859.5,1.5,0.331,machine_pitch_candidate_not_verified_note
mort_aux_vaches_01,90,F#6,859.5,1.5,0.454,machine_pitch_candidate_not_verified_note
mort_aux_vaches_01,93,A6,859.5,1.5,0.537,machine_pitch_candidate_not_verified_note
mort_aux_vaches_01,43,G2,861.0,3.0,0.763,machine_pitch_candidate_not_verified_note
mort_aux_vaches_01,50,D3,861.5,2.0,0.538,machine_pitch_candidate_not_verified_note
mort_aux_vaches_01,81,A5,861.5,3.0,0.792,machine_pitch_candidate_not_verified_note
mort_aux_vaches_01,79,G5,863.0,6.0,0.627,machine_pitch_candidate_not_verified_note
mort_aux_vaches_01,34,Bb1,863.5,1.5,0.351,machine_pitch_candidate_not_verified_note
mort_aux_vaches_01,53,F3,863.5,5.0,0.814,machine_pitch_candidate_not_verified_note
mort_aux_vaches_01,72,C5,863.5,1.5,0.615,machine_pitch_candidate_not_verified_note
mort_aux_vaches_01,46,Bb2,864.0,1.5,0.538,machine_pitch_candidate_not_verified_note
mort_aux_vaches_01,48,C3,865.5,2.0,1.0,machine_pitch_candidate_not_verified_note
mort_aux_vaches_01,74,D5,865.5,2.0,0.681,machine_pitch_candidate_not_verified_note
mort_aux_vaches_01,72,C5,866.0,1.5,0.479,machine_pitch_candidate_not_verified_note
mort_aux_vaches_01,43,G2,867.5,15.0,0.794,machine_pitch_candidate_not_verified_note
mort_aux_vaches_01,50,D3,868.0,2.5,0.443,machine_pitch_candidate_not_verified_note
mort_aux_vaches_01,81,A5,868.0,6.5,0.609,machine_pitch_candidate_not_verified_note
mort_aux_vaches_01,50,D3,871.0,1.5,0.366,machine_pitch_candidate_not_verified_note
mort_aux_vaches_01,46,Bb2,872.5,1.5,0.42,machine_pitch_candidate_not_verified_note
mort_aux_vaches_01,53,F3,872.5,8.0,0.719,machine_pitch_candidate_not_verified_note
mort_aux_vaches_01,79,G5,872.5,8.5,0.589,machine_pitch_candidate_not_verified_note
mort_aux_vaches_01,69,A4,873.0,1.5,0.726,machine_pitch_candidate_not_verified_note
mort_aux_vaches_01,48,C3,874.5,2.5,0.639,machine_pitch_candidate_not_verified_note
mort_aux_vaches_01,74,D5,874.5,5.0,0.563,machine_pitch_candidate_not_verified_note
mort_aux_vaches_01,50,D3,877.0,4.5,0.52,machine_pitch_candidate_not_verified_note
mort_aux_vaches_01,81,A5,877.0,6.0,0.717,machine_pitch_candidate_not_verified_note
mort_aux_vaches_01,69,A4,879.0,5.0,0.637,machine_pitch_candidate_not_verified_note
mort_aux_vaches_01,53,F3,881.5,2.5,0.315,machine_pitch_candidate_not_verified_note
mort_aux_vaches_01,46,Bb2,882.0,2.0,0.777,machine_pitch_candidate_not_verified_note
mort_aux_vaches_01,60,C4,882.0,2.0,0.424,machine_pitch_candidate_not_verified_note
mort_aux_vaches_01,72,C5,882.0,1.5,0.675,machine_pitch_candidate_not_verified_note
mort_aux_vaches_01,79,G5,882.0,2.0,1.0,machine_pitch_candidate_not_verified_note
mort_aux_vaches_01,36,C2,884.0,2.0,0.353,machine_pitch_candidate_not_verified_note
mort_aux_vaches_01,48,C3,884.0,2.5,0.904,machine_pitch_candidate_not_verified_note
mort_aux_vaches_01,55,G3,884.0,1.5,0.388,machine_pitch_candidate_not_verified_note
mort_aux_vaches_01,74,D5,884.0,5.0,0.716,machine_pitch_candidate_not_verified_note
mort_aux_vaches_01,43,G2,885.5,7.5,0.809,machine_pitch_candidate_not_verified_note
mort_aux_vaches_01,50,D3,886.5,5.0,0.507,machine_pitch_candidate_not_verified_note
mort_aux_vaches_01,69,A4,888.0,2.0,0.474,machine_pitch_candidate_not_verified_note
mort_aux_vaches_01,31,G1,889.5,1.5,0.425,machine_pitch_candidate_not_verified_note
mort_aux_vaches_01,69,A4,890.5,1.5,0.311,machine_pitch_candidate_not_verified_note
mort_aux_vaches_01,53,F3,891.0,1.5,0.574,machine_pitch_candidate_not_verified_note
mort_aux_vaches_01,79,G5,891.0,6.5,0.781,machine_pitch_candidate_not_verified_note
mort_aux_vaches_01,46,Bb2,891.5,2.0,0.484,machine_pitch_candidate_not_verified_note
mort_aux_vaches_01,60,C4,891.5,2.5,0.411,machine_pitch_candidate_not_verified_note
mort_aux_vaches_01,72,C5,892.0,1.5,0.394,machine_pitch_candidate_not_verified_note
mort_aux_vaches_01,48,C3,893.5,2.0,0.68,machine_pitch_candidate_not_verified_note
mort_aux_vaches_01,53,F3,893.5,2.5,0.824,machine_pitch_candidate_not_verified_note
mort_aux_vaches_01,74,D5,893.5,2.5,0.592,machine_pitch_candidate_not_verified_note
mort_aux_vaches_01,43,G2,895.0,7.0,0.862,machine_pitch_candidate_not_verified_note
mort_aux_vaches_01,81,A5,895.5,2.5,0.417,machine_pitch_candidate_not_verified_note
mort_aux_vaches_01,50,D3,896.5,4.0,0.491,machine_pitch_candidate_not_verified_note
mort_aux_vaches_01,69,A4,899.0,3.5,0.401,machine_pitch_candidate_not_verified_note
mort_aux_vaches_01,53,F3,900.5,1.5,0.533,machine_pitch_candidate_not_verified_note
mort_aux_vaches_01,79,G5,900.5,5.0,0.958,machine_pitch_candidate_not_verified_note
mort_aux_vaches_01,46,Bb2,901.0,2.0,0.425,machine_pitch_candidate_not_verified_note
mort_aux_vaches_01,60,C4,901.0,2.5,0.338,machine_pitch_candidate_not_verified_note
mort_aux_vaches_01,72,C5,901.5,1.5,0.358,machine_pitch_candidate_not_verified_note
mort_aux_vaches_01,48,C3,903.0,2.5,0.445,machine_pitch_candidate_not_verified_note
mort_aux_vaches_01,53,F3,903.0,3.0,0.5,machine_pitch_candidate_not_verified_note
mort_aux_vaches_01,74,D5,903.0,5.0,0.47,machine_pitch_candidate_not_verified_note
mort_aux_vaches_01,43,G2,905.0,6.0,0.899,machine_pitch_candidate_not_verified_note
mort_aux_vaches_01,81,A5,905.5,2.5,0.56,machine_pitch_candidate_not_verified_note
mort_aux_vaches_01,69,A4,907.0,1.5,0.361,machine_pitch_candidate_not_verified_note
mort_aux_vaches_01,31,G1,907.5,1.5,0.285,machine_pitch_candidate_not_verified_note
mort_aux_vaches_01,50,D3,907.5,2.5,0.585,machine_pitch_candidate_not_verified_note
mort_aux_vaches_01,79,G5,907.5,1.5,0.418,machine_pitch_candidate_not_verified_note
mort_aux_vaches_01,57,A3,908.5,1.5,0.332,machine_pitch_candidate_not_verified_note
mort_aux_vaches_01,46,Bb2,910.0,2.0,0.307,machine_pitch_candidate_not_verified_note
mort_aux_vaches_01,53,F3,910.0,5.5,0.609,machine_pitch_candidate_not_verified_note
mort_aux_vaches_01,79,G5,910.5,5.0,0.792,machine_pitch_candidate_not_verified_note
mort_aux_vaches_01,60,C4,911.0,3.0,0.418,machine_pitch_candidate_not_verified_note
mort_aux_vaches_01,72,C5,911.5,2.5,0.343,machine_pitch_candidate_not_verified_note
mort_aux_vaches_01,48,C3,912.5,3.0,0.772,machine_pitch_candidate_not_verified_note
mort_aux_vaches_01,74,D5,912.5,3.5,0.815,machine_pitch_candidate_not_verified_note
mort_aux_vaches_01,43,G2,914.5,7.0,0.843,machine_pitch_candidate_not_verified_note
mort_aux_vaches_01,81,A5,915.0,3.5,0.484,machine_pitch_candidate_not_verified_note
mort_aux_vaches_01,50,D3,915.5,6.0,0.605,machine_pitch_candidate_not_verified_note
mort_aux_vaches_01,79,G5,916.5,1.5,0.471,machine_pitch_candidate_not_verified_note
mort_aux_vaches_01,69,A4,917.5,1.5,0.57,machine_pitch_candidate_not_verified_note
mort_aux_vaches_01,57,A3,919.0,2.0,0.399,machine_pitch_candidate_not_verified_note
mort_aux_vaches_01,81,A5,919.0,2.5,0.436,machine_pitch_candidate_not_verified_note
mort_aux_vaches_01,46,Bb2,920.5,2.5,0.831,machine_pitch_candidate_not_verified_note
mort_aux_vaches_01,53,F3,920.5,7.5,0.619,machine_pitch_candidate_not_verified_note
mort_aux_vaches_01,69,A4,920.5,1.5,0.577,machine_pitch_candidate_not_verified_note
mort_aux_vaches_01,72,C5,920.5,2.5,0.833,machine_pitch_candidate_not_verified_note
mort_aux_vaches_01,79,G5,922.5,6.0,0.741,machine_pitch_candidate_not_verified_note
mort_aux_vaches_01,48,C3,923.0,2.0,0.354,machine_pitch_candidate_not_verified_note
mort_aux_vaches_01,74,D5,923.5,3.0,0.625,machine_pitch_candidate_not_verified_note
mort_aux_vaches_01,43,G2,925.5,6.5,0.882,machine_pitch_candidate_not_verified_note
mort_aux_vaches_01,50,D3,926.0,1.5,0.325,machine_pitch_candidate_not_verified_note
mort_aux_vaches_01,86,D6,926.0,3.5,0.481,machine_pitch_candidate_not_verified_note
mort_aux_vaches_01,31,G1,926.5,2.0,0.495,machine_pitch_candidate_not_verified_note
mort_aux_vaches_01,69,A4,927.0,4.5,0.418,machine_pitch_candidate_not_verified_note
mort_aux_vaches_01,81,A5,928.5,3.0,0.411,machine_pitch_candidate_not_verified_note
mort_aux_vaches_01,46,Bb2,931.0,3.5,0.637,machine_pitch_candidate_not_verified_note
mort_aux_vaches_01,53,F3,931.0,1.5,0.359,machine_pitch_candidate_not_verified_note
mort_aux_vaches_01,79,G5,931.0,5.0,0.955,machine_pitch_candidate_not_verified_note
mort_aux_vaches_01,72,C5,931.5,4.5,0.558,machine_pitch_candidate_not_verified_note
mort_aux_vaches_01,53,F3,933.0,3.5,0.402,machine_pitch_candidate_not_verified_note
mort_aux_vaches_01,60,C4,933.0,1.5,0.315,machine_pitch_candidate_not_verified_note
mort_aux_vaches_01,48,C3,933.5,2.0,0.806,machine_pitch_candidate_not_verified_note
mort_aux_vaches_01,74,D5,933.5,3.5,0.631,machine_pitch_candidate_not_verified_note
mort_aux_vaches_01,43,G2,935.5,9.5,0.827,machine_pitch_candidate_not_verified_note
mort_aux_vaches_01,50,D3,936.0,3.5,0.37,machine_pitch_candidate_not_verified_note
mort_aux_vaches_01,69,A4,938.5,4.0,0.4,machine_pitch_candidate_not_verified_note
mort_aux_vaches_01,81,A5,938.5,5.5,0.467,machine_pitch_candidate_not_verified_note
mort_aux_vaches_01,50,D3,940.5,3.0,0.337,machine_pitch_candidate_not_verified_note
mort_aux_vaches_01,46,Bb2,941.5,4.0,0.645,machine_pitch_candidate_not_verified_note
mort_aux_vaches_01,53,F3,941.5,2.0,0.818,machine_pitch_candidate_not_verified_note
mort_aux_vaches_01,79,G5,942.0,7.0,0.648,machine_pitch_candidate_not_verified_note
mort_aux_vaches_01,72,C5,942.5,3.5,0.83,machine_pitch_candidate_not_verified_note
mort_aux_vaches_01,60,C4,943.0,1.5,0.943,machine_pitch_candidate_not_verified_note
mort_aux_vaches_01,41,F2,943.5,2.5,0.493,machine_pitch_candidate_not_verified_note
mort_aux_vaches_01,53,F3,944.0,5.0,0.55,machine_pitch_candidate_not_verified_note
mort_aux_vaches_01,62,D4,944.5,1.5,0.363,machine_pitch_candidate_not_verified_note
mort_aux_vaches_01,48,C3,945.0,2.5,0.542,machine_pitch_candidate_not_verified_note
mort_aux_vaches_01,74,D5,945.5,2.0,0.373,machine_pitch_candidate_not_verified_note
mort_aux_vaches_01,43,G2,946.0,7.0,0.868,machine_pitch_candidate_not_verified_note
mort_aux_vaches_01,50,D3,947.5,8.5,0.504,machine_pitch_candidate_not_verified_note
mort_aux_vaches_01,31,G1,948.5,3.5,0.449,machine_pitch_candidate_not_verified_note
mort_aux_vaches_01,62,D4,948.5,1.5,0.464,machine_pitch_candidate_not_verified_note
mort_aux_vaches_01,69,A4,948.5,4.5,0.649,machine_pitch_candidate_not_verified_note
mort_aux_vaches_01,53,F3,951.5,2.0,0.657,machine_pitch_candidate_not_verified_note
mort_aux_vaches_01,79,G5,951.5,8.0,0.864,machine_pitch_candidate_not_verified_note
mort_aux_vaches_01,48,C3,953.0,1.5,0.441,machine_pitch_candidate_not_verified_note
mort_aux_vaches_01,72,C5,953.0,2.5,0.337,machine_pitch_candidate_not_verified_note
mort_aux_vaches_01,60,C4,953.5,1.5,0.402,machine_pitch_candidate_not_verified_note
mort_aux_vaches_01,41,F2,954.5,4.0,0.442,machine_pitch_candidate_not_verified_note
mort_aux_vaches_01,53,F3,954.5,5.0,0.691,machine_pitch_candidate_not_verified_note
mort_aux_vaches_01,60,C4,956.0,2.0,0.758,machine_pitch_candidate_not_verified_note
mort_aux_vaches_01,43,G2,957.0,7.0,0.86,machine_pitch_candidate_not_verified_note
mort_aux_vaches_01,46,Bb2,957.0,1.5,0.476,machine_pitch_candidate_not_verified_note
mort_aux_vaches_01,50,D3,957.0,3.5,0.728,machine_pitch_candidate_not_verified_note
mort_aux_vaches_01,62,D4,957.0,2.5,0.43,machine_pitch_candidate_not_verified_note
mort_aux_vaches_01,81,A5,957.0,1.5,0.569,machine_pitch_candidate_not_verified_note
mort_aux_vaches_01,69,A4,959.0,1.5,0.493,machine_pitch_candidate_not_verified_note
mort_aux_vaches_01,81,A5,959.5,2.0,0.55,machine_pitch_candidate_not_verified_note
mort_aux_vaches_01,69,A4,962.0,1.5,0.461,machine_pitch_candidate_not_verified_note
mort_aux_vaches_01,31,G1,962.5,1.5,0.325,machine_pitch_candidate_not_verified_note
mort_aux_vaches_01,50,D3,962.5,2.0,0.519,machine_pitch_candidate_not_verified_note
mort_aux_vaches_01,53,F3,963.0,17.5,0.743,machine_pitch_candidate_not_verified_note
mort_aux_vaches_01,46,Bb2,963.5,2.0,0.382,machine_pitch_candidate_not_verified_note
mort_aux_vaches_01,79,G5,963.5,8.5,0.74,machine_pitch_candidate_not_verified_note
mort_aux_vaches_01,48,C3,965.0,2.0,0.545,machine_pitch_candidate_not_verified_note
mort_aux_vaches_01,50,D3,965.0,2.0,0.321,machine_pitch_candidate_not_verified_note
mort_aux_vaches_01,43,G2,967.0,8.0,0.817,machine_pitch_candidate_not_verified_note
mort_aux_vaches_01,46,Bb2,967.0,2.0,0.588,machine_pitch_candidate_not_verified_note
mort_aux_vaches_01,72,C5,967.0,2.5,0.603,machine_pitch_candidate_not_verified_note
mort_aux_vaches_01,50,D3,967.5,3.0,0.352,machine_pitch_candidate_not_verified_note
mort_aux_vaches_01,50,D3,971.5,4.5,0.431,machine_pitch_candidate_not_verified_note
mort_aux_vaches_01,46,Bb2,972.0,2.0,0.65,machine_pitch_candidate_not_verified_note
mort_aux_vaches_01,67,G4,972.0,1.5,0.526,machine_pitch_candidate_not_verified_note
mort_aux_vaches_01,72,C5,972.0,1.5,0.823,machine_pitch_candidate_not_verified_note
mort_aux_vaches_01,79,G5,973.5,4.0,1.0,machine_pitch_candidate_not_verified_note
mort_aux_vaches_01,48,C3,975.5,2.0,0.513,machine_pitch_candidate_not_verified_note
mort_aux_vaches_01,60,C4,976.0,1.5,0.338,machine_pitch_candidate_not_verified_note
mort_aux_vaches_01,74,D5,976.0,1.5,0.325,machine_pitch_candidate_not_verified_note
mort_aux_vaches_01,81,A5,977.0,3.0,0.521,machine_pitch_candidate_not_verified_note
mort_aux_vaches_01,43,G2,977.5,10.0,0.718,machine_pitch_candidate_not_verified_note
mort_aux_vaches_01,46,Bb2,977.5,2.0,0.94,machine_pitch_candidate_not_verified_note
mort_aux_vaches_01,69,A4,977.5,2.0,0.447,machine_pitch_candidate_not_verified_note
mort_aux_vaches_01,72,C5,977.5,2.0,0.847,machine_pitch_candidate_not_verified_note
mort_aux_vaches_01,60,C4,979.0,1.5,0.483,machine_pitch_candidate_not_verified_note
mort_aux_vaches_01,79,G5,979.0,4.0,0.865,machine_pitch_candidate_not_verified_note
mort_aux_vaches_01,29,F1,979.5,2.0,0.396,machine_pitch_candidate_not_verified_note
mort_aux_vaches_01,50,D3,979.5,2.5,0.649,machine_pitch_candidate_not_verified_note
mort_aux_vaches_01,57,A3,980.5,1.5,0.375,machine_pitch_candidate_not_verified_note
mort_aux_vaches_01,69,A4,980.5,1.5,0.82,machine_pitch_candidate_not_verified_note
mort_aux_vaches_01,53,F3,981.5,1.5,0.73,machine_pitch_candidate_not_verified_note
mort_aux_vaches_01,29,F1,982.0,4.5,0.555,machine_pitch_candidate_not_verified_note
mort_aux_vaches_01,81,A5,982.5,4.5,0.722,machine_pitch_candidate_not_verified_note
mort_aux_vaches_01,50,D3,983.5,1.5,0.346,machine_pitch_candidate_not_verified_note
mort_aux_vaches_01,74,D5,984.0,3.0,0.533,machine_pitch_candidate_not_verified_note
mort_aux_vaches_01,79,G5,984.5,9.5,0.818,machine_pitch_candidate_not_verified_note
mort_aux_vaches_01,48,C3,985.0,2.5,0.732,machine_pitch_candidate_not_verified_note
mort_aux_vaches_01,69,A4,985.0,10.0,0.571,machine_pitch_candidate_not_verified_note
mort_aux_vaches_01,60,C4,986.0,1.5,0.521,machine_pitch_candidate_not_verified_note
mort_aux_vaches_01,31,G1,986.5,1.5,0.341,machine_pitch_candidate_not_verified_note
mort_aux_vaches_01,62,D4,986.5,1.5,0.534,machine_pitch_candidate_not_verified_note
mort_aux_vaches_01,53,F3,987.0,2.5,0.442,machine_pitch_candidate_not_verified_note
mort_aux_vaches_01,29,F1,987.5,6.5,0.776,machine_pitch_candidate_not_verified_note
mort_aux_vaches_01,72,C5,987.5,1.5,0.34,machine_pitch_candidate_not_verified_note
mort_aux_vaches_01,43,G2,989.0,8.5,0.792,machine_pitch_candidate_not_verified_note
mort_aux_vaches_01,62,D4,989.0,1.5,0.382,machine_pitch_candidate_not_verified_note
mort_aux_vaches_01,72,C5,994.0,1.5,0.451,machine_pitch_candidate_not_verified_note
mort_aux_vaches_01,50,D3,994.5,3.5,0.618,machine_pitch_candidate_not_verified_note
mort_aux_vaches_01,79,G5,994.5,3.0,0.679,machine_pitch_candidate_not_verified_note
mort_aux_vaches_01,81,A5,994.5,11.5,0.671,machine_pitch_candidate_not_verified_note
mort_aux_vaches_01,29,F1,995.0,10.5,0.654,machine_pitch_candidate_not_verified_note
mort_aux_vaches_01,46,Bb2,995.0,1.5,0.333,machine_pitch_candidate_not_verified_note
mort_aux_vaches_01,69,A4,996.0,16.5,0.731,machine_pitch_candidate_not_verified_note
mort_aux_vaches_01,26,D1,997.5,1.5,0.386,machine_pitch_candidate_not_verified_note
mort_aux_vaches_01,62,D4,998.5,2.5,0.35,machine_pitch_candidate_not_verified_note
mort_aux_vaches_01,79,G5,998.5,9.5,0.795,machine_pitch_candidate_not_verified_note
mort_aux_vaches_01,72,C5,1000.0,1.5,0.502,machine_pitch_candidate_not_verified_note
mort_aux_vaches_01,74,D5,1004.0,1.5,0.475,machine_pitch_candidate_not_verified_note
mort_aux_vaches_01,43,G2,1004.5,2.0,0.641,machine_pitch_candidate_not_verified_note
mort_aux_vaches_01,50,D3,1004.5,1.5,0.327,machine_pitch_candidate_not_verified_note
mort_aux_vaches_01,29,F1,1007.0,10.5,0.869,machine_pitch_candidate_not_verified_note
mort_aux_vaches_01,50,D3,1007.0,9.5,0.582,machine_pitch_candidate_not_verified_note
mort_aux_vaches_01,72,C5,1010.0,1.5,0.411,machine_pitch_candidate_not_verified_note
mort_aux_vaches_01,53,F3,1010.5,2.0,0.454,machine_pitch_candidate_not_verified_note
mort_aux_vaches_01,62,D4,1011.0,1.5,0.699,machine_pitch_candidate_not_verified_note
mort_aux_vaches_01,79,G5,1011.5,1.5,0.689,machine_pitch_candidate_not_verified_note
mort_aux_vaches_01,81,A5,1011.5,10.0,0.59,machine_pitch_candidate_not_verified_note
mort_aux_vaches_01,65,F4,1014.0,1.5,0.309,machine_pitch_candidate_not_verified_note
mort_aux_vaches_01,69,A4,1014.0,5.5,0.509,machine_pitch_candidate_not_verified_note
mort_aux_vaches_01,79,G5,1014.5,1.5,0.52,machine_pitch_candidate_not_verified_note
mort_aux_vaches_01,50,D3,1017.0,4.5,0.646,machine_pitch_candidate_not_verified_note
mort_aux_vaches_01,79,G5,1017.0,2.5,0.632,machine_pitch_candidate_not_verified_note
mort_aux_vaches_01,26,D1,1018.5,1.5,0.559,machine_pitch_candidate_not_verified_note
mort_aux_vaches_01,29,F1,1019.0,10.5,1.0,machine_pitch_candidate_not_verified_note
mort_aux_vaches_01,50,D3,1022.0,2.0,0.461,machine_pitch_candidate_not_verified_note
mort_aux_vaches_01,27,Eb1,1023.5,1.5,0.693,machine_pitch_candidate_not_verified_note
mort_aux_vaches_01,69,A4,1024.0,1.5,0.523,machine_pitch_candidate_not_verified_note
mort_aux_vaches_01,81,A5,1024.0,1.5,0.366,machine_pitch_candidate_not_verified_note
mort_aux_vaches_01,50,D3,1026.0,2.0,0.525,machine_pitch_candidate_not_verified_note
mort_aux_vaches_01,79,G5,1026.5,4.0,0.651,machine_pitch_candidate_not_verified_note
mort_aux_vaches_01,28,E1,1027.5,3.0,0.632,machine_pitch_candidate_not_verified_note
mort_aux_vaches_01,35,B1,1027.5,1.5,0.383,machine_pitch_candidate_not_verified_note
mort_aux_vaches_01,81,A5,1028.5,1.5,0.44,machine_pitch_candidate_not_verified_note
mort_aux_vaches_01,35,B1,1029.5,1.5,0.412,machine_pitch_candidate_not_verified_note
mort_aux_vaches_01,50,D3,1029.5,2.5,0.626,machine_pitch_candidate_not_verified_note
mort_aux_vaches_01,53,F3,1029.5,1.5,0.475,machine_pitch_candidate_not_verified_note
mort_aux_vaches_01,29,F1,1030.0,8.5,0.927,machine_pitch_candidate_not_verified_note
mort_aux_vaches_01,50,D3,1032.5,7.0,0.511,machine_pitch_candidate_not_verified_note
mort_aux_vaches_01,69,A4,1032.5,1.5,0.45,machine_pitch_candidate_not_verified_note
mort_aux_vaches_01,77,F5,1034.0,1.5,0.373,machine_pitch_candidate_not_verified_note
mort_aux_vaches_01,28,E1,1037.5,2.5,0.81,machine_pitch_candidate_not_verified_note
mort_aux_vaches_01,79,G5,1038.5,1.5,0.39,machine_pitch_candidate_not_verified_note
mort_aux_vaches_01,29,F1,1039.0,3.0,1.0,machine_pitch_candidate_not_verified_note
mort_aux_vaches_01,81,A5,1039.5,1.5,0.375,machine_pitch_candidate_not_verified_note
mort_aux_vaches_01,50,D3,1040.5,108.5,0.927,machine_pitch_candidate_not_verified_note
mort_aux_vaches_01,77,F5,1041.5,3.5,0.494,machine_pitch_candidate_not_verified_note
mort_aux_vaches_01,28,E1,1042.5,1.5,0.428,machine_pitch_candidate_not_verified_note
mort_aux_vaches_01,29,F1,1043.0,5.0,0.869,machine_pitch_candidate_not_verified_note
mort_aux_vaches_01,81,A5,1043.5,2.0,0.491,machine_pitch_candidate_not_verified_note
mort_aux_vaches_01,28,E1,1044.5,2.0,0.31,machine_pitch_candidate_not_verified_note
mort_aux_vaches_01,77,F5,1046.0,2.0,0.502,machine_pitch_candidate_not_verified_note
mort_aux_vaches_01,53,F3,1047.0,1.5,0.35,machine_pitch_candidate_not_verified_note
mort_aux_vaches_01,81,A5,1047.0,2.0,0.957,machine_pitch_candidate_not_verified_note
mort_aux_vaches_01,29,F1,1048.5,3.5,0.653,machine_pitch_candidate_not_verified_note
mort_aux_vaches_01,79,G5,1049.0,3.0,0.523,machine_pitch_candidate_not_verified_note
mort_aux_vaches_01,74,D5,1050.0,3.5,0.72,machine_pitch_candidate_not_verified_note
mort_aux_vaches_01,31,G1,1052.0,1.5,0.432,machine_pitch_candidate_not_verified_note
mort_aux_vaches_01,29,F1,1052.5,3.5,0.622,machine_pitch_candidate_not_verified_note
mort_aux_vaches_01,53,F3,1058.5,1.5,0.458,machine_pitch_candidate_not_verified_note
mort_aux_vaches_01,43,G2,1060.0,3.0,0.491,machine_pitch_candidate_not_verified_note
mort_aux_vaches_01,35,B1,1061.0,1.5,0.471,machine_pitch_candidate_not_verified_note
mort_aux_vaches_01,25,C#1,1062.5,1.5,0.615,machine_pitch_candidate_not_verified_note
mort_aux_vaches_01,35,B1,1065.0,2.0,0.362,machine_pitch_candidate_not_verified_note
mort_aux_vaches_01,38,D2,1065.0,3.5,0.685,machine_pitch_candidate_not_verified_note
mort_aux_vaches_01,43,G2,1065.5,3.0,0.747,machine_pitch_candidate_not_verified_note
mort_aux_vaches_01,69,A4,1066.0,1.5,0.325,machine_pitch_candidate_not_verified_note
mort_aux_vaches_01,79,G5,1066.0,2.5,0.583,machine_pitch_candidate_not_verified_note
mort_aux_vaches_01,53,F3,1066.5,2.0,0.825,machine_pitch_candidate_not_verified_note
mort_aux_vaches_01,72,C5,1067.0,1.5,0.644,machine_pitch_candidate_not_verified_note
mort_aux_vaches_01,74,D5,1070.0,1.5,0.396,machine_pitch_candidate_not_verified_note
mort_aux_vaches_01,43,G2,1070.5,3.5,0.427,machine_pitch_candidate_not_verified_note
mort_aux_vaches_01,81,A5,1071.0,3.0,0.332,machine_pitch_candidate_not_verified_note
mort_aux_vaches_01,31,G1,1071.5,3.5,0.352,machine_pitch_candidate_not_verified_note
mort_aux_vaches_01,46,Bb2,1072.5,1.5,0.452,machine_pitch_candidate_not_verified_note
mort_aux_vaches_01,65,F4,1072.5,1.5,0.34,machine_pitch_candidate_not_verified_note
mort_aux_vaches_01,53,F3,1073.5,5.0,0.579,machine_pitch_candidate_not_verified_note
mort_aux_vaches_01,43,G2,1075.0,1.5,0.745,machine_pitch_candidate_not_verified_note
mort_aux_vaches_01,72,C5,1076.0,4.0,0.655,machine_pitch_candidate_not_verified_note
mort_aux_vaches_01,79,G5,1076.5,2.0,0.382,machine_pitch_candidate_not_verified_note
mort_aux_vaches_01,31,G1,1078.0,2.0,0.476,machine_pitch_candidate_not_verified_note
mort_aux_vaches_01,79,G5,1079.0,2.0,0.519,machine_pitch_candidate_not_verified_note
mort_aux_vaches_01,43,G2,1082.0,6.5,0.579,machine_pitch_candidate_not_verified_note
mort_aux_vaches_01,53,F3,1082.0,3.5,0.612,machine_pitch_candidate_not_verified_note
mort_aux_vaches_01,81,A5,1082.5,2.5,0.436,machine_pitch_candidate_not_verified_note
mort_aux_vaches_01,29,F1,1083.0,1.5,0.454,machine_pitch_candidate_not_verified_note
mort_aux_vaches_01,79,G5,1083.5,1.5,0.529,machine_pitch_candidate_not_verified_note
mort_aux_vaches_01,69,A4,1084.0,2.0,0.497,machine_pitch_candidate_not_verified_note
mort_aux_vaches_01,31,G1,1087.0,1.5,0.323,machine_pitch_candidate_not_verified_note
mort_aux_vaches_01,79,G5,1089.0,2.0,0.341,machine_pitch_candidate_not_verified_note
mort_aux_vaches_01,38,D2,1090.0,1.5,0.604,machine_pitch_candidate_not_verified_note
mort_aux_vaches_01,53,F3,1091.0,1.5,0.339,machine_pitch_candidate_not_verified_note
mort_aux_vaches_01,38,D2,1094.0,2.0,0.602,machine_pitch_candidate_not_verified_note
mort_aux_vaches_01,43,G2,1094.0,6.5,0.687,machine_pitch_candidate_not_verified_note
mort_aux_vaches_01,62,D4,1094.0,2.0,0.457,machine_pitch_candidate_not_verified_note
mort_aux_vaches_01,29,F1,1094.5,1.5,0.34,machine_pitch_candidate_not_verified_note
mort_aux_vaches_01,81,A5,1095.0,2.5,0.346,machine_pitch_candidate_not_verified_note
mort_aux_vaches_01,53,F3,1095.5,2.0,0.378,machine_pitch_candidate_not_verified_note
mort_aux_vaches_01,79,G5,1096.5,1.5,0.391,machine_pitch_candidate_not_verified_note
mort_aux_vaches_01,29,F1,1099.0,1.5,0.538,machine_pitch_candidate_not_verified_note
mort_aux_vaches_01,53,F3,1099.0,2.5,0.719,machine_pitch_candidate_not_verified_note
mort_aux_vaches_01,31,G1,1099.5,1.5,0.708,machine_pitch_candidate_not_verified_note
mort_aux_vaches_01,26,D1,1100.0,2.0,0.29,machine_pitch_candidate_not_verified_note
mort_aux_vaches_01,43,G2,1102.0,3.5,0.414,machine_pitch_candidate_not_verified_note
mort_aux_vaches_01,25,C#1,1106.0,1.5,0.381,machine_pitch_candidate_not_verified_note
mort_aux_vaches_01,43,G2,1108.5,6.0,0.758,machine_pitch_candidate_not_verified_note
mort_aux_vaches_01,79,G5,1109.5,2.0,0.487,machine_pitch_candidate_not_verified_note
mort_aux_vaches_01,31,G1,1111.0,1.5,0.465,machine_pitch_candidate_not_verified_note
mort_aux_vaches_01,53,F3,1112.5,5.0,0.772,machine_pitch_candidate_not_verified_note
mort_aux_vaches_01,31,G1,1113.0,2.5,0.416,machine_pitch_candidate_not_verified_note
mort_aux_vaches_01,62,D4,1113.0,2.5,0.504,machine_pitch_candidate_not_verified_note
mort_aux_vaches_01,79,G5,1113.0,5.0,0.717,machine_pitch_candidate_not_verified_note
mort_aux_vaches_01,43,G2,1116.0,5.5,0.658,machine_pitch_candidate_not_verified_note
mort_aux_vaches_01,53,F3,1118.5,1.5,0.389,machine_pitch_candidate_not_verified_note
mort_aux_vaches_01,67,G4,1118.5,1.5,0.38,machine_pitch_candidate_not_verified_note
mort_aux_vaches_01,81,A5,1118.5,2.5,0.665,machine_pitch_candidate_not_verified_note
mort_aux_vaches_01,25,C#1,1119.0,1.5,0.547,machine_pitch_candidate_not_verified_note
mort_aux_vaches_01,43,G2,1123.5,1.5,0.392,machine_pitch_candidate_not_verified_note
mort_aux_vaches_01,53,F3,1123.5,2.5,0.548,machine_pitch_candidate_not_verified_note
mort_aux_vaches_01,79,G5,1123.5,4.0,0.609,machine_pitch_candidate_not_verified_note
mort_aux_vaches_01,43,G2,1125.5,4.0,0.602,machine_pitch_candidate_not_verified_note
mort_aux_vaches_01,72,C5,1126.5,2.5,0.568,machine_pitch_candidate_not_verified_note
mort_aux_vaches_01,46,Bb2,1127.0,1.5,0.318,machine_pitch_candidate_not_verified_note
mort_aux_vaches_01,53,F3,1128.5,4.0,0.49,machine_pitch_candidate_not_verified_note
mort_aux_vaches_01,62,D4,1128.5,2.5,0.473,machine_pitch_candidate_not_verified_note
mort_aux_vaches_01,81,A5,1128.5,2.5,0.442,machine_pitch_candidate_not_verified_note
mort_aux_vaches_01,31,G1,1129.5,2.0,0.489,machine_pitch_candidate_not_verified_note
mort_aux_vaches_01,79,G5,1130.0,2.0,0.348,machine_pitch_candidate_not_verified_note
mort_aux_vaches_01,26,D1,1131.0,1.5,0.311,machine_pitch_candidate_not_verified_note
mort_aux_vaches_01,43,G2,1131.0,5.5,0.575,machine_pitch_candidate_not_verified_note
mort_aux_vaches_01,38,D2,1133.5,1.5,0.383,machine_pitch_candidate_not_verified_note
mort_aux_vaches_01,53,F3,1133.5,1.5,0.451,machine_pitch_candidate_not_verified_note
mort_aux_vaches_01,67,G4,1133.5,1.5,0.314,machine_pitch_candidate_not_verified_note
mort_aux_vaches_01,38,D2,1138.5,1.5,0.558,machine_pitch_candidate_not_verified_note
mort_aux_vaches_01,43,G2,1138.5,1.5,0.545,machine_pitch_candidate_not_verified_note
mort_aux_vaches_01,53,F3,1138.5,2.0,0.543,machine_pitch_candidate_not_verified_note
mort_aux_vaches_01,55,G3,1141.0,1.5,0.58,machine_pitch_candidate_not_verified_note
mort_aux_vaches_01,79,G5,1141.0,2.5,0.619,machine_pitch_candidate_not_verified_note
mort_aux_vaches_01,35,B1,1141.5,5.0,0.725,machine_pitch_candidate_not_verified_note
mort_aux_vaches_01,43,G2,1141.5,3.0,0.726,machine_pitch_candidate_not_verified_note
mort_aux_vaches_01,53,F3,1142.0,3.0,0.384,machine_pitch_candidate_not_verified_note
mort_aux_vaches_01,74,D5,1142.0,1.5,0.418,machine_pitch_candidate_not_verified_note
mort_aux_vaches_01,34,Bb1,1143.0,2.0,0.476,machine_pitch_candidate_not_verified_note
mort_aux_vaches_01,62,D4,1143.5,1.5,0.486,machine_pitch_candidate_not_verified_note
mort_aux_vaches_01,31,G1,1144.5,2.0,0.434,machine_pitch_candidate_not_verified_note
mort_aux_vaches_01,81,A5,1144.5,1.5,0.31,machine_pitch_candidate_not_verified_note
mort_aux_vaches_01,26,D1,1146.0,1.5,0.403,machine_pitch_candidate_not_verified_note
mort_aux_vaches_01,34,Bb1,1146.0,6.5,0.44,machine_pitch_candidate_not_verified_note
mort_aux_vaches_01,35,B1,1148.0,2.0,0.82,machine_pitch_candidate_not_verified_note
mort_aux_vaches_01,50,D3,1149.5,25.0,0.902,machine_pitch_candidate_not_verified_note
mort_aux_vaches_01,35,B1,1150.5,1.5,0.853,machine_pitch_candidate_not_verified_note
mort_aux_vaches_01,35,B1,1153.5,7.0,0.752,machine_pitch_candidate_not_verified_note
mort_aux_vaches_01,46,Bb2,1153.5,2.5,0.613,machine_pitch_candidate_not_verified_note
mort_aux_vaches_01,25,C#1,1154.5,2.5,0.409,machine_pitch_candidate_not_verified_note
mort_aux_vaches_01,34,Bb1,1155.5,4.0,0.759,machine_pitch_candidate_not_verified_note
mort_aux_vaches_01,42,F#2,1155.5,1.5,0.731,machine_pitch_candidate_not_verified_note
mort_aux_vaches_01,43,G2,1157.5,1.5,0.462,machine_pitch_candidate_not_verified_note
mort_aux_vaches_01,46,Bb2,1157.5,3.0,0.541,machine_pitch_candidate_not_verified_note
mort_aux_vaches_01,29,F1,1158.5,1.5,0.335,machine_pitch_candidate_not_verified_note
mort_aux_vaches_01,81,A5,1158.5,2.0,0.405,machine_pitch_candidate_not_verified_note
mort_aux_vaches_01,31,G1,1159.5,2.0,0.456,machine_pitch_candidate_not_verified_note
mort_aux_vaches_01,38,D2,1161.0,1.5,0.592,machine_pitch_candidate_not_verified_note
mort_aux_vaches_01,35,B1,1161.5,1.5,0.825,machine_pitch_candidate_not_verified_note
mort_aux_vaches_01,43,G2,1161.5,1.5,0.635,machine_pitch_candidate_not_verified_note
mort_aux_vaches_01,36,C2,1163.5,1.5,0.414,machine_pitch_candidate_not_verified_note
mort_aux_vaches_01,67,G4,1163.5,2.5,0.399,machine_pitch_candidate_not_verified_note
mort_aux_vaches_01,46,Bb2,1164.0,1.5,0.681,machine_pitch_candidate_not_verified_note
mort_aux_vaches_01,64,E4,1165.0,1.5,0.365,machine_pitch_candidate_not_verified_note
mort_aux_vaches_01,34,Bb1,1167.0,2.5,0.506,machine_pitch_candidate_not_verified_note
mort_aux_vaches_01,43,G2,1168.5,2.5,0.45,machine_pitch_candidate_not_verified_note
mort_aux_vaches_01,46,Bb2,1170.5,2.5,0.388,machine_pitch_candidate_not_verified_note
mort_aux_vaches_01,35,B1,1171.0,6.0,0.859,machine_pitch_candidate_not_verified_note
mort_aux_vaches_01,42,F#2,1171.0,1.5,0.428,machine_pitch_candidate_not_verified_note
mort_aux_vaches_01,32,Ab1,1172.0,1.5,0.457,machine_pitch_candidate_not_verified_note
mort_aux_vaches_01,74,D5,1173.0,1.5,0.342,machine_pitch_candidate_not_verified_note
mort_aux_vaches_01,42,F#2,1175.0,2.0,0.39,machine_pitch_candidate_not_verified_note
mort_aux_vaches_01,50,D3,1175.5,14.5,0.957,machine_pitch_candidate_not_verified_note
mort_aux_vaches_01,43,G2,1176.5,2.0,0.641,machine_pitch_candidate_not_verified_note
mort_aux_vaches_01,34,Bb1,1177.5,2.5,0.554,machine_pitch_candidate_not_verified_note
mort_aux_vaches_01,31,G1,1178.0,1.5,0.499,machine_pitch_candidate_not_verified_note
mort_aux_vaches_01,38,D2,1178.0,1.5,0.282,machine_pitch_candidate_not_verified_note
mort_aux_vaches_01,67,G4,1178.5,1.5,0.38,machine_pitch_candidate_not_verified_note
mort_aux_vaches_01,79,G5,1178.5,2.5,0.61,machine_pitch_candidate_not_verified_note
mort_aux_vaches_01,81,A5,1179.0,2.0,0.38,machine_pitch_candidate_not_verified_note
mort_aux_vaches_01,35,B1,1179.5,2.0,0.52,machine_pitch_candidate_not_verified_note
mort_aux_vaches_01,74,D5,1180.5,1.5,0.487,machine_pitch_candidate_not_verified_note
mort_aux_vaches_01,34,Bb1,1181.0,5.0,0.562,machine_pitch_candidate_not_verified_note
mort_aux_vaches_01,30,F#1,1183.5,2.5,0.426,machine_pitch_candidate_not_verified_note
mort_aux_vaches_01,35,B1,1183.5,1.5,0.402,machine_pitch_candidate_not_verified_note
mort_aux_vaches_01,79,G5,1184.0,2.0,0.443,machine_pitch_candidate_not_verified_note
mort_aux_vaches_01,42,F#2,1185.5,2.5,0.363,machine_pitch_candidate_not_verified_note
mort_aux_vaches_01,35,B1,1186.0,6.0,0.696,machine_pitch_candidate_not_verified_note
mort_aux_vaches_01,46,Bb2,1186.0,2.0,0.365,machine_pitch_candidate_not_verified_note
mort_aux_vaches_01,47,B2,1186.5,1.5,0.432,machine_pitch_candidate_not_verified_note
mort_aux_vaches_01,34,Bb1,1188.0,2.0,0.346,machine_pitch_candidate_not_verified_note
mort_aux_vaches_01,25,C#1,1188.5,1.5,0.522,machine_pitch_candidate_not_verified_note
mort_aux_vaches_01,42,F#2,1189.5,4.5,0.563,machine_pitch_candidate_not_verified_note
mort_aux_vaches_01,25,C#1,1191.0,1.5,0.375,machine_pitch_candidate_not_verified_note
mort_aux_vaches_01,34,Bb1,1191.0,4.0,0.809,machine_pitch_candidate_not_verified_note
mort_aux_vaches_01,50,D3,1191.5,24.5,0.754,machine_pitch_candidate_not_verified_note
mort_aux_vaches_01,51,Eb3,1192.0,3.0,0.608,machine_pitch_candidate_not_verified_note
mort_aux_vaches_01,47,B2,1192.5,2.0,0.413,machine_pitch_candidate_not_verified_note
mort_aux_vaches_01,41,F2,1193.0,1.5,0.558,machine_pitch_candidate_not_verified_note
mort_aux_vaches_01,35,B1,1194.5,3.5,0.572,machine_pitch_candidate_not_verified_note
mort_aux_vaches_01,34,Bb1,1196.0,1.5,0.798,machine_pitch_candidate_not_verified_note
mort_aux_vaches_01,25,C#1,1197.0,1.5,0.66,machine_pitch_candidate_not_verified_note
mort_aux_vaches_01,46,Bb2,1197.5,3.0,0.557,machine_pitch_candidate_not_verified_note
mort_aux_vaches_01,67,G4,1197.5,6.0,0.487,machine_pitch_candidate_not_verified_note
mort_aux_vaches_01,42,F#2,1198.0,3.5,0.791,machine_pitch_candidate_not_verified_note
mort_aux_vaches_01,51,Eb3,1198.0,2.5,0.489,machine_pitch_candidate_not_verified_note
mort_aux_vaches_01,34,Bb1,1198.5,6.0,0.618,machine_pitch_candidate_not_verified_note
mort_aux_vaches_01,35,B1,1198.5,12.0,0.77,machine_pitch_candidate_not_verified_note
mort_aux_vaches_01,38,D2,1199.0,1.5,0.36,machine_pitch_candidate_not_verified_note
mort_aux_vaches_01,41,F2,1199.0,2.0,0.489,machine_pitch_candidate_not_verified_note
mort_aux_vaches_01,25,C#1,1203.0,2.5,0.535,machine_pitch_candidate_not_verified_note
mort_aux_vaches_01,54,F#3,1203.0,2.0,0.839,machine_pitch_candidate_not_verified_note
mort_aux_vaches_01,41,F2,1204.5,1.5,0.34,machine_pitch_candidate_not_verified_note
mort_aux_vaches_01,56,Ab3,1204.5,2.0,0.488,machine_pitch_candidate_not_verified_note
mort_aux_vaches_01,34,Bb1,1205.0,2.0,0.796,machine_pitch_candidate_not_verified_note
mort_aux_vaches_01,42,F#2,1205.0,2.5,0.74,machine_pitch_candidate_not_verified_note
mort_aux_vaches_01,67,G4,1206.0,1.5,0.488,machine_pitch_candidate_not_verified_note
mort_aux_vaches_01,56,Ab3,1207.0,2.0,0.343,machine_pitch_candidate_not_verified_note
mort_aux_vaches_01,34,Bb1,1209.0,2.0,0.498,machine_pitch_candidate_not_verified_note
mort_aux_vaches_01,25,C#1,1209.5,3.0,0.484,machine_pitch_candidate_not_verified_note
mort_aux_vaches_01,34,Bb1,1211.5,7.5,0.526,machine_pitch_candidate_not_verified_note
mort_aux_vaches_01,35,B1,1211.5,7.5,0.86,machine_pitch_candidate_not_verified_note
mort_aux_vaches_01,42,F#2,1211.5,4.0,0.917,machine_pitch_candidate_not_verified_note
mort_aux_vaches_01,41,F2,1214.0,3.5,0.401,machine_pitch_candidate_not_verified_note
mort_aux_vaches_01,42,F#2,1216.5,2.5,0.655,machine_pitch_candidate_not_verified_note
mort_aux_vaches_01,50,D3,1217.0,2.0,0.389,machine_pitch_candidate_not_verified_note
mort_aux_vaches_01,54,F#3,1218.0,3.5,0.629,machine_pitch_candidate_not_verified_note
mort_aux_vaches_01,34,Bb1,1220.0,2.5,0.582,machine_pitch_candidate_not_verified_note
mort_aux_vaches_01,35,B1,1220.0,11.0,0.752,machine_pitch_candidate_not_verified_note
mort_aux_vaches_01,41,F2,1220.0,1.5,0.486,machine_pitch_candidate_not_verified_note
mort_aux_vaches_01,42,F#2,1220.0,8.0,0.695,machine_pitch_candidate_not_verified_note
mort_aux_vaches_01,62,D4,1220.0,2.0,0.552,machine_pitch_candidate_not_verified_note
mort_aux_vaches_01,46,Bb2,1221.0,1.5,0.58,machine_pitch_candidate_not_verified_note
mort_aux_vaches_01,50,D3,1222.0,3.0,0.69,machine_pitch_candidate_not_verified_note
mort_aux_vaches_01,54,F#3,1223.0,4.0,0.602,machine_pitch_candidate_not_verified_note
mort_aux_vaches_01,34,Bb1,1223.5,4.0,0.617,machine_pitch_candidate_not_verified_note
mort_aux_vaches_01,26,D1,1224.0,2.5,0.418,machine_pitch_candidate_not_verified_note
mort_aux_vaches_01,41,F2,1227.0,1.5,0.386,machine_pitch_candidate_not_verified_note
mort_aux_vaches_01,56,Ab3,1227.5,1.5,0.337,machine_pitch_candidate_not_verified_note
mort_aux_vaches_01,50,D3,1228.0,5.5,0.532,machine_pitch_candidate_not_verified_note
mort_aux_vaches_01,54,F#3,1228.0,25.0,0.869,machine_pitch_candidate_not_verified_note
mort_aux_vaches_01,42,F#2,1229.5,3.0,0.416,machine_pitch_candidate_not_verified_note
mort_aux_vaches_01,25,C#1,1230.5,2.0,0.355,machine_pitch_candidate_not_verified_note
mort_aux_vaches_01,41,F2,1234.0,1.5,0.491,machine_pitch_candidate_not_verified_note
mort_aux_vaches_01,50,D3,1234.5,5.0,0.495,machine_pitch_candidate_not_verified_note
mort_aux_vaches_01,35,B1,1235.5,4.0,0.518,machine_pitch_candidate_not_verified_note
mort_aux_vaches_01,34,Bb1,1236.5,1.5,0.404,machine_pitch_candidate_not_verified_note
mort_aux_vaches_01,42,F#2,1236.5,7.0,0.508,machine_pitch_candidate_not_verified_note
mort_aux_vaches_01,31,G1,1240.0,2.0,0.299,machine_pitch_candidate_not_verified_note
mort_aux_vaches_01,50,D3,1240.0,3.0,0.573,machine_pitch_candidate_not_verified_note
mort_aux_vaches_01,41,F2,1240.5,2.0,0.35,machine_pitch_candidate_not_verified_note
mort_aux_vaches_01,35,B1,1242.0,10.0,0.557,machine_pitch_candidate_not_verified_note
mort_aux_vaches_01,34,Bb1,1243.5,1.5,0.805,machine_pitch_candidate_not_verified_note
mort_aux_vaches_01,42,F#2,1244.0,1.5,0.45,machine_pitch_candidate_not_verified_note
mort_aux_vaches_01,26,D1,1244.5,1.5,0.356,machine_pitch_candidate_not_verified_note
mort_aux_vaches_01,50,D3,1244.5,3.5,0.752,machine_pitch_candidate_not_verified_note
mort_aux_vaches_01,42,F#2,1247.0,3.0,0.701,machine_pitch_candidate_not_verified_note
mort_aux_vaches_01,34,Bb1,1247.5,1.5,0.354,machine_pitch_candidate_not_verified_note
mort_aux_vaches_01,31,G1,1248.0,2.0,0.562,machine_pitch_candidate_not_verified_note
mort_aux_vaches_01,25,C#1,1249.0,1.5,0.483,machine_pitch_candidate_not_verified_note
mort_aux_vaches_01,50,D3,1249.0,5.5,0.635,machine_pitch_candidate_not_verified_note
mort_aux_vaches_01,29,F1,1251.0,2.0,0.429,machine_pitch_candidate_not_verified_note
mort_aux_vaches_01,42,F#2,1251.0,5.5,0.685,machine_pitch_candidate_not_verified_note
mort_aux_vaches_01,25,C#1,1253.0,1.5,0.87,machine_pitch_candidate_not_verified_note
mort_aux_vaches_01,26,D1,1253.0,1.5,0.461,machine_pitch_candidate_not_verified_note
mort_aux_vaches_01,35,B1,1253.0,1.5,0.706,machine_pitch_candidate_not_verified_note
mort_aux_vaches_01,54,F#3,1254.0,3.0,0.716,machine_pitch_candidate_not_verified_note
mort_aux_vaches_01,50,D3,1255.0,5.5,0.648,machine_pitch_candidate_not_verified_note
mort_aux_vaches_01,41,F2,1255.5,1.5,0.471,machine_pitch_candidate_not_verified_note
mort_aux_vaches_01,34,Bb1,1256.0,5.5,0.615,machine_pitch_candidate_not_verified_note
mort_aux_vaches_01,46,Bb2,1256.5,1.5,0.808,machine_pitch_candidate_not_verified_note
mort_aux_vaches_01,35,B1,1257.0,2.5,0.81,machine_pitch_candidate_not_verified_note
mort_aux_vaches_01,42,F#2,1257.0,5.0,0.786,machine_pitch_candidate_not_verified_note
mort_aux_vaches_01,26,D1,1257.5,3.5,0.633,machine_pitch_candidate_not_verified_note
mort_aux_vaches_01,39,Eb2,1257.5,1.5,0.819,machine_pitch_candidate_not_verified_note
mort_aux_vaches_01,29,F1,1258.5,1.5,0.387,machine_pitch_candidate_not_verified_note
mort_aux_vaches_01,35,B1,1260.5,5.5,0.881,machine_pitch_candidate_not_verified_note
mort_aux_vaches_01,41,F2,1261.5,1.5,0.343,machine_pitch_candidate_not_verified_note
mort_aux_vaches_01,34,Bb1,1262.5,2.0,0.854,machine_pitch_candidate_not_verified_note
mort_aux_vaches_01,42,F#2,1263.5,3.0,0.788,machine_pitch_candidate_not_verified_note
mort_aux_vaches_01,25,C#1,1264.5,3.0,0.815,machine_pitch_candidate_not_verified_note
mort_aux_vaches_01,26,D1,1266.5,2.0,0.697,machine_pitch_candidate_not_verified_note
mort_aux_vaches_01,41,F2,1266.5,2.0,0.697,machine_pitch_candidate_not_verified_note
mort_aux_vaches_01,54,F#3,1267.0,2.0,0.515,machine_pitch_candidate_not_verified_note
mort_aux_vaches_01,31,G1,1267.5,2.0,0.679,machine_pitch_candidate_not_verified_note
mort_aux_vaches_01,35,B1,1267.5,6.0,0.749,machine_pitch_candidate_not_verified_note
mort_aux_vaches_01,50,D3,1269.5,1.5,0.318,machine_pitch_candidate_not_verified_note
mort_aux_vaches_01,25,C#1,1270.0,1.5,0.949,machine_pitch_candidate_not_verified_note
mort_aux_vaches_01,31,G1,1271.0,2.0,0.501,machine_pitch_candidate_not_verified_note
mort_aux_vaches_01,42,F#2,1271.0,2.0,0.981,machine_pitch_candidate_not_verified_note
mort_aux_vaches_01,25,C#1,1272.5,3.0,0.858,machine_pitch_candidate_not_verified_note
mort_aux_vaches_01,42,F#2,1274.0,2.0,0.645,machine_pitch_candidate_not_verified_note
mort_aux_vaches_01,46,Bb2,1274.0,1.5,0.481,machine_pitch_candidate_not_verified_note
mort_aux_vaches_01,34,Bb1,1275.0,5.5,0.716,machine_pitch_candidate_not_verified_note
mort_aux_vaches_01,35,B1,1275.0,10.0,0.701,machine_pitch_candidate_not_verified_note
mort_aux_vaches_01,42,F#2,1277.0,3.0,0.906,machine_pitch_candidate_not_verified_note
mort_aux_vaches_01,50,D3,1277.0,1.5,0.551,machine_pitch_candidate_not_verified_note
mort_aux_vaches_01,30,F#1,1278.5,2.5,0.658,machine_pitch_candidate_not_verified_note
mort_aux_vaches_01,26,D1,1279.0,1.5,0.36,machine_pitch_candidate_not_verified_note
mort_aux_vaches_01,25,C#1,1279.5,2.5,0.707,machine_pitch_candidate_not_verified_note
mort_aux_vaches_01,54,F#3,1282.0,1.5,0.351,machine_pitch_candidate_not_verified_note
mort_aux_vaches_01,41,F2,1282.5,1.5,0.846,machine_pitch_candidate_not_verified_note
mort_aux_vaches_01,42,F#2,1283.0,4.0,0.719,machine_pitch_candidate_not_verified_note
mort_aux_vaches_01,50,D3,1283.0,2.0,0.806,machine_pitch_candidate_not_verified_note
mort_aux_vaches_01,34,Bb1,1283.5,1.5,0.569,machine_pitch_candidate_not_verified_note
mort_aux_vaches_01,39,Eb2,1283.5,3.0,0.503,machine_pitch_candidate_not_verified_note
mort_aux_vaches_01,31,G1,1285.0,2.0,0.572,machine_pitch_candidate_not_verified_note
mort_aux_vaches_01,25,C#1,1285.5,3.0,1.0,machine_pitch_candidate_not_verified_note
mort_aux_vaches_01,41,F2,1287.0,4.0,0.395,machine_pitch_candidate_not_verified_note
mort_aux_vaches_01,34,Bb1,1287.5,1.5,0.533,machine_pitch_candidate_not_verified_note
mort_aux_vaches_01,35,B1,1287.5,2.0,0.79,machine_pitch_candidate_not_verified_note
mort_aux_vaches_01,26,D1,1288.5,3.0,0.684,machine_pitch_candidate_not_verified_note
mort_aux_vaches_01,34,Bb1,1289.5,10.0,0.668,machine_pitch_candidate_not_verified_note
mort_aux_vaches_01,25,C#1,1290.0,5.0,0.59,machine_pitch_candidate_not_verified_note
mort_aux_vaches_01,27,Eb1,1290.0,1.5,0.364,machine_pitch_candidate_not_verified_note
mort_aux_vaches_01,31,G1,1290.0,1.5,0.538,machine_pitch_candidate_not_verified_note
mort_aux_vaches_01,35,B1,1290.0,3.5,0.734,machine_pitch_candidate_not_verified_note
mort_aux_vaches_01,28,E1,1291.0,1.5,0.369,machine_pitch_candidate_not_verified_note
mort_aux_vaches_01,39,Eb2,1291.5,2.0,0.569,machine_pitch_candidate_not_verified_note
mort_aux_vaches_01,42,F#2,1292.0,14.0,0.643,machine_pitch_candidate_not_verified_note
mort_aux_vaches_01,29,F1,1292.5,1.5,0.572,machine_pitch_candidate_not_verified_note
mort_aux_vaches_01,26,D1,1293.0,6.0,0.45,machine_pitch_candidate_not_verified_note
mort_aux_vaches_01,31,G1,1293.0,1.5,0.698,machine_pitch_candidate_not_verified_note
mort_aux_vaches_01,54,F#3,1293.0,2.0,0.575,machine_pitch_candidate_not_verified_note
mort_aux_vaches_01,35,B1,1294.0,5.5,0.668,machine_pitch_candidate_not_verified_note
mort_aux_vaches_01,30,F#1,1295.0,2.0,0.569,machine_pitch_candidate_not_verified_note
mort_aux_vaches_01,41,F2,1295.0,1.5,1.0,machine_pitch_candidate_not_verified_note
mort_aux_vaches_01,27,Eb1,1295.5,1.5,0.353,machine_pitch_candidate_not_verified_note
mort_aux_vaches_01,31,G1,1296.5,1.5,0.785,machine_pitch_candidate_not_verified_note
mort_aux_vaches_01,25,C#1,1298.0,3.0,0.741,machine_pitch_candidate_not_verified_note
mort_aux_vaches_01,26,D1,1300.5,1.5,0.59,machine_pitch_candidate_not_verified_note
mort_aux_vaches_01,30,F#1,1300.5,1.5,0.517,machine_pitch_candidate_not_verified_note
mort_aux_vaches_01,31,G1,1301.0,2.5,0.756,machine_pitch_candidate_not_verified_note
mort_aux_vaches_01,34,Bb1,1301.0,4.0,0.771,machine_pitch_candidate_not_verified_note
mort_aux_vaches_01,35,B1,1301.0,3.0,0.7,machine_pitch_candidate_not_verified_note
mort_aux_vaches_01,25,C#1,1304.0,8.5,0.9,machine_pitch_candidate_not_verified_note
mort_aux_vaches_01,34,Bb1,1306.0,3.0,0.678,machine_pitch_candidate_not_verified_note
mort_aux_vaches_01,35,B1,1306.0,2.5,0.847,machine_pitch_candidate_not_verified_note
mort_aux_vaches_01,40,E2,1310.0,1.5,0.375,machine_pitch_candidate_not_verified_note
mort_aux_vaches_01,35,B1,1312.0,3.5,0.782,machine_pitch_candidate_not_verified_note
mort_aux_vaches_01,42,F#2,1312.0,3.5,0.671,machine_pitch_candidate_not_verified_note
mort_aux_vaches_01,34,Bb1,1313.0,1.5,0.76,machine_pitch_candidate_not_verified_note
mort_aux_vaches_01,38,D2,1314.5,3.0,0.539,machine_pitch_candidate_not_verified_note
mort_aux_vaches_01,25,C#1,1315.0,2.0,0.916,machine_pitch_candidate_not_verified_note
mort_aux_vaches_01,26,D1,1315.0,1.5,0.539,machine_pitch_candidate_not_verified_note
mort_aux_vaches_01,34,Bb1,1316.5,1.5,0.637,machine_pitch_candidate_not_verified_note
mort_aux_vaches_01,39,Eb2,1316.5,1.5,0.887,machine_pitch_candidate_not_verified_note
mort_aux_vaches_01,25,C#1,1317.5,3.0,0.808,machine_pitch_candidate_not_verified_note
mort_aux_vaches_01,26,D1,1319.5,5.0,0.8,machine_pitch_candidate_not_verified_note
mort_aux_vaches_01,42,F#2,1319.5,1.5,0.633,machine_pitch_candidate_not_verified_note
mort_aux_vaches_01,38,D2,1320.0,5.0,0.663,machine_pitch_candidate_not_verified_note
mort_aux_vaches_01,27,Eb1,1321.5,2.0,0.519,machine_pitch_candidate_not_verified_note
mort_aux_vaches_01,25,C#1,1323.5,3.5,0.918,machine_pitch_candidate_not_verified_note
mort_aux_vaches_01,26,D1,1326.5,6.5,0.833,machine_pitch_candidate_not_verified_note
mort_aux_vaches_01,27,Eb1,1326.5,6.0,0.68,machine_pitch_candidate_not_verified_note
mort_aux_vaches_01,38,D2,1327.0,4.0,0.827,machine_pitch_candidate_not_verified_note
mort_aux_vaches_01,25,C#1,1330.0,6.5,0.692,machine_pitch_candidate_not_verified_note
mort_aux_vaches_01,38,D2,1334.0,4.0,0.988,machine_pitch_candidate_not_verified_note
mort_aux_vaches_01,26,D1,1336.5,2.5,0.887,machine_pitch_candidate_not_verified_note
mort_aux_vaches_01,27,Eb1,1336.5,3.5,0.769,machine_pitch_candidate_not_verified_note
mort_aux_vaches_01,38,D2,1338.5,6.5,0.826,machine_pitch_candidate_not_verified_note
mort_aux_vaches_01,25,C#1,1341.0,10.5,0.732,machine_pitch_candidate_not_verified_note
mort_aux_vaches_01,26,D1,1342.0,2.0,0.844,machine_pitch_candidate_not_verified_note
mort_aux_vaches_01,27,Eb1,1342.5,3.5,0.843,machine_pitch_candidate_not_verified_note
mort_aux_vaches_01,26,D1,1345.0,3.0,0.859,machine_pitch_candidate_not_verified_note
mort_aux_vaches_01,38,D2,1346.0,17.0,0.894,machine_pitch_candidate_not_verified_note
mort_aux_vaches_01,40,E2,1347.5,2.0,0.525,machine_pitch_candidate_not_verified_note
mort_aux_vaches_01,26,D1,1349.0,3.0,0.429,machine_pitch_candidate_not_verified_note
mort_aux_vaches_01,27,Eb1,1349.5,1.5,0.313,machine_pitch_candidate_not_verified_note
mort_aux_vaches_01,27,Eb1,1352.0,2.5,0.511,machine_pitch_candidate_not_verified_note
mort_aux_vaches_01,25,C#1,1356.0,3.0,0.59,machine_pitch_candidate_not_verified_note
mort_aux_vaches_01,52,E3,1356.0,3.0,0.415,machine_pitch_candidate_not_verified_note
mort_aux_vaches_01,31,G1,1356.5,5.5,0.702,machine_pitch_candidate_not_verified_note
mort_aux_vaches_01,26,D1,1357.0,2.0,0.396,machine_pitch_candidate_not_verified_note
mort_aux_vaches_01,26,D1,1360.5,2.5,0.393,machine_pitch_candidate_not_verified_note
mort_aux_vaches_01,39,Eb2,1360.5,1.5,0.292,machine_pitch_candidate_not_verified_note
mort_aux_vaches_01,25,C#1,1362.5,3.0,0.626,machine_pitch_candidate_not_verified_note
mort_aux_vaches_01,40,E2,1362.5,2.0,0.857,machine_pitch_candidate_not_verified_note
mort_aux_vaches_01,38,D2,1364.0,7.0,0.892,machine_pitch_candidate_not_verified_note
mort_aux_vaches_01,52,E3,1365.0,1.5,0.427,machine_pitch_candidate_not_verified_note
mort_aux_vaches_01,27,Eb1,1367.0,2.5,0.46,machine_pitch_candidate_not_verified_note
mort_aux_vaches_01,26,D1,1368.0,3.0,0.426,machine_pitch_candidate_not_verified_note
mort_aux_vaches_01,39,Eb2,1368.5,1.5,0.368,machine_pitch_candidate_not_verified_note
mort_aux_vaches_01,25,C#1,1369.0,5.0,0.76,machine_pitch_candidate_not_verified_note
mort_aux_vaches_01,50,D3,1369.5,1.5,0.58,machine_pitch_candidate_not_verified_note
mort_aux_vaches_01,38,D2,1371.5,6.5,0.91,machine_pitch_candidate_not_verified_note
mort_aux_vaches_01,26,D1,1375.0,1.5,0.496,machine_pitch_candidate_not_verified_note
mort_aux_vaches_01,43,G2,1375.5,1.5,0.703,machine_pitch_candidate_not_verified_note
mort_aux_vaches_01,25,C#1,1377.0,2.5,0.879,machine_pitch_candidate_not_verified_note
mort_aux_vaches_01,31,G1,1378.0,3.0,0.401,machine_pitch_candidate_not_verified_note
mort_aux_vaches_01,40,E2,1378.0,1.5,0.453,machine_pitch_candidate_not_verified_note
mort_aux_vaches_01,43,G2,1378.0,1.5,0.743,machine_pitch_candidate_not_verified_note
mort_aux_vaches_01,38,D2,1379.5,10.0,0.904,machine_pitch_candidate_not_verified_note
mort_aux_vaches_01,52,E3,1379.5,1.5,0.685,machine_pitch_candidate_not_verified_note
mort_aux_vaches_01,27,Eb1,1382.0,2.5,0.469,machine_pitch_candidate_not_verified_note
mort_aux_vaches_01,26,D1,1383.0,3.0,0.468,machine_pitch_candidate_not_verified_note
mort_aux_vaches_01,39,Eb2,1383.5,1.5,0.68,machine_pitch_candidate_not_verified_note
mort_aux_vaches_01,25,C#1,1384.0,3.0,0.901,machine_pitch_candidate_not_verified_note
mort_aux_vaches_01,31,G1,1384.0,1.5,0.572,machine_pitch_candidate_not_verified_note
mort_aux_vaches_01,52,E3,1385.0,2.0,0.526,machine_pitch_candidate_not_verified_note
mort_aux_vaches_01,27,Eb1,1385.5,3.0,0.425,machine_pitch_candidate_not_verified_note
mort_aux_vaches_01,26,D1,1386.5,2.0,0.403,machine_pitch_candidate_not_verified_note
mort_aux_vaches_01,31,G1,1388.5,2.0,0.458,machine_pitch_candidate_not_verified_note
mort_aux_vaches_01,25,C#1,1389.0,4.0,0.788,machine_pitch_candidate_not_verified_note
mort_aux_vaches_01,40,E2,1389.0,2.5,0.591,machine_pitch_candidate_not_verified_note
mort_aux_vaches_01,52,E3,1389.0,3.5,0.493,machine_pitch_candidate_not_verified_note
mort_aux_vaches_01,38,D2,1391.0,6.0,0.968,machine_pitch_candidate_not_verified_note
mort_aux_vaches_01,26,D1,1394.5,1.5,0.41,machine_pitch_candidate_not_verified_note
mort_aux_vaches_01,25,C#1,1397.0,2.5,0.697,machine_pitch_candidate_not_verified_note
mort_aux_vaches_01,40,E2,1397.0,1.5,0.822,machine_pitch_candidate_not_verified_note
mort_aux_vaches_01,26,D1,1398.5,2.0,0.529,machine_pitch_candidate_not_verified_note
mort_aux_vaches_01,38,D2,1398.5,7.5,0.987,machine_pitch_candidate_not_verified_note
mort_aux_vaches_01,52,E3,1399.0,1.5,0.508,machine_pitch_candidate_not_verified_note
mort_aux_vaches_01,27,Eb1,1401.0,2.5,0.469,machine_pitch_candidate_not_verified_note
mort_aux_vaches_01,26,D1,1402.0,2.5,0.576,machine_pitch_candidate_not_verified_note
mort_aux_vaches_01,39,Eb2,1402.5,1.5,0.375,machine_pitch_candidate_not_verified_note
mort_aux_vaches_01,25,C#1,1405.0,3.0,0.759,machine_pitch_candidate_not_verified_note
mort_aux_vaches_01,31,G1,1405.5,2.5,0.771,machine_pitch_candidate_not_verified_note
mort_aux_vaches_01,52,E3,1406.5,2.0,0.548,machine_pitch_candidate_not_verified_note
mort_aux_vaches_01,26,D1,1407.0,1.5,0.566,machine_pitch_candidate_not_verified_note
mort_aux_vaches_01,38,D2,1407.0,6.5,0.821,machine_pitch_candidate_not_verified_note
mort_aux_vaches_01,31,G1,1408.5,3.0,0.705,machine_pitch_candidate_not_verified_note
mort_aux_vaches_01,26,D1,1410.0,1.5,0.605,machine_pitch_candidate_not_verified_note
mort_aux_vaches_01,40,E2,1411.5,3.0,0.712,machine_pitch_candidate_not_verified_note
mort_aux_vaches_01,25,C#1,1412.0,2.5,0.83,machine_pitch_candidate_not_verified_note
mort_aux_vaches_01,26,D1,1414.0,1.5,0.529,machine_pitch_candidate_not_verified_note
mort_aux_vaches_01,38,D2,1414.0,7.5,0.838,machine_pitch_candidate_not_verified_note
mort_aux_vaches_01,42,F#2,1414.0,2.0,0.45,machine_pitch_candidate_not_verified_note
mort_aux_vaches_01,52,E3,1414.5,2.0,0.437,machine_pitch_candidate_not_verified_note
mort_aux_vaches_01,26,D1,1417.5,2.0,0.793,machine_pitch_candidate_not_verified_note
mort_aux_vaches_01,25,C#1,1418.0,5.5,0.765,machine_pitch_candidate_not_verified_note
mort_aux_vaches_01,27,Eb1,1418.0,2.0,0.484,machine_pitch_candidate_not_verified_note
mort_aux_vaches_01,40,E2,1420.0,2.0,0.676,machine_pitch_candidate_not_verified_note
mort_aux_vaches_01,38,D2,1422.0,6.0,0.911,machine_pitch_candidate_not_verified_note
mort_aux_vaches_01,52,E3,1422.0,1.5,0.797,machine_pitch_candidate_not_verified_note
mort_aux_vaches_01,26,D1,1425.5,1.5,0.514,machine_pitch_candidate_not_verified_note
mort_aux_vaches_01,40,E2,1427.5,2.0,0.727,machine_pitch_candidate_not_verified_note
mort_aux_vaches_01,25,C#1,1428.0,2.0,0.701,machine_pitch_candidate_not_verified_note
mort_aux_vaches_01,38,D2,1429.5,6.0,0.978,machine_pitch_candidate_not_verified_note
mort_aux_vaches_01,52,E3,1430.0,1.5,0.709,machine_pitch_candidate_not_verified_note
mort_aux_vaches_01,27,Eb1,1432.0,2.5,0.423,machine_pitch_candidate_not_verified_note
mort_aux_vaches_01,26,D1,1433.0,1.5,0.517,machine_pitch_candidate_not_verified_note
mort_aux_vaches_01,25,C#1,1434.0,5.0,0.814,machine_pitch_candidate_not_verified_note
mort_aux_vaches_01,40,E2,1435.0,2.5,0.554,machine_pitch_candidate_not_verified_note
mort_aux_vaches_01,50,D3,1435.5,1.5,0.418,machine_pitch_candidate_not_verified_note
mort_aux_vaches_01,38,D2,1437.0,6.0,0.821,machine_pitch_candidate_not_verified_note
mort_aux_vaches_01,52,E3,1437.0,1.5,0.606,machine_pitch_candidate_not_verified_note
mort_aux_vaches_01,26,D1,1440.5,2.5,0.857,machine_pitch_candidate_not_verified_note
mort_aux_vaches_01,31,G1,1441.0,2.5,0.452,machine_pitch_candidate_not_verified_note
mort_aux_vaches_01,25,C#1,1443.0,2.0,0.85,machine_pitch_candidate_not_verified_note
mort_aux_vaches_01,40,E2,1443.0,1.5,0.654,machine_pitch_candidate_not_verified_note
mort_aux_vaches_01,38,D2,1444.5,7.5,0.98,machine_pitch_candidate_not_verified_note
mort_aux_vaches_01,27,Eb1,1447.0,2.5,0.584,machine_pitch_candidate_not_verified_note
mort_aux_vaches_01,26,D1,1448.0,2.5,0.57,machine_pitch_candidate_not_verified_note
mort_aux_vaches_01,25,C#1,1448.5,5.5,0.544,machine_pitch_candidate_not_verified_note
mort_aux_vaches_01,52,E3,1450.5,1.5,0.347,machine_pitch_candidate_not_verified_note
mort_aux_vaches_01,31,G1,1451.5,5.5,0.693,machine_pitch_candidate_not_verified_note
mort_aux_vaches_01,38,D2,1453.0,5.0,0.949,machine_pitch_candidate_not_verified_note
mort_aux_vaches_01,26,D1,1455.5,1.5,0.39,machine_pitch_candidate_not_verified_note
mort_aux_vaches_01,40,E2,1457.5,2.0,0.86,machine_pitch_candidate_not_verified_note
mort_aux_vaches_01,38,D2,1459.5,13.5,0.951,machine_pitch_candidate_not_verified_note
mort_aux_vaches_01,50,D3,1464.5,2.5,0.756,machine_pitch_candidate_not_verified_note
mort_aux_vaches_01,40,E2,1465.0,2.0,0.529,machine_pitch_candidate_not_verified_note
mort_aux_vaches_01,52,E3,1465.0,4.0,0.645,machine_pitch_candidate_not_verified_note
mort_aux_vaches_01,25,C#1,1466.0,1.5,0.813,machine_pitch_candidate_not_verified_note
mort_aux_vaches_01,43,G2,1470.5,1.5,0.63,machine_pitch_candidate_not_verified_note
mort_aux_vaches_01,25,C#1,1472.5,2.5,0.575,machine_pitch_candidate_not_verified_note
mort_aux_vaches_01,40,E2,1473.0,1.5,1.0,machine_pitch_candidate_not_verified_note
mort_aux_vaches_01,43,G2,1473.5,2.0,0.487,machine_pitch_candidate_not_verified_note
mort_aux_vaches_01,38,D2,1474.5,11.0,0.92,machine_pitch_candidate_not_verified_note
mort_aux_vaches_01,52,E3,1475.0,1.5,0.571,machine_pitch_candidate_not_verified_note
mort_aux_vaches_01,39,Eb2,1478.5,1.5,0.676,machine_pitch_candidate_not_verified_note
mort_aux_vaches_01,50,D3,1478.5,1.5,0.402,machine_pitch_candidate_not_verified_note
mort_aux_vaches_01,25,C#1,1479.0,3.5,0.551,machine_pitch_candidate_not_verified_note
mort_aux_vaches_01,52,E3,1480.5,3.0,0.735,machine_pitch_candidate_not_verified_note
mort_aux_vaches_01,31,G1,1481.0,1.5,0.389,machine_pitch_candidate_not_verified_note
mort_aux_vaches_01,32,Ab1,1481.0,2.5,0.592,machine_pitch_candidate_not_verified_note
mort_aux_vaches_01,40,E2,1481.0,2.5,0.61,machine_pitch_candidate_not_verified_note
mort_aux_vaches_01,43,G2,1484.0,3.5,0.9,machine_pitch_candidate_not_verified_note
mort_aux_vaches_01,31,G1,1485.0,3.5,0.652,machine_pitch_candidate_not_verified_note
mort_aux_vaches_01,38,D2,1486.5,6.5,0.961,machine_pitch_candidate_not_verified_note
mort_aux_vaches_01,39,Eb2,1487.0,4.5,0.381,machine_pitch_candidate_not_verified_note
mort_aux_vaches_01,50,D3,1487.5,1.5,0.561,machine_pitch_candidate_not_verified_note
mort_aux_vaches_01,40,E2,1492.5,2.0,1.0,machine_pitch_candidate_not_verified_note
mort_aux_vaches_01,25,C#1,1493.5,2.0,0.517,machine_pitch_candidate_not_verified_note
mort_aux_vaches_01,38,D2,1494.5,6.0,0.994,machine_pitch_candidate_not_verified_note
mort_aux_vaches_01,42,F#2,1494.5,1.5,0.736,machine_pitch_candidate_not_verified_note
mort_aux_vaches_01,52,E3,1495.0,1.5,0.866,machine_pitch_candidate_not_verified_note
mort_aux_vaches_01,26,D1,1498.0,3.0,0.479,machine_pitch_candidate_not_verified_note
mort_aux_vaches_01,25,C#1,1500.0,3.5,0.679,machine_pitch_candidate_not_verified_note
mort_aux_vaches_01,40,E2,1500.0,3.0,0.798,machine_pitch_candidate_not_verified_note
mort_aux_vaches_01,52,E3,1500.0,3.5,0.627,machine_pitch_candidate_not_verified_note
mort_aux_vaches_01,38,D2,1502.0,6.0,0.945,machine_pitch_candidate_not_verified_note
mort_aux_vaches_01,42,F#2,1502.0,1.5,0.624,machine_pitch_candidate_not_verified_note
mort_aux_vaches_01,40,E2,1507.5,2.0,0.985,machine_pitch_candidate_not_verified_note
mort_aux_vaches_01,25,C#1,1508.5,1.5,0.411,machine_pitch_candidate_not_verified_note
mort_aux_vaches_01,38,D2,1509.5,6.0,0.976,machine_pitch_candidate_not_verified_note
mort_aux_vaches_01,42,F#2,1509.5,1.5,0.632,machine_pitch_candidate_not_verified_note
mort_aux_vaches_01,52,E3,1510.0,1.5,0.714,machine_pitch_candidate_not_verified_note
mort_aux_vaches_01,26,D1,1513.5,2.5,0.579,machine_pitch_candidate_not_verified_note
mort_aux_vaches_01,27,Eb1,1514.0,1.5,0.459,machine_pitch_candidate_not_verified_note
mort_aux_vaches_01,37,C#2,1514.5,1.5,0.594,machine_pitch_candidate_not_verified_note
mort_aux_vaches_01,25,C#1,1515.0,4.5,0.677,machine_pitch_candidate_not_verified_note
mort_aux_vaches_01,40,E2,1515.0,3.0,0.634,machine_pitch_candidate_not_verified_note
mort_aux_vaches_01,52,E3,1516.5,2.0,0.585,machine_pitch_candidate_not_verified_note
mort_aux_vaches_01,27,Eb1,1517.5,5.5,0.777,machine_pitch_candidate_not_verified_note
mort_aux_vaches_01,38,D2,1518.0,2.0,0.379,machine_pitch_candidate_not_verified_note
mort_aux_vaches_01,46,Bb2,1518.0,4.0,0.705,machine_pitch_candidate_not_verified_note
mort_aux_vaches_01,47,B2,1518.0,4.0,0.713,machine_pitch_candidate_not_verified_note
mort_aux_vaches_01,28,E1,1518.5,3.0,0.501,machine_pitch_candidate_not_verified_note
mort_aux_vaches_01,31,G1,1518.5,2.0,0.461,machine_pitch_candidate_not_verified_note
mort_aux_vaches_01,29,F1,1521.0,7.0,0.747,machine_pitch_candidate_not_verified_note
mort_aux_vaches_01,30,F#1,1521.5,1.5,0.929,machine_pitch_candidate_not_verified_note
mort_aux_vaches_01,30,F#1,1524.0,6.5,0.932,machine_pitch_candidate_not_verified_note
mort_aux_vaches_01,32,Ab1,1529.5,4.0,0.954,machine_pitch_candidate_not_verified_note
mort_aux_vaches_01,31,G1,1530.0,5.0,0.582,machine_pitch_candidate_not_verified_note
mort_aux_vaches_01,46,Bb2,1533.0,2.0,0.499,machine_pitch_candidate_not_verified_note
mort_aux_vaches_01,27,Eb1,1533.5,2.5,0.755,machine_pitch_candidate_not_verified_note
mort_aux_vaches_01,47,B2,1533.5,1.5,1.0,machine_pitch_candidate_not_verified_note
mort_aux_vaches_01,28,E1,1534.5,2.0,0.554,machine_pitch_candidate_not_verified_note
mort_aux_vaches_01,32,Ab1,1535.5,1.5,0.659,machine_pitch_candidate_not_verified_note
mort_aux_vaches_01,49,C#3,1536.0,1.5,0.559,machine_pitch_candidate_not_verified_note
mort_aux_vaches_01,30,F#1,1536.5,4.0,0.867,machine_pitch_candidate_not_verified_note
mort_aux_vaches_01,29,F1,1538.0,2.0,0.463,machine_pitch_candidate_not_verified_note
mort_aux_vaches_01,48,C3,1538.5,1.5,0.388,machine_pitch_candidate_not_verified_note
mort_aux_vaches_01,27,Eb1,1540.0,5.0,0.827,machine_pitch_candidate_not_verified_note
mort_aux_vaches_01,31,G1,1540.0,2.5,0.715,machine_pitch_candidate_not_verified_note
mort_aux_vaches_01,32,Ab1,1540.0,5.0,0.538,machine_pitch_candidate_not_verified_note
mort_aux_vaches_01,28,E1,1540.5,3.0,0.469,machine_pitch_candidate_not_verified_note
mort_aux_vaches_01,47,B2,1541.0,1.5,0.486,machine_pitch_candidate_not_verified_note
mort_aux_vaches_01,46,Bb2,1543.0,2.0,0.497,machine_pitch_candidate_not_verified_note
mort_aux_vaches_01,30,F#1,1544.0,3.5,0.972,machine_pitch_candidate_not_verified_note
mort_aux_vaches_01,48,C3,1544.0,2.0,0.429,machine_pitch_candidate_not_verified_note
mort_aux_vaches_01,49,C#3,1544.0,1.5,0.476,machine_pitch_candidate_not_verified_note
mort_aux_vaches_01,27,Eb1,1545.5,3.0,0.676,machine_pitch_candidate_not_verified_note
mort_aux_vaches_01,29,F1,1545.5,2.5,0.791,machine_pitch_candidate_not_verified_note
mort_aux_vaches_01,46,Bb2,1546.0,4.0,0.786,machine_pitch_candidate_not_verified_note
mort_aux_vaches_01,49,C#3,1546.5,1.5,0.704,machine_pitch_candidate_not_verified_note
mort_aux_vaches_01,31,G1,1547.5,3.0,0.459,machine_pitch_candidate_not_verified_note
mort_aux_vaches_01,28,E1,1548.0,4.5,0.836,machine_pitch_candidate_not_verified_note
mort_aux_vaches_01,47,B2,1548.5,1.5,0.43,machine_pitch_candidate_not_verified_note
mort_aux_vaches_01,27,Eb1,1549.0,3.5,0.643,machine_pitch_candidate_not_verified_note
mort_aux_vaches_01,32,Ab1,1549.0,3.0,0.769,machine_pitch_candidate_not_verified_note
mort_aux_vaches_01,29,F1,1551.0,1.5,0.688,machine_pitch_candidate_not_verified_note
mort_aux_vaches_01,46,Bb2,1551.0,1.5,0.985,machine_pitch_candidate_not_verified_note
mort_aux_vaches_01,30,F#1,1551.5,4.0,0.902,machine_pitch_candidate_not_verified_note
mort_aux_vaches_01,29,F1,1553.5,2.0,0.645,machine_pitch_candidate_not_verified_note
mort_aux_vaches_01,49,C#3,1553.5,2.0,0.568,machine_pitch_candidate_not_verified_note
mort_aux_vaches_01,48,C3,1554.0,1.5,0.357,machine_pitch_candidate_not_verified_note
mort_aux_vaches_01,27,Eb1,1555.0,3.5,0.742,machine_pitch_candidate_not_verified_note
mort_aux_vaches_01,28,E1,1555.0,3.5,0.611,machine_pitch_candidate_not_verified_note
mort_aux_vaches_01,31,G1,1555.0,3.0,0.495,machine_pitch_candidate_not_verified_note
mort_aux_vaches_01,32,Ab1,1555.0,3.5,0.613,machine_pitch_candidate_not_verified_note
mort_aux_vaches_01,46,Bb2,1555.0,4.5,0.691,machine_pitch_candidate_not_verified_note
mort_aux_vaches_01,47,B2,1556.0,3.5,0.76,machine_pitch_candidate_not_verified_note
mort_aux_vaches_01,39,Eb2,1556.5,1.5,0.362,machine_pitch_candidate_not_verified_note
mort_aux_vaches_01,30,F#1,1558.0,4.5,0.937,machine_pitch_candidate_not_verified_note
mort_aux_vaches_01,29,F1,1558.5,2.0,0.723,machine_pitch_candidate_not_verified_note
mort_aux_vaches_01,48,C3,1561.0,2.0,0.545,machine_pitch_candidate_not_verified_note
mort_aux_vaches_01,28,E1,1562.0,4.0,0.598,machine_pitch_candidate_not_verified_note
mort_aux_vaches_01,32,Ab1,1562.0,1.5,0.64,machine_pitch_candidate_not_verified_note
mort_aux_vaches_01,46,Bb2,1562.0,6.0,0.865,machine_pitch_candidate_not_verified_note
mort_aux_vaches_01,27,Eb1,1562.5,3.5,0.745,machine_pitch_candidate_not_verified_note
mort_aux_vaches_01,31,G1,1562.5,3.5,0.568,machine_pitch_candidate_not_verified_note
mort_aux_vaches_01,39,Eb2,1562.5,2.0,0.512,machine_pitch_candidate_not_verified_note
mort_aux_vaches_01,47,B2,1563.5,3.5,0.56,machine_pitch_candidate_not_verified_note
mort_aux_vaches_01,32,Ab1,1564.0,3.0,0.728,machine_pitch_candidate_not_verified_note
mort_aux_vaches_01,29,F1,1566.0,4.0,0.735,machine_pitch_candidate_not_verified_note
mort_aux_vaches_01,49,C#3,1566.5,3.5,0.606,machine_pitch_candidate_not_verified_note
mort_aux_vaches_01,30,F#1,1567.0,3.5,0.808,machine_pitch_candidate_not_verified_note
mort_aux_vaches_01,31,G1,1569.5,4.0,0.629,machine_pitch_candidate_not_verified_note
mort_aux_vaches_01,32,Ab1,1570.5,3.0,0.602,machine_pitch_candidate_not_verified_note
mort_aux_vaches_01,46,Bb2,1570.5,7.0,0.61,machine_pitch_candidate_not_verified_note
mort_aux_vaches_01,47,B2,1570.5,3.0,0.864,machine_pitch_candidate_not_verified_note
mort_aux_vaches_01,28,E1,1571.0,2.5,0.726,machine_pitch_candidate_not_verified_note
mort_aux_vaches_01,29,F1,1571.0,1.5,0.631,machine_pitch_candidate_not_verified_note
mort_aux_vaches_01,30,F#1,1571.5,5.0,0.778,machine_pitch_candidate_not_verified_note
mort_aux_vaches_01,41,F2,1571.5,1.5,0.516,machine_pitch_candidate_not_verified_note
mort_aux_vaches_01,27,Eb1,1572.0,1.5,0.615,machine_pitch_candidate_not_verified_note
mort_aux_vaches_01,29,F1,1574.0,2.5,0.638,machine_pitch_candidate_not_verified_note
mort_aux_vaches_01,48,C3,1574.0,2.0,0.712,machine_pitch_candidate_not_verified_note
mort_aux_vaches_01,49,C#3,1574.0,1.5,0.699,machine_pitch_candidate_not_verified_note
mort_aux_vaches_01,31,G1,1575.5,4.0,0.863,machine_pitch_candidate_not_verified_note
mort_aux_vaches_01,32,Ab1,1575.5,4.5,0.75,machine_pitch_candidate_not_verified_note
mort_aux_vaches_01,51,Eb3,1576.0,3.0,0.495,machine_pitch_candidate_not_verified_note
mort_aux_vaches_01,50,D3,1576.5,2.0,0.528,machine_pitch_candidate_not_verified_note
mort_aux_vaches_01,27,Eb1,1577.5,5.0,0.717,machine_pitch_candidate_not_verified_note
mort_aux_vaches_01,46,Bb2,1578.0,4.0,0.538,machine_pitch_candidate_not_verified_note
mort_aux_vaches_01,28,E1,1578.5,2.0,0.546,machine_pitch_candidate_not_verified_note
mort_aux_vaches_01,47,B2,1579.0,2.0,0.622,machine_pitch_candidate_not_verified_note
mort_aux_vaches_01,32,Ab1,1580.5,2.0,0.405,machine_pitch_candidate_not_verified_note
mort_aux_vaches_01,29,F1,1581.5,2.5,0.573,machine_pitch_candidate_not_verified_note
mort_aux_vaches_01,30,F#1,1582.5,5.0,0.99,machine_pitch_candidate_not_verified_note
mort_aux_vaches_01,48,C3,1583.5,2.0,0.401,machine_pitch_candidate_not_verified_note
mort_aux_vaches_01,29,F1,1584.5,2.5,0.447,machine_pitch_candidate_not_verified_note
mort_aux_vaches_01,27,Eb1,1585.5,4.0,0.579,machine_pitch_candidate_not_verified_note
mort_aux_vaches_01,36,C2,1586.5,2.0,0.932,machine_pitch_candidate_not_verified_note
mort_aux_vaches_01,37,C#2,1586.5,2.0,0.762,machine_pitch_candidate_not_verified_note
mort_aux_vaches_01,30,F#1,1588.0,3.5,0.718,machine_pitch_candidate_not_verified_note
mort_aux_vaches_01,29,F1,1588.5,2.0,0.449,machine_pitch_candidate_not_verified_note
mort_aux_vaches_01,34,Bb1,1588.5,4.5,0.818,machine_pitch_candidate_not_verified_note
mort_aux_vaches_01,35,B1,1588.5,4.5,0.863,machine_pitch_candidate_not_verified_note
mort_aux_vaches_01,31,G1,1592.0,8.5,0.727,machine_pitch_candidate_not_verified_note
mort_aux_vaches_01,32,Ab1,1592.5,8.5,0.809,machine_pitch_candidate_not_verified_note
mort_aux_vaches_01,27,Eb1,1594.5,1.5,0.474,machine_pitch_candidate_not_verified_note
mort_aux_vaches_01,28,E1,1595.5,1.5,0.372,machine_pitch_candidate_not_verified_note
mort_aux_vaches_01,51,Eb3,1597.5,1.5,0.361,machine_pitch_candidate_not_verified_note
mort_aux_vaches_01,36,C2,1599.5,3.0,0.774,machine_pitch_candidate_not_verified_note
mort_aux_vaches_01,37,C#2,1599.5,3.0,0.71,machine_pitch_candidate_not_verified_note
mort_aux_vaches_01,46,Bb2,1601.0,1.5,0.347,machine_pitch_candidate_not_verified_note
mort_aux_vaches_01,47,B2,1601.0,1.5,0.373,machine_pitch_candidate_not_verified_note
mort_aux_vaches_01,34,Bb1,1601.5,1.5,0.765,machine_pitch_candidate_not_verified_note
mort_aux_vaches_01,30,F#1,1602.0,3.5,0.328,machine_pitch_candidate_not_verified_note
mort_aux_vaches_01,35,B1,1602.5,5.5,0.831,machine_pitch_candidate_not_verified_note
mort_aux_vaches_01,34,Bb1,1603.5,4.0,0.908,machine_pitch_candidate_not_verified_note
mort_aux_vaches_01,53,F3,1604.0,1.5,0.647,machine_pitch_candidate_not_verified_note
mort_aux_vaches_01,31,G1,1606.0,7.0,0.783,machine_pitch_candidate_not_verified_note
mort_aux_vaches_01,32,Ab1,1607.0,8.0,0.809,machine_pitch_candidate_not_verified_note
mort_aux_vaches_01,30,F#1,1612.0,3.0,0.545,machine_pitch_candidate_not_verified_note
mort_aux_vaches_01,39,Eb2,1612.0,3.0,0.727,machine_pitch_candidate_not_verified_note
mort_aux_vaches_01,40,E2,1613.0,2.0,0.436,machine_pitch_candidate_not_verified_note
mort_aux_vaches_01,46,Bb2,1613.0,2.0,0.514,machine_pitch_candidate_not_verified_note
mort_aux_vaches_01,31,G1,1614.5,2.0,0.418,machine_pitch_candidate_not_verified_note
mort_aux_vaches_01,36,C2,1614.5,3.5,0.875,machine_pitch_candidate_not_verified_note
mort_aux_vaches_01,37,C#2,1614.5,2.0,0.729,machine_pitch_candidate_not_verified_note
mort_aux_vaches_01,29,F1,1617.5,2.0,0.5,machine_pitch_candidate_not_verified_note
mort_aux_vaches_01,34,Bb1,1617.5,4.5,0.788,machine_pitch_candidate_not_verified_note
mort_aux_vaches_01,27,Eb1,1618.0,1.5,0.679,machine_pitch_candidate_not_verified_note
mort_aux_vaches_01,30,F#1,1618.0,1.5,0.708,machine_pitch_candidate_not_verified_note
mort_aux_vaches_01,53,F3,1618.0,1.5,0.717,machine_pitch_candidate_not_verified_note
mort_aux_vaches_01,35,B1,1620.0,2.0,0.953,machine_pitch_candidate_not_verified_note
mort_aux_vaches_01,31,G1,1620.5,3.0,0.787,machine_pitch_candidate_not_verified_note
mort_aux_vaches_01,32,Ab1,1621.0,8.0,0.874,machine_pitch_candidate_not_verified_note
mort_aux_vaches_01,27,Eb1,1621.5,2.0,0.458,machine_pitch_candidate_not_verified_note
mort_aux_vaches_01,31,G1,1624.0,4.5,0.736,machine_pitch_candidate_not_verified_note
mort_aux_vaches_01,27,Eb1,1626.0,1.5,0.42,machine_pitch_candidate_not_verified_note
mort_aux_vaches_01,30,F#1,1626.5,1.5,0.397,machine_pitch_candidate_not_verified_note
mort_aux_vaches_01,51,Eb3,1627.0,1.5,0.371,machine_pitch_candidate_not_verified_note
mort_aux_vaches_01,35,B1,1627.5,4.5,0.817,machine_pitch_candidate_not_verified_note
mort_aux_vaches_01,34,Bb1,1628.0,3.0,0.635,machine_pitch_candidate_not_verified_note
mort_aux_vaches_01,31,G1,1630.0,6.5,0.679,machine_pitch_candidate_not_verified_note
mort_aux_vaches_01,32,Ab1,1630.0,6.5,0.915,machine_pitch_candidate_not_verified_note
mort_aux_vaches_01,27,Eb1,1633.5,3.5,0.619,machine_pitch_candidate_not_verified_note
mort_aux_vaches_01,36,C2,1634.0,1.5,0.38,machine_pitch_candidate_not_verified_note
mort_aux_vaches_01,37,C#2,1634.0,1.5,0.523,machine_pitch_candidate_not_verified_note
mort_aux_vaches_01,28,E1,1634.5,2.5,0.456,machine_pitch_candidate_not_verified_note
mort_aux_vaches_01,46,Bb2,1635.5,1.5,0.843,machine_pitch_candidate_not_verified_note
mort_aux_vaches_01,34,Bb1,1637.0,6.0,0.706,machine_pitch_candidate_not_verified_note
mort_aux_vaches_01,35,B1,1637.5,4.5,0.871,machine_pitch_candidate_not_verified_note
mort_aux_vaches_01,31,G1,1639.5,9.0,0.735,machine_pitch_candidate_not_verified_note
mort_aux_vaches_01,32,Ab1,1640.0,13.0,0.779,machine_pitch_candidate_not_verified_note
mort_aux_vaches_01,27,Eb1,1641.0,2.0,0.352,machine_pitch_candidate_not_verified_note
mort_aux_vaches_01,51,Eb3,1641.0,2.5,0.556,machine_pitch_candidate_not_verified_note
mort_aux_vaches_01,35,B1,1642.5,1.5,0.301,machine_pitch_candidate_not_verified_note
mort_aux_vaches_01,51,Eb3,1645.0,2.5,0.585,machine_pitch_candidate_not_verified_note
mort_aux_vaches_01,50,D3,1645.5,2.5,0.436,machine_pitch_candidate_not_verified_note
mort_aux_vaches_01,39,Eb2,1646.5,4.0,0.745,machine_pitch_candidate_not_verified_note
mort_aux_vaches_01,40,E2,1647.5,2.5,0.487,machine_pitch_candidate_not_verified_note
mort_aux_vaches_01,27,Eb1,1649.0,1.5,0.484,machine_pitch_candidate_not_verified_note
mort_aux_vaches_01,36,C2,1649.5,1.5,0.594,machine_pitch_candidate_not_verified_note
mort_aux_vaches_01,37,C#2,1649.5,3.5,0.811,machine_pitch_candidate_not_verified_note
mort_aux_vaches_01,25,C#1,1652.0,1.5,0.49,machine_pitch_candidate_not_verified_note
mort_aux_vaches_01,34,Bb1,1653.0,3.5,0.83,machine_pitch_candidate_not_verified_note
mort_aux_vaches_01,35,B1,1653.5,6.0,0.779,machine_pitch_candidate_not_verified_note
mort_aux_vaches_01,34,Bb1,1657.0,3.0,0.609,machine_pitch_candidate_not_verified_note
mort_aux_vaches_01,31,G1,1658.5,10.5,0.919,machine_pitch_candidate_not_verified_note
mort_aux_vaches_01,32,Ab1,1660.5,2.5,0.878,machine_pitch_candidate_not_verified_note
mort_aux_vaches_01,35,B1,1662.5,2.5,0.385,machine_pitch_candidate_not_verified_note
mort_aux_vaches_01,34,Bb1,1663.5,1.5,0.363,machine_pitch_candidate_not_verified_note
mort_aux_vaches_01,32,Ab1,1664.0,5.0,0.872,machine_pitch_candidate_not_verified_note
mort_aux_vaches_01,36,C2,1666.0,1.5,0.29,machine_pitch_candidate_not_verified_note
mort_aux_vaches_01,34,Bb1,1668.0,7.5,0.804,machine_pitch_candidate_not_verified_note
mort_aux_vaches_01,35,B1,1669.5,11.5,0.695,machine_pitch_candidate_not_verified_note
mort_aux_vaches_01,31,G1,1674.5,5.0,0.673,machine_pitch_candidate_not_verified_note
mort_aux_vaches_01,32,Ab1,1674.5,5.0,0.561,machine_pitch_candidate_not_verified_note
mort_aux_vaches_01,34,Bb1,1676.0,2.0,0.85,machine_pitch_candidate_not_verified_note
mort_aux_vaches_01,34,Bb1,1678.5,8.0,0.785,machine_pitch_candidate_not_verified_note
mort_aux_vaches_01,32,Ab1,1680.0,2.0,0.729,machine_pitch_candidate_not_verified_note
mort_aux_vaches_01,31,G1,1680.5,2.0,0.592,machine_pitch_candidate_not_verified_note
mort_aux_vaches_01,29,F1,1681.5,2.5,0.746,machine_pitch_candidate_not_verified_note
mort_aux_vaches_01,32,Ab1,1682.5,1.5,0.861,machine_pitch_candidate_not_verified_note
mort_aux_vaches_01,35,B1,1684.5,3.0,0.826,machine_pitch_candidate_not_verified_note
mort_aux_vaches_01,32,Ab1,1685.0,6.5,0.503,machine_pitch_candidate_not_verified_note
mort_aux_vaches_01,27,Eb1,1686.5,1.5,0.927,machine_pitch_candidate_not_verified_note
mort_aux_vaches_01,28,E1,1687.0,3.5,0.531,machine_pitch_candidate_not_verified_note
mort_aux_vaches_01,31,G1,1687.0,3.5,0.753,machine_pitch_candidate_not_verified_note
mort_aux_vaches_01,46,Bb2,1687.0,4.0,0.754,machine_pitch_candidate_not_verified_note
mort_aux_vaches_01,47,B2,1687.0,3.5,0.657,machine_pitch_candidate_not_verified_note
mort_aux_vaches_01,27,Eb1,1688.5,1.5,0.783,machine_pitch_candidate_not_verified_note
mort_aux_vaches_01,34,Bb1,1691.0,3.5,0.843,machine_pitch_candidate_not_verified_note
mort_aux_vaches_01,35,B1,1691.0,4.0,0.402,machine_pitch_candidate_not_verified_note
mort_aux_vaches_01,30,F#1,1692.0,8.5,0.821,machine_pitch_candidate_not_verified_note
mort_aux_vaches_01,29,F1,1693.0,7.0,0.675,machine_pitch_candidate_not_verified_note
mort_aux_vaches_01,27,Eb1,1694.5,1.5,0.485,machine_pitch_candidate_not_verified_note
mort_aux_vaches_01,31,G1,1699.5,7.0,0.922,machine_pitch_candidate_not_verified_note
mort_aux_vaches_01,32,Ab1,1701.0,4.5,0.661,machine_pitch_candidate_not_verified_note
mort_aux_vaches_01,27,Eb1,1704.0,3.5,0.491,machine_pitch_candidate_not_verified_note
mort_aux_vaches_01,28,E1,1704.0,2.5,0.732,machine_pitch_candidate_not_verified_note
mort_aux_vaches_01,34,Bb1,1706.0,4.0,0.683,machine_pitch_candidate_not_verified_note
mort_aux_vaches_01,35,B1,1706.0,3.5,0.68,machine_pitch_candidate_not_verified_note
mort_aux_vaches_01,28,E1,1707.0,7.0,0.808,machine_pitch_candidate_not_verified_note
mort_aux_vaches_01,31,G1,1707.0,1.5,0.481,machine_pitch_candidate_not_verified_note
mort_aux_vaches_01,27,Eb1,1708.0,4.0,0.781,machine_pitch_candidate_not_verified_note
mort_aux_vaches_01,32,Ab1,1708.5,2.5,0.823,machine_pitch_candidate_not_verified_note
mort_aux_vaches_01,46,Bb2,1709.0,1.5,0.602,machine_pitch_candidate_not_verified_note
mort_aux_vaches_01,30,F#1,1711.0,1.5,0.696,machine_pitch_candidate_not_verified_note
mort_aux_vaches_01,31,G1,1712.5,2.5,0.65,machine_pitch_candidate_not_verified_note
mort_aux_vaches_01,32,Ab1,1712.5,10.5,0.855,machine_pitch_candidate_not_verified_note
mort_aux_vaches_01,34,Bb1,1714.0,2.5,0.932,machine_pitch_candidate_not_verified_note
mort_aux_vaches_01,28,E1,1714.5,8.5,0.614,machine_pitch_candidate_not_verified_note
mort_aux_vaches_01,35,B1,1715.0,2.5,0.727,machine_pitch_candidate_not_verified_note
mort_aux_vaches_01,31,G1,1716.0,3.0,0.594,machine_pitch_candidate_not_verified_note
mort_aux_vaches_01,27,Eb1,1716.5,4.0,0.641,machine_pitch_candidate_not_verified_note
mort_aux_vaches_01,46,Bb2,1718.5,2.5,0.532,machine_pitch_candidate_not_verified_note
mort_aux_vaches_01,31,G1,1720.0,3.0,0.537,machine_pitch_candidate_not_verified_note
mort_aux_vaches_01,27,Eb1,1721.0,2.5,0.546,machine_pitch_candidate_not_verified_note
mort_aux_vaches_01,36,C2,1721.0,2.5,0.747,machine_pitch_candidate_not_verified_note
mort_aux_vaches_01,37,C#2,1721.5,2.5,0.615,machine_pitch_candidate_not_verified_note
mort_aux_vaches_01,34,Bb1,1723.5,4.0,0.971,machine_pitch_candidate_not_verified_note
mort_aux_vaches_01,35,B1,1724.0,2.0,0.664,machine_pitch_candidate_not_verified_note
mort_aux_vaches_01,53,F3,1724.5,2.5,0.411,machine_pitch_candidate_not_verified_note
mort_aux_vaches_01,32,Ab1,1727.5,4.0,0.623,machine_pitch_candidate_not_verified_note
mort_aux_vaches_01,50,D3,1727.5,7.5,0.675,machine_pitch_candidate_not_verified_note
mort_aux_vaches_01,31,G1,1728.0,7.0,0.937,machine_pitch_candidate_not_verified_note
mort_aux_vaches_01,35,B1,1729.5,1.5,0.449,machine_pitch_candidate_not_verified_note
mort_aux_vaches_01,39,Eb2,1734.0,2.5,0.961,machine_pitch_candidate_not_verified_note
mort_aux_vaches_01,31,G1,1736.5,2.0,0.532,machine_pitch_candidate_not_verified_note
mort_aux_vaches_01,35,B1,1736.5,1.5,0.758,machine_pitch_candidate_not_verified_note
mort_aux_vaches_01,55,G3,1736.5,2.0,0.84,machine_pitch_candidate_not_verified_note
mort_aux_vaches_01,58,Bb3,1736.5,2.0,0.712,machine_pitch_candidate_not_verified_note
mort_aux_vaches_01,30,F#1,1737.0,1.5,0.344,machine_pitch_candidate_not_verified_note
mort_aux_vaches_01,39,Eb2,1737.0,1.5,0.639,machine_pitch_candidate_not_verified_note
mort_aux_vaches_01,36,C2,1738.0,1.5,1.0,machine_pitch_candidate_not_verified_note
mort_aux_vaches_01,31,G1,1739.0,1.5,0.676,machine_pitch_candidate_not_verified_note
mort_aux_vaches_01,34,Bb1,1739.5,5.5,0.958,machine_pitch_candidate_not_verified_note
mort_aux_vaches_01,35,B1,1739.5,2.0,0.846,machine_pitch_candidate_not_verified_note
mort_aux_vaches_01,27,Eb1,1740.0,2.0,0.339,machine_pitch_candidate_not_verified_note
mort_aux_vaches_01,53,F3,1741.0,2.0,0.624,machine_pitch_candidate_not_verified_note
mort_aux_vaches_01,35,B1,1743.5,1.5,0.603,machine_pitch_candidate_not_verified_note
mort_aux_vaches_01,31,G1,1744.5,4.0,0.791,machine_pitch_candidate_not_verified_note
mort_aux_vaches_01,32,Ab1,1744.5,3.5,0.73,machine_pitch_candidate_not_verified_note
mort_aux_vaches_01,34,Bb1,1747.5,1.5,0.488,machine_pitch_candidate_not_verified_note
mort_aux_vaches_01,31,G1,1749.5,48.5,0.967,machine_pitch_candidate_not_verified_note
mort_aux_vaches_01,32,Ab1,1749.5,7.0,0.786,machine_pitch_candidate_not_verified_note
mort_aux_vaches_01,50,D3,1751.5,1.5,0.778,machine_pitch_candidate_not_verified_note
mort_aux_vaches_01,32,Ab1,1757.5,2.0,0.877,machine_pitch_candidate_not_verified_note
mort_aux_vaches_01,32,Ab1,1760.0,2.5,0.58,machine_pitch_candidate_not_verified_note
mort_aux_vaches_01,32,Ab1,1763.5,6.0,0.603,machine_pitch_candidate_not_verified_note
mort_aux_vaches_01,32,Ab1,1771.0,6.0,0.709,machine_pitch_candidate_not_verified_note
mort_aux_vaches_01,32,Ab1,1777.5,6.5,0.642,machine_pitch_candidate_not_verified_note
mort_aux_vaches_01,32,Ab1,1785.0,3.0,0.866,machine_pitch_candidate_not_verified_note
mort_aux_vaches_01,32,Ab1,1788.5,9.5,0.788,machine_pitch_candidate_not_verified_note
mort_aux_vaches_01,35,B1,1795.5,1.5,0.742,machine_pitch_candidate_not_verified_note
mort_aux_vaches_01,30,F#1,1796.5,1.5,0.468,machine_pitch_candidate_not_verified_note
mort_aux_vaches_01,31,G1,1798.5,73.0,0.923,machine_pitch_candidate_not_verified_note
mort_aux_vaches_01,32,Ab1,1798.5,7.5,0.654,machine_pitch_candidate_not_verified_note
mort_aux_vaches_01,50,D3,1798.5,3.0,0.348,machine_pitch_candidate_not_verified_note
mort_aux_vaches_01,30,F#1,1809.0,2.5,0.441,machine_pitch_candidate_not_verified_note
mort_aux_vaches_01,32,Ab1,1810.0,6.5,0.653,machine_pitch_candidate_not_verified_note
mort_aux_vaches_01,50,D3,1815.0,4.0,0.387,machine_pitch_candidate_not_verified_note
mort_aux_vaches_01,28,E1,1817.5,1.5,0.364,machine_pitch_candidate_not_verified_note
mort_aux_vaches_01,32,Ab1,1817.5,6.0,0.523,machine_pitch_candidate_not_verified_note
mort_aux_vaches_01,50,D3,1823.5,1.5,0.373,machine_pitch_candidate_not_verified_note
mort_aux_vaches_01,32,Ab1,1824.5,6.5,0.628,machine_pitch_candidate_not_verified_note
mort_aux_vaches_01,34,Bb1,1824.5,1.5,0.359,machine_pitch_candidate_not_verified_note
mort_aux_vaches_01,35,B1,1824.5,2.0,0.415,machine_pitch_candidate_not_verified_note
mort_aux_vaches_01,29,F1,1827.0,1.5,0.731,machine_pitch_candidate_not_verified_note
mort_aux_vaches_01,51,Eb3,1827.5,1.5,0.387,machine_pitch_candidate_not_verified_note
mort_aux_vaches_01,50,D3,1828.0,3.5,0.609,machine_pitch_candidate_not_verified_note
mort_aux_vaches_01,43,G2,1830.0,1.5,0.311,machine_pitch_candidate_not_verified_note
mort_aux_vaches_01,49,C#3,1831.5,1.5,0.567,machine_pitch_candidate_not_verified_note
mort_aux_vaches_01,50,D3,1834.0,5.0,0.42,machine_pitch_candidate_not_verified_note
mort_aux_vaches_01,32,Ab1,1835.0,6.5,0.675,machine_pitch_candidate_not_verified_note
mort_aux_vaches_01,51,Eb3,1837.5,1.5,0.486,machine_pitch_candidate_not_verified_note
mort_aux_vaches_01,50,D3,1840.0,8.0,0.529,machine_pitch_candidate_not_verified_note
mort_aux_vaches_01,51,Eb3,1840.5,2.0,0.357,machine_pitch_candidate_not_verified_note
mort_aux_vaches_01,32,Ab1,1842.0,2.5,0.752,machine_pitch_candidate_not_verified_note
mort_aux_vaches_01,51,Eb3,1843.5,1.5,0.335,machine_pitch_candidate_not_verified_note
mort_aux_vaches_01,32,Ab1,1845.5,2.5,0.657,machine_pitch_candidate_not_verified_note
mort_aux_vaches_01,51,Eb3,1845.5,2.5,0.338,machine_pitch_candidate_not_verified_note
mort_aux_vaches_01,32,Ab1,1848.5,7.0,0.567,machine_pitch_candidate_not_verified_note
mort_aux_vaches_01,50,D3,1848.5,15.0,0.824,machine_pitch_candidate_not_verified_note
mort_aux_vaches_01,51,Eb3,1850.5,3.5,0.465,machine_pitch_candidate_not_verified_note
mort_aux_vaches_01,51,Eb3,1855.5,2.0,0.587,machine_pitch_candidate_not_verified_note
mort_aux_vaches_01,32,Ab1,1856.5,2.0,0.862,machine_pitch_candidate_not_verified_note
mort_aux_vaches_01,51,Eb3,1858.0,5.0,0.528,machine_pitch_candidate_not_verified_note
mort_aux_vaches_01,39,Eb2,1859.0,1.5,0.391,machine_pitch_candidate_not_verified_note
mort_aux_vaches_01,32,Ab1,1860.5,2.0,0.78,machine_pitch_candidate_not_verified_note
mort_aux_vaches_01,27,Eb1,1863.5,2.5,0.546,machine_pitch_candidate_not_verified_note
mort_aux_vaches_01,35,B1,1863.5,3.0,0.628,machine_pitch_candidate_not_verified_note
mort_aux_vaches_01,32,Ab1,1864.0,3.5,0.486,machine_pitch_candidate_not_verified_note
mort_aux_vaches_01,34,Bb1,1864.0,2.0,0.399,machine_pitch_candidate_not_verified_note
mort_aux_vaches_01,78,F#5,1865.0,2.5,0.48,machine_pitch_candidate_not_verified_note
mort_aux_vaches_01,50,D3,1865.5,5.5,0.76,machine_pitch_candidate_not_verified_note
mort_aux_vaches_01,51,Eb3,1865.5,2.5,0.656,machine_pitch_candidate_not_verified_note
mort_aux_vaches_01,39,Eb2,1866.0,1.5,0.463,machine_pitch_candidate_not_verified_note
mort_aux_vaches_01,35,B1,1869.0,5.0,0.786,machine_pitch_candidate_not_verified_note
mort_aux_vaches_01,25,C#1,1869.5,2.0,0.738,machine_pitch_candidate_not_verified_note
mort_aux_vaches_01,32,Ab1,1869.5,3.5,0.372,machine_pitch_candidate_not_verified_note
mort_aux_vaches_01,34,Bb1,1870.0,3.5,0.649,machine_pitch_candidate_not_verified_note
mort_aux_vaches_01,38,D2,1870.0,2.0,0.49,machine_pitch_candidate_not_verified_note
mort_aux_vaches_01,46,Bb2,1870.5,1.5,0.557,machine_pitch_candidate_not_verified_note
mort_aux_vaches_01,75,Eb5,1871.0,1.5,0.351,machine_pitch_candidate_not_verified_note
mort_aux_vaches_01,51,Eb3,1872.5,2.0,0.506,machine_pitch_candidate_not_verified_note
mort_aux_vaches_01,25,C#1,1873.0,2.0,0.846,machine_pitch_candidate_not_verified_note
mort_aux_vaches_01,50,D3,1873.5,9.5,0.853,machine_pitch_candidate_not_verified_note
mort_aux_vaches_01,51,Eb3,1875.0,5.0,0.613,machine_pitch_candidate_not_verified_note
mort_aux_vaches_01,35,B1,1877.0,2.5,0.66,machine_pitch_candidate_not_verified_note
mort_aux_vaches_01,25,C#1,1877.5,4.5,0.807,machine_pitch_candidate_not_verified_note
mort_aux_vaches_01,34,Bb1,1877.5,2.0,0.431,machine_pitch_candidate_not_verified_note
mort_aux_vaches_01,28,E1,1878.5,1.5,0.478,machine_pitch_candidate_not_verified_note
mort_aux_vaches_01,31,G1,1878.5,6.0,0.43,machine_pitch_candidate_not_verified_note
mort_aux_vaches_01,34,Bb1,1880.5,3.0,0.522,machine_pitch_candidate_not_verified_note
mort_aux_vaches_01,35,B1,1880.5,2.0,0.361,machine_pitch_candidate_not_verified_note
mort_aux_vaches_01,38,D2,1881.0,2.5,0.425,machine_pitch_candidate_not_verified_note
mort_aux_vaches_01,51,Eb3,1881.0,3.0,0.739,machine_pitch_candidate_not_verified_note
mort_aux_vaches_01,81,A5,1881.5,4.5,0.58,machine_pitch_candidate_not_verified_note
mort_aux_vaches_01,86,D6,1882.0,1.5,0.515,machine_pitch_candidate_not_verified_note
mort_aux_vaches_01,25,C#1,1883.0,3.5,0.647,machine_pitch_candidate_not_verified_note
mort_aux_vaches_01,84,C6,1883.5,1.5,0.736,machine_pitch_candidate_not_verified_note
mort_aux_vaches_01,27,Eb1,1884.0,3.5,0.753,machine_pitch_candidate_not_verified_note
mort_aux_vaches_01,35,B1,1884.0,11.0,0.705,machine_pitch_candidate_not_verified_note
mort_aux_vaches_01,24,C1,1884.5,1.5,0.401,machine_pitch_candidate_not_verified_note
mort_aux_vaches_01,34,Bb1,1884.5,9.0,0.669,machine_pitch_candidate_not_verified_note
mort_aux_vaches_01,78,F#5,1884.5,1.5,0.521,machine_pitch_candidate_not_verified_note
mort_aux_vaches_01,50,D3,1886.0,9.0,0.77,machine_pitch_candidate_not_verified_note
mort_aux_vaches_01,83,B5,1886.0,1.5,0.495,machine_pitch_candidate_not_verified_note
mort_aux_vaches_01,86,D6,1886.0,1.5,0.613,machine_pitch_candidate_not_verified_note
mort_aux_vaches_01,89,F6,1886.0,1.5,0.484,machine_pitch_candidate_not_verified_note
mort_aux_vaches_01,28,E1,1886.5,3.0,0.729,machine_pitch_candidate_not_verified_note
mort_aux_vaches_01,25,C#1,1888.0,2.5,0.765,machine_pitch_candidate_not_verified_note
mort_aux_vaches_01,42,F#2,1888.0,2.0,0.525,machine_pitch_candidate_not_verified_note
mort_aux_vaches_01,31,G1,1888.5,1.5,0.669,machine_pitch_candidate_not_verified_note
mort_aux_vaches_01,69,A4,1888.5,2.0,0.751,machine_pitch_candidate_not_verified_note
mort_aux_vaches_01,78,F#5,1889.0,1.5,0.788,machine_pitch_candidate_not_verified_note
mort_aux_vaches_01,27,Eb1,1890.5,3.5,0.751,machine_pitch_candidate_not_verified_note
mort_aux_vaches_01,51,Eb3,1891.0,1.5,0.668,machine_pitch_candidate_not_verified_note
mort_aux_vaches_01,81,A5,1891.0,1.5,0.433,machine_pitch_candidate_not_verified_note
mort_aux_vaches_01,25,C#1,1892.5,2.0,0.459,machine_pitch_candidate_not_verified_note
mort_aux_vaches_01,46,Bb2,1892.5,1.5,0.357,machine_pitch_candidate_not_verified_note
mort_aux_vaches_01,51,Eb3,1893.5,7.0,0.57,machine_pitch_candidate_not_verified_note
mort_aux_vaches_01,28,E1,1894.0,1.5,0.427,machine_pitch_candidate_not_verified_note
mort_aux_vaches_01,78,F#5,1894.0,7.5,0.758,machine_pitch_candidate_not_verified_note
mort_aux_vaches_01,31,G1,1894.5,3.5,0.966,machine_pitch_candidate_not_verified_note
mort_aux_vaches_01,81,A5,1894.5,4.5,0.691,machine_pitch_candidate_not_verified_note
mort_aux_vaches_01,27,Eb1,1895.0,1.5,0.361,machine_pitch_candidate_not_verified_note
mort_aux_vaches_01,50,D3,1895.5,25.5,0.842,machine_pitch_candidate_not_verified_note
mort_aux_vaches_01,84,C6,1895.5,4.0,0.474,machine_pitch_candidate_not_verified_note
mort_aux_vaches_01,25,C#1,1898.0,4.0,0.455,machine_pitch_candidate_not_verified_note
mort_aux_vaches_01,31,G1,1900.5,5.0,0.484,machine_pitch_candidate_not_verified_note
mort_aux_vaches_01,51,Eb3,1901.0,19.5,0.696,machine_pitch_candidate_not_verified_note
mort_aux_vaches_01,74,D5,1902.5,1.5,0.602,machine_pitch_candidate_not_verified_note
mort_aux_vaches_01,78,F#5,1902.5,5.0,0.686,machine_pitch_candidate_not_verified_note
mort_aux_vaches_01,82,Bb5,1902.5,1.5,0.407,machine_pitch_candidate_not_verified_note
mort_aux_vaches_01,27,Eb1,1903.5,1.5,0.8,machine_pitch_candidate_not_verified_note
mort_aux_vaches_01,86,D6,1903.5,2.0,0.366,machine_pitch_candidate_not_verified_note
mort_aux_vaches_01,81,A5,1904.0,1.5,0.561,machine_pitch_candidate_not_verified_note
mort_aux_vaches_01,34,Bb1,1904.5,1.5,0.495,machine_pitch_candidate_not_verified_note
mort_aux_vaches_01,25,C#1,1906.0,2.0,0.482,machine_pitch_candidate_not_verified_note
mort_aux_vaches_01,27,Eb1,1907.5,2.0,0.507,machine_pitch_candidate_not_verified_note
mort_aux_vaches_01,31,G1,1907.5,1.5,0.431,machine_pitch_candidate_not_verified_note
mort_aux_vaches_01,81,A5,1907.5,4.5,0.673,machine_pitch_candidate_not_verified_note
mort_aux_vaches_01,86,D6,1907.5,2.5,0.436,machine_pitch_candidate_not_verified_note
mort_aux_vaches_01,74,D5,1908.5,1.5,0.443,machine_pitch_candidate_not_verified_note
mort_aux_vaches_01,78,F#5,1908.5,2.0,0.735,machine_pitch_candidate_not_verified_note
mort_aux_vaches_01,31,G1,1909.5,1.5,0.374,machine_pitch_candidate_not_verified_note
mort_aux_vaches_01,84,C6,1909.5,2.5,0.335,machine_pitch_candidate_not_verified_note
mort_aux_vaches_01,86,D6,1910.5,6.5,0.46,machine_pitch_candidate_not_verified_note
mort_aux_vaches_01,81,A5,1913.0,1.5,0.582,machine_pitch_candidate_not_verified_note
mort_aux_vaches_01,84,C6,1913.0,1.5,0.359,machine_pitch_candidate_not_verified_note
mort_aux_vaches_01,31,G1,1914.0,1.5,0.66,machine_pitch_candidate_not_verified_note
mort_aux_vaches_01,32,Ab1,1914.5,1.5,0.474,machine_pitch_candidate_not_verified_note
mort_aux_vaches_01,75,Eb5,1915.0,1.5,0.332,machine_pitch_candidate_not_verified_note
mort_aux_vaches_01,78,F#5,1915.5,5.5,0.619,machine_pitch_candidate_not_verified_note
mort_aux_vaches_01,93,A6,1915.5,2.0,0.76,machine_pitch_candidate_not_verified_note
mort_aux_vaches_01,86,D6,1918.5,2.0,0.845,machine_pitch_candidate_not_verified_note
mort_aux_vaches_01,84,C6,1919.0,4.0,0.397,machine_pitch_candidate_not_verified_note
mort_aux_vaches_01,87,Eb6,1920.0,3.0,0.693,machine_pitch_candidate_not_verified_note
mort_aux_vaches_01,80,Ab5,1920.5,3.0,0.714,machine_pitch_candidate_not_verified_note
mort_aux_vaches_01,83,B5,1920.5,5.0,0.847,machine_pitch_candidate_not_verified_note
mort_aux_vaches_01,50,D3,1923.0,1.5,0.558,machine_pitch_candidate_not_verified_note
mort_aux_vaches_01,51,Eb3,1923.0,1.5,0.613,machine_pitch_candidate_not_verified_note
mort_aux_vaches_01,74,D5,1923.0,3.5,0.486,machine_pitch_candidate_not_verified_note
mort_aux_vaches_01,31,G1,1925.0,1.5,0.362,machine_pitch_candidate_not_verified_note
mort_aux_vaches_01,50,D3,1925.0,1.5,0.75,machine_pitch_candidate_not_verified_note
mort_aux_vaches_01,51,Eb3,1925.0,1.5,0.455,machine_pitch_candidate_not_verified_note
mort_aux_vaches_01,78,F#5,1925.0,1.5,0.359,machine_pitch_candidate_not_verified_note
mort_aux_vaches_01,79,G5,1926.0,1.5,0.447,machine_pitch_candidate_not_verified_note
mort_aux_vaches_01,80,Ab5,1926.0,1.5,0.835,machine_pitch_candidate_not_verified_note
mort_aux_vaches_01,83,B5,1926.5,1.5,0.927,machine_pitch_candidate_not_verified_note
mort_aux_vaches_01,83,B5,1928.5,5.5,0.877,machine_pitch_candidate_not_verified_note
mort_aux_vaches_01,25,C#1,1931.0,1.5,1.0,machine_pitch_candidate_not_verified_note
mort_aux_vaches_01,34,Bb1,1931.0,1.5,0.336,machine_pitch_candidate_not_verified_note
mort_aux_vaches_01,50,D3,1932.0,1.5,0.498,machine_pitch_candidate_not_verified_note
mort_aux_vaches_01,74,D5,1932.5,1.5,0.612,machine_pitch_candidate_not_verified_note
mort_aux_vaches_01,80,Ab5,1934.0,2.5,0.626,machine_pitch_candidate_not_verified_note
mort_aux_vaches_01,86,D6,1934.0,2.0,0.484,machine_pitch_candidate_not_verified_note
mort_aux_vaches_01,75,Eb5,1934.5,1.5,0.711,machine_pitch_candidate_not_verified_note
mort_aux_vaches_01,83,B5,1934.5,12.0,0.951,machine_pitch_candidate_not_verified_note
mort_aux_vaches_01,35,B1,1936.0,2.0,0.379,machine_pitch_candidate_not_verified_note
mort_aux_vaches_01,31,G1,1936.5,2.5,0.539,machine_pitch_candidate_not_verified_note
mort_aux_vaches_01,84,C6,1937.5,1.5,0.394,machine_pitch_candidate_not_verified_note
mort_aux_vaches_01,74,D5,1945.0,1.5,0.764,machine_pitch_candidate_not_verified_note
mort_aux_vaches_01,27,Eb1,1945.5,2.0,0.771,machine_pitch_candidate_not_verified_note
mort_aux_vaches_01,35,B1,1946.0,1.5,0.647,machine_pitch_candidate_not_verified_note
mort_aux_vaches_01,82,Bb5,1946.5,2.0,0.947,machine_pitch_candidate_not_verified_note
mort_aux_vaches_01,60,C4,1950.0,2.0,0.827,machine_pitch_candidate_not_verified_note
mort_aux_vaches_01,25,C#1,1950.5,1.5,0.579,machine_pitch_candidate_not_verified_note
mort_aux_vaches_01,84,C6,1951.0,2.5,0.865,machine_pitch_candidate_not_verified_note
mort_aux_vaches_01,35,B1,1952.5,1.5,0.395,machine_pitch_candidate_not_verified_note
mort_aux_vaches_01,77,F5,1952.5,1.5,0.599,machine_pitch_candidate_not_verified_note
mort_aux_vaches_01,46,Bb2,1955.5,5.5,0.958,machine_pitch_candidate_not_verified_note
mort_aux_vaches_01,44,Ab2,1960.5,4.5,1.0,machine_pitch_candidate_not_verified_note
mort_aux_vaches_01,36,C2,1965.0,5.5,0.95,machine_pitch_candidate_not_verified_note
mort_aux_vaches_01,39,Eb2,1965.0,4.5,0.733,machine_pitch_candidate_not_verified_note
mort_aux_vaches_01,55,G3,1970.0,5.0,1.0,machine_pitch_candidate_not_verified_note
mort_aux_vaches_01,36,C2,1974.5,3.0,0.684,machine_pitch_candidate_not_verified_note
mort_aux_vaches_01,67,G4,1975.0,1.5,0.775,machine_pitch_candidate_not_verified_note
mort_aux_vaches_01,39,Eb2,1975.5,2.5,0.672,machine_pitch_candidate_not_verified_note
mort_aux_vaches_01,86,D6,1976.0,3.0,0.82,machine_pitch_candidate_not_verified_note
mort_aux_vaches_01,83,B5,1977.0,2.0,0.644,machine_pitch_candidate_not_verified_note
mort_aux_vaches_01,44,Ab2,1978.5,10.0,0.851,machine_pitch_candidate_not_verified_note
mort_aux_vaches_01,58,Bb3,1984.0,1.5,0.581,machine_pitch_candidate_not_verified_note
mort_aux_vaches_01,67,G4,1984.0,1.5,0.946,machine_pitch_candidate_not_verified_note
mort_aux_vaches_01,50,D3,1985.5,1.5,0.432,machine_pitch_candidate_not_verified_note
mort_aux_vaches_01,82,Bb5,1985.5,3.0,0.746,machine_pitch_candidate_not_verified_note
mort_aux_vaches_01,67,G4,1986.5,1.5,0.694,machine_pitch_candidate_not_verified_note
mort_aux_vaches_01,83,B5,1987.0,1.5,0.388,machine_pitch_candidate_not_verified_note
mort_aux_vaches_01,36,C2,1988.5,7.0,0.95,machine_pitch_candidate_not_verified_note
mort_aux_vaches_01,51,Eb3,1995.5,5.0,0.938,machine_pitch_candidate_not_verified_note
mort_aux_vaches_01,67,G4,1998.5,1.5,0.525,machine_pitch_candidate_not_verified_note
mort_aux_vaches_01,43,G2,2000.0,4.5,0.779,machine_pitch_candidate_not_verified_note
mort_aux_vaches_01,46,Bb2,2000.5,4.5,0.933,machine_pitch_candidate_not_verified_note
mort_aux_vaches_01,53,F3,2004.5,4.0,0.896,machine_pitch_candidate_not_verified_note
mort_aux_vaches_01,44,Ab2,2005.0,2.0,0.675,machine_pitch_candidate_not_verified_note
mort_aux_vaches_01,51,Eb3,2005.5,2.5,0.445,machine_pitch_candidate_not_verified_note
mort_aux_vaches_01,67,G4,2006.5,2.5,0.642,machine_pitch_candidate_not_verified_note
mort_aux_vaches_01,44,Ab2,2008.5,5.5,0.937,machine_pitch_candidate_not_verified_note
mort_aux_vaches_01,58,Bb3,2009.0,4.5,0.628,machine_pitch_candidate_not_verified_note
mort_aux_vaches_01,51,Eb3,2013.5,1.5,0.674,machine_pitch_candidate_not_verified_note
mort_aux_vaches_01,55,G3,2013.5,3.0,0.996,machine_pitch_candidate_not_verified_note
mort_aux_vaches_01,67,G4,2016.5,5.0,0.946,machine_pitch_candidate_not_verified_note
mort_aux_vaches_01,75,Eb5,2017.0,1.5,0.392,machine_pitch_candidate_not_verified_note
mort_aux_vaches_01,44,Ab2,2017.5,4.0,0.812,machine_pitch_candidate_not_verified_note
mort_aux_vaches_01,43,G2,2021.5,5.5,1.0,machine_pitch_candidate_not_verified_note
mort_aux_vaches_01,44,Ab2,2026.5,15.5,0.844,machine_pitch_candidate_not_verified_note
mort_aux_vaches_01,43,G2,2029.5,1.5,0.354,machine_pitch_candidate_not_verified_note
mort_aux_vaches_01,58,Bb3,2032.5,5.0,0.994,machine_pitch_candidate_not_verified_note
mort_aux_vaches_01,51,Eb3,2037.5,1.5,0.329,machine_pitch_candidate_not_verified_note
mort_aux_vaches_01,53,F3,2037.5,4.5,0.724,machine_pitch_candidate_not_verified_note
mort_aux_vaches_01,43,G2,2042.0,5.0,0.943,machine_pitch_candidate_not_verified_note
mort_aux_vaches_01,51,Eb3,2046.5,5.5,0.887,machine_pitch_candidate_not_verified_note
mort_aux_vaches_01,44,Ab2,2048.5,3.0,0.574,machine_pitch_candidate_not_verified_note
mort_aux_vaches_01,67,G4,2048.5,5.0,0.692,machine_pitch_candidate_not_verified_note
mort_aux_vaches_01,27,Eb1,2049.0,2.0,0.513,machine_pitch_candidate_not_verified_note
mort_aux_vaches_01,36,C2,2049.0,6.0,0.785,machine_pitch_candidate_not_verified_note
mort_aux_vaches_01,28,E1,2049.5,1.5,0.653,machine_pitch_candidate_not_verified_note
mort_aux_vaches_01,48,C3,2049.5,2.0,0.759,machine_pitch_candidate_not_verified_note
mort_aux_vaches_01,55,G3,2049.5,1.5,0.514,machine_pitch_candidate_not_verified_note
mort_aux_vaches_01,46,Bb2,2051.5,4.0,0.6,machine_pitch_candidate_not_verified_note
mort_aux_vaches_01,48,C3,2055.0,10.0,0.653,machine_pitch_candidate_not_verified_note
mort_aux_vaches_01,36,C2,2055.5,14.0,0.863,machine_pitch_candidate_not_verified_note
mort_aux_vaches_01,44,Ab2,2056.5,1.5,0.41,machine_pitch_candidate_not_verified_note
mort_aux_vaches_01,39,Eb2,2061.0,3.5,0.641,machine_pitch_candidate_not_verified_note
mort_aux_vaches_01,41,F2,2065.0,9.5,0.71,machine_pitch_candidate_not_verified_note
mort_aux_vaches_01,55,G3,2065.5,2.0,0.356,machine_pitch_candidate_not_verified_note
mort_aux_vaches_01,28,E1,2066.0,2.0,0.395,machine_pitch_candidate_not_verified_note
mort_aux_vaches_01,50,D3,2066.5,2.5,0.962,machine_pitch_candidate_not_verified_note
mort_aux_vaches_01,27,Eb1,2069.0,4.5,0.682,machine_pitch_candidate_not_verified_note
mort_aux_vaches_01,67,G4,2069.0,3.5,0.481,machine_pitch_candidate_not_verified_note
mort_aux_vaches_01,48,C3,2070.0,3.0,0.589,machine_pitch_candidate_not_verified_note
mort_aux_vaches_01,36,C2,2070.5,4.0,0.733,machine_pitch_candidate_not_verified_note
mort_aux_vaches_01,29,F1,2073.0,1.5,0.313,machine_pitch_candidate_not_verified_note
mort_aux_vaches_01,60,C4,2073.0,1.5,0.623,machine_pitch_candidate_not_verified_note
mort_aux_vaches_01,39,Eb2,2074.0,5.0,0.988,machine_pitch_candidate_not_verified_note
mort_aux_vaches_01,28,E1,2077.5,4.5,0.671,machine_pitch_candidate_not_verified_note
mort_aux_vaches_01,29,F1,2078.0,11.5,0.816,machine_pitch_candidate_not_verified_note
mort_aux_vaches_01,41,F2,2080.5,3.5,0.758,machine_pitch_candidate_not_verified_note
mort_aux_vaches_01,39,Eb2,2081.0,3.0,0.735,machine_pitch_candidate_not_verified_note
mort_aux_vaches_01,31,G1,2081.5,2.0,0.609,machine_pitch_candidate_not_verified_note
mort_aux_vaches_01,30,F#1,2083.5,5.0,0.623,machine_pitch_candidate_not_verified_note
mort_aux_vaches_01,36,C2,2085.0,3.5,0.764,machine_pitch_candidate_not_verified_note
mort_aux_vaches_01,41,F2,2085.0,3.5,0.578,machine_pitch_candidate_not_verified_note
mort_aux_vaches_01,28,E1,2087.0,3.0,0.56,machine_pitch_candidate_not_verified_note
mort_aux_vaches_01,39,Eb2,2087.0,6.0,0.816,machine_pitch_candidate_not_verified_note
mort_aux_vaches_01,29,F1,2091.0,13.0,0.952,machine_pitch_candidate_not_verified_note
mort_aux_vaches_01,36,C2,2091.0,2.5,0.626,machine_pitch_candidate_not_verified_note
mort_aux_vaches_01,43,G2,2092.0,1.5,0.472,machine_pitch_candidate_not_verified_note
mort_aux_vaches_01,36,C2,2101.0,8.5,0.757,machine_pitch_candidate_not_verified_note
mort_aux_vaches_01,39,Eb2,2101.5,1.5,0.399,machine_pitch_candidate_not_verified_note
mort_aux_vaches_01,56,Ab3,2101.5,1.5,0.369,machine_pitch_candidate_not_verified_note
mort_aux_vaches_01,43,G2,2102.5,1.5,0.774,machine_pitch_candidate_not_verified_note
mort_aux_vaches_01,43,G2,2105.0,16.5,0.908,machine_pitch_candidate_not_verified_note
mort_aux_vaches_01,29,F1,2106.0,2.5,0.397,machine_pitch_candidate_not_verified_note
mort_aux_vaches_01,39,Eb2,2106.0,1.5,0.43,machine_pitch_candidate_not_verified_note
mort_aux_vaches_01,29,F1,2110.0,3.0,0.675,machine_pitch_candidate_not_verified_note
mort_aux_vaches_01,34,Bb1,2110.0,5.0,0.432,machine_pitch_candidate_not_verified_note
mort_aux_vaches_01,36,C2,2110.5,4.5,0.851,machine_pitch_candidate_not_verified_note
mort_aux_vaches_01,29,F1,2114.5,1.5,0.587,machine_pitch_candidate_not_verified_note
mort_aux_vaches_01,27,Eb1,2115.0,3.5,0.547,machine_pitch_candidate_not_verified_note
mort_aux_vaches_01,36,C2,2116.0,17.5,0.85,machine_pitch_candidate_not_verified_note
mort_aux_vaches_01,29,F1,2116.5,1.5,0.652,machine_pitch_candidate_not_verified_note
mort_aux_vaches_01,29,F1,2119.0,3.5,0.457,machine_pitch_candidate_not_verified_note
mort_aux_vaches_01,39,Eb2,2126.0,1.5,0.589,machine_pitch_candidate_not_verified_note
mort_aux_vaches_01,50,D3,2126.5,1.5,0.435,machine_pitch_candidate_not_verified_note
mort_aux_vaches_01,28,E1,2127.0,2.0,0.943,machine_pitch_candidate_not_verified_note
mort_aux_vaches_01,46,Bb2,2127.5,1.5,0.389,machine_pitch_candidate_not_verified_note
mort_aux_vaches_01,56,Ab3,2127.5,1.5,0.324,machine_pitch_candidate_not_verified_note
mort_aux_vaches_01,67,G4,2129.0,2.0,0.431,machine_pitch_candidate_not_verified_note
mort_aux_vaches_01,34,Bb1,2131.0,6.0,0.922,machine_pitch_candidate_not_verified_note
mort_aux_vaches_01,41,F2,2133.5,2.0,0.454,machine_pitch_candidate_not_verified_note
mort_aux_vaches_01,43,G2,2134.0,2.5,0.673,machine_pitch_candidate_not_verified_note
mort_aux_vaches_01,46,Bb2,2134.0,2.5,0.416,machine_pitch_candidate_not_verified_note
mort_aux_vaches_01,82,Bb5,2134.0,2.5,0.411,machine_pitch_candidate_not_verified_note
mort_aux_vaches_01,36,C2,2135.5,15.0,0.821,machine_pitch_candidate_not_verified_note
mort_aux_vaches_01,39,Eb2,2138.0,1.5,0.804,machine_pitch_candidate_not_verified_note
mort_aux_vaches_01,43,G2,2138.0,8.5,0.719,machine_pitch_candidate_not_verified_note
mort_aux_vaches_01,34,Bb1,2139.0,2.0,0.281,machine_pitch_candidate_not_verified_note
mort_aux_vaches_01,39,Eb2,2140.5,1.5,0.33,machine_pitch_candidate_not_verified_note
mort_aux_vaches_01,39,Eb2,2143.5,2.5,0.535,machine_pitch_candidate_not_verified_note
mort_aux_vaches_01,29,F1,2145.5,6.5,0.722,machine_pitch_candidate_not_verified_note
mort_aux_vaches_01,51,Eb3,2146.0,1.5,0.549,machine_pitch_candidate_not_verified_note
mort_aux_vaches_01,41,F2,2146.5,6.5,0.587,machine_pitch_candidate_not_verified_note
mort_aux_vaches_01,42,F#2,2146.5,3.5,0.527,machine_pitch_candidate_not_verified_note
mort_aux_vaches_01,28,E1,2148.0,10.0,0.755,machine_pitch_candidate_not_verified_note
mort_aux_vaches_01,39,Eb2,2148.0,5.5,0.535,machine_pitch_candidate_not_verified_note
mort_aux_vaches_01,43,G2,2152.5,2.5,0.755,machine_pitch_candidate_not_verified_note
mort_aux_vaches_01,29,F1,2154.0,13.0,0.864,machine_pitch_candidate_not_verified_note
mort_aux_vaches_01,36,C2,2154.0,4.0,0.838,machine_pitch_candidate_not_verified_note
mort_aux_vaches_01,39,Eb2,2154.0,4.0,0.403,machine_pitch_candidate_not_verified_note
mort_aux_vaches_01,75,Eb5,2155.0,1.5,0.346,machine_pitch_candidate_not_verified_note
mort_aux_vaches_01,36,C2,2158.5,7.0,0.751,machine_pitch_candidate_not_verified_note
mort_aux_vaches_01,31,G1,2159.0,1.5,0.482,machine_pitch_candidate_not_verified_note
mort_aux_vaches_01,43,G2,2159.5,2.0,0.829,machine_pitch_candidate_not_verified_note
mort_aux_vaches_01,31,G1,2161.5,2.0,0.362,machine_pitch_candidate_not_verified_note
mort_aux_vaches_01,75,Eb5,2161.5,2.5,0.329,machine_pitch_candidate_not_verified_note
mort_aux_vaches_01,43,G2,2163.5,3.5,0.812,machine_pitch_candidate_not_verified_note
mort_aux_vaches_01,75,Eb5,2164.5,2.5,0.441,machine_pitch_candidate_not_verified_note
mort_aux_vaches_01,27,Eb1,2166.5,12.5,0.93,machine_pitch_candidate_not_verified_note
mort_aux_vaches_01,39,Eb2,2168.0,2.0,0.561,machine_pitch_candidate_not_verified_note
mort_aux_vaches_01,75,Eb5,2168.5,6.0,0.498,machine_pitch_candidate_not_verified_note
mort_aux_vaches_01,39,Eb2,2170.5,8.5,0.699,machine_pitch_candidate_not_verified_note
mort_aux_vaches_01,36,C2,2174.5,8.5,0.728,machine_pitch_candidate_not_verified_note
mort_aux_vaches_01,48,C3,2175.0,1.5,0.526,machine_pitch_candidate_not_verified_note
mort_aux_vaches_01,35,B1,2175.5,1.5,0.303,machine_pitch_candidate_not_verified_note
mort_aux_vaches_01,47,B2,2176.0,1.5,0.519,machine_pitch_candidate_not_verified_note
mort_aux_vaches_01,48,C3,2177.0,2.0,0.599,machine_pitch_candidate_not_verified_note
mort_aux_vaches_01,75,Eb5,2177.0,1.5,0.387,machine_pitch_candidate_not_verified_note
mort_aux_vaches_01,27,Eb1,2179.5,2.0,0.66,machine_pitch_candidate_not_verified_note
mort_aux_vaches_01,34,Bb1,2180.5,3.0,0.92,machine_pitch_candidate_not_verified_note
mort_aux_vaches_01,46,Bb2,2181.5,1.5,0.58,machine_pitch_candidate_not_verified_note
mort_aux_vaches_01,27,Eb1,2182.0,3.5,0.709,machine_pitch_candidate_not_verified_note
mort_aux_vaches_01,34,Bb1,2184.0,4.5,0.706,machine_pitch_candidate_not_verified_note
mort_aux_vaches_01,50,D3,2184.5,1.5,0.436,machine_pitch_candidate_not_verified_note
mort_aux_vaches_01,31,G1,2185.0,3.0,0.4,machine_pitch_candidate_not_verified_note
mort_aux_vaches_01,35,B1,2185.0,2.0,0.854,machine_pitch_candidate_not_verified_note
mort_aux_vaches_01,41,F2,2186.5,5.5,0.939,machine_pitch_candidate_not_verified_note
mort_aux_vaches_01,46,Bb2,2186.5,1.5,0.381,machine_pitch_candidate_not_verified_note
mort_aux_vaches_01,92,Ab6,2186.5,2.0,0.789,machine_pitch_candidate_not_verified_note
mort_aux_vaches_01,80,Ab5,2187.0,1.5,0.667,machine_pitch_candidate_not_verified_note
mort_aux_vaches_01,39,Eb2,2189.5,1.5,0.444,machine_pitch_candidate_not_verified_note
mort_aux_vaches_01,60,C4,2189.5,2.5,0.719,machine_pitch_candidate_not_verified_note
mort_aux_vaches_01,72,C5,2189.5,2.0,0.492,machine_pitch_candidate_not_verified_note
mort_aux_vaches_01,92,Ab6,2189.5,2.5,0.55,machine_pitch_candidate_not_verified_note
mort_aux_vaches_01,46,Bb2,2190.0,1.5,0.298,machine_pitch_candidate_not_verified_note
mort_aux_vaches_01,67,G4,2190.5,1.5,0.433,machine_pitch_candidate_not_verified_note
mort_aux_vaches_01,30,F#1,2192.5,2.0,0.575,machine_pitch_candidate_not_verified_note
mort_aux_vaches_01,41,F2,2192.5,2.0,0.465,machine_pitch_candidate_not_verified_note
mort_aux_vaches_01,42,F#2,2192.5,2.0,0.71,machine_pitch_candidate_not_verified_note
mort_aux_vaches_01,29,F1,2193.0,1.5,0.759,machine_pitch_candidate_not_verified_note
mort_aux_vaches_01,39,Eb2,2194.0,3.5,0.981,machine_pitch_candidate_not_verified_note
mort_aux_vaches_01,28,E1,2197.0,1.5,0.511,machine_pitch_candidate_not_verified_note
mort_aux_vaches_01,41,F2,2197.5,3.0,0.699,machine_pitch_candidate_not_verified_note
mort_aux_vaches_01,29,F1,2198.0,11.5,0.832,machine_pitch_candidate_not_verified_note
mort_aux_vaches_01,30,F#1,2198.5,6.0,0.856,machine_pitch_candidate_not_verified_note
mort_aux_vaches_01,27,Eb1,2200.5,1.5,0.438,machine_pitch_candidate_not_verified_note
mort_aux_vaches_01,41,F2,2204.0,5.0,0.562,machine_pitch_candidate_not_verified_note
mort_aux_vaches_01,42,F#2,2204.0,3.0,0.704,machine_pitch_candidate_not_verified_note
mort_aux_vaches_01,30,F#1,2205.0,3.5,0.58,machine_pitch_candidate_not_verified_note
mort_aux_vaches_01,36,C2,2207.5,16.0,0.981,machine_pitch_candidate_not_verified_note
mort_aux_vaches_01,43,G2,2209.0,2.5,0.849,machine_pitch_candidate_not_verified_note
mort_aux_vaches_01,29,F1,2210.5,2.0,0.369,machine_pitch_candidate_not_verified_note
mort_aux_vaches_01,30,F#1,2210.5,1.5,0.362,machine_pitch_candidate_not_verified_note
mort_aux_vaches_01,43,G2,2214.0,3.5,0.361,machine_pitch_candidate_not_verified_note
mort_aux_vaches_01,43,G2,2218.0,2.0,0.336,machine_pitch_candidate_not_verified_note
mort_aux_vaches_01,34,Bb1,2219.5,3.0,0.692,machine_pitch_candidate_not_verified_note
mort_aux_vaches_01,63,Eb4,2223.0,1.5,0.418,machine_pitch_candidate_not_verified_note
mort_aux_vaches_01,75,Eb5,2223.0,1.5,0.773,machine_pitch_candidate_not_verified_note
mort_aux_vaches_01,87,Eb6,2223.0,8.0,0.709,machine_pitch_candidate_not_verified_note
mort_aux_vaches_01,92,Ab6,2223.0,1.5,0.593,machine_pitch_candidate_not_verified_note
mort_aux_vaches_01,55,G3,2224.0,3.0,0.417,machine_pitch_candidate_not_verified_note
mort_aux_vaches_01,51,Eb3,2224.5,1.5,1.0,machine_pitch_candidate_not_verified_note
mort_aux_vaches_01,43,G2,2226.0,4.5,0.403,machine_pitch_candidate_not_verified_note
mort_aux_vaches_01,48,C3,2226.0,3.0,0.477,machine_pitch_candidate_not_verified_note
mort_aux_vaches_01,67,G4,2226.0,5.0,0.862,machine_pitch_candidate_not_verified_note
mort_aux_vaches_01,83,B5,2226.0,5.0,0.43,machine_pitch_candidate_not_verified_note
mort_aux_vaches_01,63,Eb4,2226.5,3.0,0.376,machine_pitch_candidate_not_verified_note
mort_aux_vaches_01,75,Eb5,2226.5,10.0,0.793,machine_pitch_candidate_not_verified_note
mort_aux_vaches_01,89,F6,2226.5,1.5,0.342,machine_pitch_candidate_not_verified_note
mort_aux_vaches_01,58,Bb3,2231.0,4.5,0.951,machine_pitch_candidate_not_verified_note
mort_aux_vaches_01,83,B5,2231.5,1.5,0.304,machine_pitch_candidate_not_verified_note
mort_aux_vaches_01,87,Eb6,2232.0,1.5,0.47,machine_pitch_candidate_not_verified_note
mort_aux_vaches_01,43,G2,2232.5,3.5,0.534,machine_pitch_candidate_not_verified_note
mort_aux_vaches_01,48,C3,2233.0,9.0,0.492,machine_pitch_candidate_not_verified_note
mort_aux_vaches_01,63,Eb4,2233.5,4.0,0.499,machine_pitch_candidate_not_verified_note
mort_aux_vaches_01,92,Ab6,2233.5,1.5,0.373,machine_pitch_candidate_not_verified_note
mort_aux_vaches_01,55,G3,2234.0,4.0,0.393,machine_pitch_candidate_not_verified_note
mort_aux_vaches_01,36,C2,2234.5,4.0,0.794,machine_pitch_candidate_not_verified_note
mort_aux_vaches_01,41,F2,2234.5,1.5,0.574,machine_pitch_candidate_not_verified_note
mort_aux_vaches_01,29,F1,2237.0,8.5,0.577,machine_pitch_candidate_not_verified_note
mort_aux_vaches_01,30,F#1,2237.0,1.5,0.371,machine_pitch_candidate_not_verified_note
mort_aux_vaches_01,43,G2,2237.0,166.0,0.965,machine_pitch_candidate_not_verified_note
mort_aux_vaches_01,36,C2,2239.0,6.0,0.711,machine_pitch_candidate_not_verified_note
mort_aux_vaches_01,41,F2,2239.5,1.5,0.529,machine_pitch_candidate_not_verified_note
mort_aux_vaches_01,27,Eb1,2240.5,2.5,0.462,machine_pitch_candidate_not_verified_note
mort_aux_vaches_01,30,F#1,2244.0,2.0,0.406,machine_pitch_candidate_not_verified_note
mort_aux_vaches_01,36,C2,2245.5,10.0,0.721,machine_pitch_candidate_not_verified_note
mort_aux_vaches_01,29,F1,2246.5,7.0,0.53,machine_pitch_candidate_not_verified_note
mort_aux_vaches_01,41,F2,2246.5,2.5,0.507,machine_pitch_candidate_not_verified_note
mort_aux_vaches_01,30,F#1,2248.0,2.5,0.494,machine_pitch_candidate_not_verified_note
mort_aux_vaches_01,41,F2,2250.0,2.0,0.332,machine_pitch_candidate_not_verified_note
mort_aux_vaches_01,48,C3,2251.0,5.5,0.589,machine_pitch_candidate_not_verified_note
mort_aux_vaches_01,29,F1,2254.0,1.5,0.315,machine_pitch_candidate_not_verified_note
mort_aux_vaches_01,41,F2,2254.0,1.5,0.397,machine_pitch_candidate_not_verified_note
mort_aux_vaches_01,55,G3,2254.0,1.5,0.389,machine_pitch_candidate_not_verified_note
mort_aux_vaches_01,36,C2,2257.0,15.0,0.455,machine_pitch_candidate_not_verified_note
mort_aux_vaches_01,48,C3,2257.5,4.5,0.879,machine_pitch_candidate_not_verified_note
mort_aux_vaches_01,51,Eb3,2257.5,1.5,0.36,machine_pitch_candidate_not_verified_note
mort_aux_vaches_01,48,C3,2262.5,2.5,0.824,machine_pitch_candidate_not_verified_note
mort_aux_vaches_01,48,C3,2265.5,9.5,0.753,machine_pitch_candidate_not_verified_note
mort_aux_vaches_01,41,F2,2266.0,2.5,0.38,machine_pitch_candidate_not_verified_note
mort_aux_vaches_01,55,G3,2266.0,2.5,0.674,machine_pitch_candidate_not_verified_note
mort_aux_vaches_01,63,Eb4,2266.0,2.5,0.567,machine_pitch_candidate_not_verified_note
mort_aux_vaches_01,55,G3,2270.0,1.5,0.719,machine_pitch_candidate_not_verified_note
mort_aux_vaches_01,75,Eb5,2270.0,2.0,0.484,machine_pitch_candidate_not_verified_note
mort_aux_vaches_01,41,F2,2270.5,1.5,0.439,machine_pitch_candidate_not_verified_note
mort_aux_vaches_01,63,Eb4,2271.0,3.0,0.512,machine_pitch_candidate_not_verified_note
mort_aux_vaches_01,29,F1,2273.5,1.5,0.412,machine_pitch_candidate_not_verified_note
mort_aux_vaches_01,36,C2,2273.5,2.5,0.712,machine_pitch_candidate_not_verified_note
mort_aux_vaches_01,55,G3,2273.5,1.5,0.418,machine_pitch_candidate_not_verified_note
mort_aux_vaches_01,51,Eb3,2274.0,2.0,0.319,machine_pitch_candidate_not_verified_note
mort_aux_vaches_01,48,C3,2275.5,3.0,0.529,machine_pitch_candidate_not_verified_note
mort_aux_vaches_01,41,F2,2277.0,2.5,0.443,machine_pitch_candidate_not_verified_note
mort_aux_vaches_01,55,G3,2277.0,2.0,0.444,machine_pitch_candidate_not_verified_note
mort_aux_vaches_01,75,Eb5,2277.0,2.0,0.479,machine_pitch_candidate_not_verified_note
mort_aux_vaches_01,36,C2,2277.5,1.5,0.597,machine_pitch_candidate_not_verified_note
mort_aux_vaches_01,63,Eb4,2277.5,2.0,0.5,machine_pitch_candidate_not_verified_note
mort_aux_vaches_01,48,C3,2280.0,8.0,0.838,machine_pitch_candidate_not_verified_note
mort_aux_vaches_01,36,C2,2281.0,2.5,0.465,machine_pitch_candidate_not_verified_note
mort_aux_vaches_01,63,Eb4,2281.5,4.0,0.457,machine_pitch_candidate_not_verified_note
mort_aux_vaches_01,29,F1,2283.0,3.5,0.411,machine_pitch_candidate_not_verified_note
mort_aux_vaches_01,55,G3,2283.0,1.5,0.365,machine_pitch_candidate_not_verified_note
mort_aux_vaches_01,41,F2,2283.5,2.0,0.468,machine_pitch_candidate_not_verified_note
mort_aux_vaches_01,63,Eb4,2286.5,1.5,0.471,machine_pitch_candidate_not_verified_note
mort_aux_vaches_01,48,C3,2289.0,4.5,0.609,machine_pitch_candidate_not_verified_note
mort_aux_vaches_01,55,G3,2289.0,2.5,0.557,machine_pitch_candidate_not_verified_note
mort_aux_vaches_01,63,Eb4,2289.0,2.5,0.682,machine_pitch_candidate_not_verified_note
mort_aux_vaches_01,41,F2,2289.5,2.5,0.417,machine_pitch_candidate_not_verified_note
mort_aux_vaches_01,36,C2,2292.5,2.0,0.356,machine_pitch_candidate_not_verified_note
mort_aux_vaches_01,36,C2,2295.0,1.5,0.334,machine_pitch_candidate_not_verified_note
mort_aux_vaches_01,48,C3,2295.5,3.5,0.767,machine_pitch_candidate_not_verified_note
mort_aux_vaches_01,29,F1,2296.5,1.5,0.351,machine_pitch_candidate_not_verified_note
mort_aux_vaches_01,39,Eb2,2296.5,1.5,0.41,machine_pitch_candidate_not_verified_note
mort_aux_vaches_01,63,Eb4,2297.0,2.0,0.45,machine_pitch_candidate_not_verified_note
mort_aux_vaches_01,75,Eb5,2297.5,4.5,0.539,machine_pitch_candidate_not_verified_note
mort_aux_vaches_01,67,G4,2298.5,2.0,0.347,machine_pitch_candidate_not_verified_note
mort_aux_vaches_01,63,Eb4,2299.5,5.5,0.401,machine_pitch_candidate_not_verified_note
mort_aux_vaches_01,36,C2,2300.5,2.0,0.364,machine_pitch_candidate_not_verified_note
mort_aux_vaches_01,48,C3,2301.5,3.5,0.526,machine_pitch_candidate_not_verified_note
mort_aux_vaches_01,67,G4,2301.5,2.0,0.348,machine_pitch_candidate_not_verified_note
mort_aux_vaches_01,39,Eb2,2303.5,1.5,0.293,machine_pitch_candidate_not_verified_note
mort_aux_vaches_01,48,C3,2306.5,7.0,0.538,machine_pitch_candidate_not_verified_note
mort_aux_vaches_01,63,Eb4,2307.0,2.0,0.354,machine_pitch_candidate_not_verified_note
mort_aux_vaches_01,39,Eb2,2312.5,2.0,0.328,machine_pitch_candidate_not_verified_note
mort_aux_vaches_01,67,G4,2312.5,1.5,0.374,machine_pitch_candidate_not_verified_note
mort_aux_vaches_01,48,C3,2316.5,5.5,0.462,machine_pitch_candidate_not_verified_note
mort_aux_vaches_01,39,Eb2,2317.0,1.5,0.322,machine_pitch_candidate_not_verified_note
mort_aux_vaches_01,39,Eb2,2319.5,1.5,0.338,machine_pitch_candidate_not_verified_note
mort_aux_vaches_01,75,Eb5,2319.5,2.0,0.433,machine_pitch_candidate_not_verified_note
mort_aux_vaches_01,67,G4,2321.0,1.5,0.468,machine_pitch_candidate_not_verified_note
mort_aux_vaches_01,48,C3,2322.5,3.5,0.367,machine_pitch_candidate_not_verified_note
mort_aux_vaches_01,48,C3,2328.0,2.5,0.36,machine_pitch_candidate_not_verified_note
mort_aux_vaches_01,48,C3,2332.0,2.0,0.349,machine_pitch_candidate_not_verified_note
mort_aux_vaches_01,48,C3,2335.0,1.5,0.412,machine_pitch_candidate_not_verified_note
mort_aux_vaches_01,39,Eb2,2336.0,2.5,0.363,machine_pitch_candidate_not_verified_note
mort_aux_vaches_01,48,C3,2337.0,1.5,0.385,machine_pitch_candidate_not_verified_note
mort_aux_vaches_01,48,C3,2340.0,2.5,0.326,machine_pitch_candidate_not_verified_note
mort_aux_vaches_01,48,C3,2345.5,5.0,0.424,machine_pitch_candidate_not_verified_note
mort_aux_vaches_01,39,Eb2,2350.5,1.5,0.507,machine_pitch_candidate_not_verified_note
mort_aux_vaches_01,48,C3,2351.0,1.5,0.533,machine_pitch_candidate_not_verified_note
mort_aux_vaches_01,41,F2,2351.5,1.5,0.325,machine_pitch_candidate_not_verified_note
mort_aux_vaches_01,44,Ab2,2352.5,1.5,0.509,machine_pitch_candidate_not_verified_note
mort_aux_vaches_01,48,C3,2353.5,6.0,0.414,machine_pitch_candidate_not_verified_note
mort_aux_vaches_01,55,G3,2360.5,2.0,0.569,machine_pitch_candidate_not_verified_note
mort_aux_vaches_01,48,C3,2368.5,3.5,0.41,machine_pitch_candidate_not_verified_note
mort_aux_vaches_01,39,Eb2,2377.0,1.5,0.336,machine_pitch_candidate_not_verified_note
mort_aux_vaches_01,36,C2,2384.0,3.0,0.483,machine_pitch_candidate_not_verified_note
mort_aux_vaches_01,39,Eb2,2384.5,3.0,0.385,machine_pitch_candidate_not_verified_note
mort_aux_vaches_01,29,F1,2385.0,15.0,0.707,machine_pitch_candidate_not_verified_note
mort_aux_vaches_01,30,F#1,2385.5,2.5,0.344,machine_pitch_candidate_not_verified_note
mort_aux_vaches_01,36,C2,2388.5,2.5,0.614,machine_pitch_candidate_not_verified_note
mort_aux_vaches_01,39,Eb2,2388.5,7.0,0.451,machine_pitch_candidate_not_verified_note
mort_aux_vaches_01,30,F#1,2391.0,5.0,0.435,machine_pitch_candidate_not_verified_note
mort_aux_vaches_01,28,E1,2397.0,1.5,0.325,machine_pitch_candidate_not_verified_note
mort_aux_vaches_01,30,F#1,2397.0,2.0,0.323,machine_pitch_candidate_not_verified_note
mort_aux_vaches_01,36,C2,2397.0,1.5,0.319,machine_pitch_candidate_not_verified_note
mort_aux_vaches_01,39,Eb2,2397.0,2.0,0.434,machine_pitch_candidate_not_verified_note
mort_aux_vaches_01,29,F1,2400.5,2.0,0.767,machine_pitch_candidate_not_verified_note
mort_aux_vaches_01,36,C2,2400.5,5.5,0.493,machine_pitch_candidate_not_verified_note
mort_aux_vaches_01,30,F#1,2401.5,6.0,0.674,machine_pitch_candidate_not_verified_note
mort_aux_vaches_01,25,C#1,2403.0,1.5,0.525,machine_pitch_candidate_not_verified_note
mort_aux_vaches_01,31,G1,2403.0,1.5,0.847,machine_pitch_candidate_not_verified_note
mort_aux_vaches_01,29,F1,2403.5,1.5,0.492,machine_pitch_candidate_not_verified_note
mort_aux_vaches_01,43,G2,2404.0,6.0,0.87,machine_pitch_candidate_not_verified_note
mort_aux_vaches_01,27,Eb1,2405.0,1.5,0.636,machine_pitch_candidate_not_verified_note
mort_aux_vaches_01,28,E1,2406.5,1.5,0.698,machine_pitch_candidate_not_verified_note
mort_aux_vaches_01,29,F1,2406.5,5.5,0.703,machine_pitch_candidate_not_verified_note
mort_aux_vaches_01,39,Eb2,2407.0,2.0,0.403,machine_pitch_candidate_not_verified_note
mort_aux_vaches_01,30,F#1,2408.0,7.0,0.707,machine_pitch_candidate_not_verified_note
mort_aux_vaches_01,28,E1,2409.5,3.5,0.425,machine_pitch_candidate_not_verified_note
mort_aux_vaches_01,36,C2,2409.5,5.5,0.628,machine_pitch_candidate_not_verified_note
mort_aux_vaches_01,25,C#1,2410.5,1.5,0.752,machine_pitch_candidate_not_verified_note
mort_aux_vaches_01,43,G2,2411.5,4.5,0.827,machine_pitch_candidate_not_verified_note
mort_aux_vaches_01,29,F1,2413.0,2.0,0.485,machine_pitch_candidate_not_verified_note
mort_aux_vaches_01,31,G1,2413.0,4.5,0.681,machine_pitch_candidate_not_verified_note
mort_aux_vaches_01,25,C#1,2413.5,1.5,0.411,machine_pitch_candidate_not_verified_note
mort_aux_vaches_01,28,E1,2415.0,4.0,0.777,machine_pitch_candidate_not_verified_note
mort_aux_vaches_01,39,Eb2,2416.0,7.5,0.576,machine_pitch_candidate_not_verified_note
mort_aux_vaches_01,30,F#1,2416.5,1.5,0.602,machine_pitch_candidate_not_verified_note
mort_aux_vaches_01,36,C2,2416.5,1.5,0.908,machine_pitch_candidate_not_verified_note
mort_aux_vaches_01,43,G2,2417.0,5.0,0.806,machine_pitch_candidate_not_verified_note
mort_aux_vaches_01,29,F1,2418.5,4.5,0.715,machine_pitch_candidate_not_verified_note
mort_aux_vaches_01,30,F#1,2418.5,4.0,0.621,machine_pitch_candidate_not_verified_note
mort_aux_vaches_01,48,C3,2418.5,2.5,0.385,machine_pitch_candidate_not_verified_note
mort_aux_vaches_01,31,G1,2421.5,2.0,0.382,machine_pitch_candidate_not_verified_note
mort_aux_vaches_01,25,C#1,2422.0,1.5,0.524,machine_pitch_candidate_not_verified_note
mort_aux_vaches_01,43,G2,2423.0,18.0,0.909,machine_pitch_candidate_not_verified_note
mort_aux_vaches_01,30,F#1,2423.5,2.5,0.61,machine_pitch_candidate_not_verified_note
mort_aux_vaches_01,28,E1,2424.0,1.5,0.467,machine_pitch_candidate_not_verified_note
mort_aux_vaches_01,41,F2,2424.5,2.0,0.593,machine_pitch_candidate_not_verified_note
mort_aux_vaches_01,27,Eb1,2425.0,2.0,0.704,machine_pitch_candidate_not_verified_note
mort_aux_vaches_01,36,C2,2425.0,1.5,0.667,machine_pitch_candidate_not_verified_note
mort_aux_vaches_01,29,F1,2426.0,15.0,0.841,machine_pitch_candidate_not_verified_note
mort_aux_vaches_01,30,F#1,2426.5,4.5,0.393,machine_pitch_candidate_not_verified_note
mort_aux_vaches_01,36,C2,2427.0,2.5,0.537,machine_pitch_candidate_not_verified_note
mort_aux_vaches_01,39,Eb2,2427.5,3.5,0.356,machine_pitch_candidate_not_verified_note
mort_aux_vaches_01,30,F#1,2431.5,9.5,0.452,machine_pitch_candidate_not_verified_note
mort_aux_vaches_01,36,C2,2431.5,2.5,0.874,machine_pitch_candidate_not_verified_note
mort_aux_vaches_01,39,Eb2,2431.5,2.5,0.533,machine_pitch_candidate_not_verified_note
mort_aux_vaches_01,36,C2,2435.0,1.5,0.465,machine_pitch_candidate_not_verified_note
mort_aux_vaches_01,39,Eb2,2439.5,1.5,0.345,machine_pitch_candidate_not_verified_note
