track_id,section,start_s,end_s,note,midi,relative_salience,fundamental_support_fraction,measured_peak_hz,peak_cents_from_note,local_peak_prominence_db,narrow_peak_supported
radio_amor_01,1,0.0,22.5,G1,31,1.0,0.978,49.48,16.9,12.5,True
radio_amor_01,1,0.0,22.5,F6,89,0.848,0.978,1407.82,13.5,26.6,True
radio_amor_01,1,0.0,22.5,F2,41,0.357,0.689,86.15,-23.2,15.9,True
radio_amor_01,1,0.0,22.5,Ab4,68,0.3,0.756,410.76,-19.1,7.6,True
radio_amor_01,1,0.0,22.5,D4,62,0.153,0.778,300.64,40.6,13.1,True
radio_amor_01,2,22.5,55.5,B4,71,1.0,0.803,496.51,9.2,30.5,True
radio_amor_01,2,22.5,55.5,A2,45,0.657,0.742,110.94,14.8,10.1,True
radio_amor_01,2,22.5,55.5,E5,76,0.368,0.288,662.78,9.2,35.5,True
radio_amor_01,2,22.5,55.5,A1,33,0.326,0.5,54.44,-17.7,5.9,False
radio_amor_01,2,22.5,55.5,B3,59,0.304,0.5,245.13,-12.7,9.4,True
radio_amor_01,2,22.5,55.5,A4,69,0.262,0.273,442.02,7.9,28.2,True
radio_amor_01,2,22.5,55.5,G2,43,0.202,0.242,97.3,-12.4,8.0,False
radio_amor_01,2,22.5,55.5,D3,50,0.175,0.318,146.12,-8.5,13.7,True
radio_amor_01,3,55.5,81.5,E5,76,1.0,0.615,663.17,10.2,34.6,True
radio_amor_01,3,55.5,81.5,B4,71,0.866,0.462,495.99,7.4,28.4,True
radio_amor_01,3,55.5,81.5,A4,69,0.73,0.423,442.42,9.5,34.2,True
radio_amor_01,3,55.5,81.5,A2,45,0.647,0.519,110.64,10.1,6.8,True
radio_amor_01,3,55.5,81.5,G2,43,0.604,0.365,96.18,-32.4,9.3,True
radio_amor_01,3,55.5,81.5,D3,50,0.363,0.519,146.46,-4.4,12.3,True
radio_amor_01,3,55.5,81.5,G1,31,0.275,0.212,48.11,-31.7,7.3,False
radio_amor_01,3,55.5,81.5,D2,38,0.269,0.25,73.22,-4.6,3.1,False
radio_amor_01,4,81.5,100.5,B4,71,1.0,0.842,495.97,7.3,30.8,True
radio_amor_01,4,81.5,100.5,A2,45,0.847,0.816,111.14,17.9,9.5,True
radio_amor_01,4,81.5,100.5,A4,69,0.624,0.289,442.41,9.4,31.6,True
radio_amor_01,4,81.5,100.5,A1,33,0.599,0.658,53.9,-35.0,5.8,False
radio_amor_01,4,81.5,100.5,C4,60,0.412,0.711,261.2,-2.8,15.3,True
radio_amor_01,4,81.5,100.5,E2,40,0.395,0.5,80.78,-34.4,6.5,True
radio_amor_01,4,81.5,100.5,C3,48,0.388,0.553,127.92,-38.7,8.1,True
radio_amor_01,4,81.5,100.5,B3,59,0.337,0.658,247.01,0.5,10.5,True
radio_amor_01,5,100.5,134.0,E5,76,1.0,0.94,662.45,8.4,34.6,True
radio_amor_01,5,100.5,134.0,A2,45,0.825,0.761,110.01,0.2,7.8,True
radio_amor_01,5,100.5,134.0,B4,71,0.726,0.761,496.17,8.0,25.7,True
radio_amor_01,5,100.5,134.0,D3,50,0.559,0.612,146.83,-0.0,11.9,True
radio_amor_01,5,100.5,134.0,E4,64,0.552,0.91,331.28,8.7,15.7,True
radio_amor_01,5,100.5,134.0,A1,33,0.445,0.478,55.64,20.1,6.2,True
radio_amor_01,5,100.5,134.0,D2,38,0.396,0.463,74.2,18.5,5.9,False
radio_amor_01,5,100.5,134.0,C4,60,0.376,0.552,263.69,13.6,9.5,True
radio_amor_01,6,134.0,164.0,Eb5,75,1.0,0.65,626.1,10.7,33.1,True
radio_amor_01,6,134.0,164.0,Bb4,70,0.749,0.417,468.8,9.8,28.7,True
radio_amor_01,6,134.0,164.0,C#3,49,0.744,0.433,137.98,-7.6,12.7,True
radio_amor_01,6,134.0,164.0,Ab2,44,0.741,0.533,103.63,-3.2,7.5,True
radio_amor_01,6,134.0,164.0,C#5,73,0.353,0.333,556.8,7.6,24.2,True
radio_amor_01,6,134.0,164.0,C#2,37,0.336,0.25,69.7,10.2,3.7,False
radio_amor_01,6,134.0,164.0,Eb2,39,0.328,0.417,76.98,-17.9,3.8,False
radio_amor_01,6,134.0,164.0,C5,72,0.326,0.2,525.3,6.8,22.1,False
radio_amor_01,7,164.0,191.5,C5,72,1.0,0.8,526.13,9.5,31.7,True
radio_amor_01,7,164.0,191.5,Eb5,75,0.491,0.509,625.46,8.9,32.4,True
radio_amor_01,7,164.0,191.5,F5,77,0.434,0.455,702.61,10.3,28.3,True
radio_amor_01,7,164.0,191.5,C#3,49,0.349,0.291,137.07,-19.2,12.4,True
radio_amor_01,7,164.0,191.5,Bb4,70,0.237,0.273,469.04,10.6,27.1,True
radio_amor_01,7,164.0,191.5,Bb2,46,0.214,0.4,114.53,-30.1,6.6,True
radio_amor_01,7,164.0,191.5,Eb3,51,0.16,0.2,155.31,-2.8,9.1,False
radio_amor_01,7,164.0,191.5,Ab2,44,0.136,0.255,103.36,-7.7,4.1,False
radio_amor_01,8,191.5,209.0,E5,76,1.0,0.429,662.91,9.6,32.9,True
radio_amor_01,8,191.5,209.0,B4,71,0.853,0.686,496.63,9.6,28.1,True
radio_amor_01,8,191.5,209.0,A2,45,0.448,0.6,110.58,9.1,7.4,True
radio_amor_01,8,191.5,209.0,A4,69,0.3,0.286,441.88,7.4,28.8,True
radio_amor_01,8,191.5,209.0,D2,38,0.263,0.314,73.72,7.2,7.3,True
radio_amor_01,8,191.5,209.0,B3,59,0.26,0.371,246.78,-1.1,5.1,False
radio_amor_01,8,191.5,209.0,D3,50,0.253,0.4,146.68,-1.9,10.1,True
radio_amor_01,8,191.5,209.0,A1,33,0.183,0.286,55.81,25.5,5.9,False
radio_amor_01,9,209.0,224.0,A4,69,1.0,0.667,441.5,5.9,32.3,True
radio_amor_01,9,209.0,224.0,A2,45,0.744,0.867,110.33,5.2,8.7,True
radio_amor_01,9,209.0,224.0,B3,59,0.549,0.833,248.52,11.0,10.1,True
radio_amor_01,9,209.0,224.0,G2,43,0.475,0.467,99.3,22.8,7.0,True
radio_amor_01,9,209.0,224.0,E5,76,0.44,0.333,662.38,8.2,29.1,True
radio_amor_01,9,209.0,224.0,B4,71,0.371,0.633,495.81,6.8,22.3,True
radio_amor_01,9,209.0,224.0,A1,33,0.28,0.233,56.1,34.3,2.7,False
radio_amor_01,9,209.0,224.0,A3,57,0.274,0.767,219.64,-2.8,12.3,True
radio_amor_01,10,224.0,286.0,B3,59,1.0,0.992,247.3,2.5,14.0,True
radio_amor_01,10,224.0,286.0,B4,71,0.568,1.0,495.38,5.2,26.6,True
radio_amor_01,10,224.0,286.0,A2,45,0.553,0.798,111.03,16.2,9.7,True
radio_amor_01,10,224.0,286.0,C3,48,0.332,0.774,128.16,-35.5,10.2,True
radio_amor_01,10,224.0,286.0,E3,52,0.198,0.669,166.54,18.1,10.1,True
radio_amor_01,10,224.0,286.0,A1,33,0.155,0.242,54.15,-26.9,5.9,False
radio_amor_01,10,224.0,286.0,A4,69,0.125,0.202,441.3,5.1,22.7,False
radio_amor_01,11,286.0,376.0,Eb5,75,1.0,0.906,626.13,10.7,22.5,True
radio_amor_01,11,286.0,376.0,C#2,37,0.817,0.583,70.62,32.7,6.8,True
radio_amor_01,11,286.0,376.0,D2,38,0.42,0.567,71.62,-42.9,6.8,True
radio_amor_01,11,286.0,376.0,C5,72,0.393,0.272,524.66,4.6,19.3,True
radio_amor_01,11,286.0,376.0,E4,64,0.382,0.594,327.01,-13.8,5.5,False
radio_amor_01,11,286.0,376.0,Eb4,63,0.337,0.683,310.27,-4.8,10.6,True
radio_amor_01,11,286.0,376.0,Eb3,51,0.284,0.372,155.45,-1.2,7.9,True
radio_amor_01,11,286.0,376.0,C#3,49,0.284,0.611,141.99,41.9,7.5,True
radio_amor_01,12,376.0,434.0,F5,77,1.0,0.69,702.69,10.5,22.3,True
radio_amor_01,12,376.0,434.0,F3,53,0.818,0.44,178.24,35.6,17.8,True
radio_amor_01,12,376.0,434.0,Eb5,75,0.714,0.31,623.73,4.1,22.4,True
radio_amor_01,12,376.0,434.0,F2,41,0.509,0.362,89.16,36.4,15.9,True
radio_amor_01,12,376.0,434.0,Bb4,70,0.495,0.362,468.3,7.9,17.2,True
radio_amor_01,12,376.0,434.0,E4,64,0.468,0.405,329.58,-0.2,13.7,True
radio_amor_01,12,376.0,434.0,Bb3,58,0.447,0.414,234.48,10.4,9.8,True
radio_amor_01,12,376.0,434.0,Ab4,68,0.39,0.405,415.55,1.0,19.2,True
radio_amor_01,13,434.0,444.31,Ab2,44,1.0,1.0,102.87,-16.1,12.3,True
radio_amor_01,13,434.0,444.31,G5,79,0.633,0.762,774.85,-20.3,17.0,True
radio_amor_01,13,434.0,444.31,Ab1,32,0.593,0.714,51.76,-5.0,12.1,True
radio_amor_01,13,434.0,444.31,D6,86,0.473,0.81,1162.24,-18.4,17.0,True
radio_amor_01,13,434.0,444.31,G2,43,0.284,0.762,97.3,-12.3,7.6,True
radio_amor_01,13,434.0,444.31,C6,84,0.26,0.667,1042.66,-6.4,13.7,True
radio_amor_01,13,434.0,444.31,G1,31,0.243,0.857,48.46,-19.2,6.1,True
radio_amor_01,13,434.0,444.31,Eb2,39,0.183,0.571,76.07,-38.4,7.8,True
radio_amor_02,1,0.0,90.0,Ab2,44,1.0,0.783,101.96,-31.4,12.2,True
radio_amor_02,1,0.0,90.0,G5,79,0.833,0.706,781.1,-6.4,25.3,True
radio_amor_02,1,0.0,90.0,Ab1,32,0.542,0.594,51.02,-29.9,5.4,False
radio_amor_02,1,0.0,90.0,C#2,37,0.444,0.506,67.76,-38.8,4.4,False
radio_amor_02,1,0.0,90.0,G1,31,0.433,0.511,50.24,43.3,4.1,False
radio_amor_02,1,0.0,90.0,D6,86,0.38,0.45,1160.33,-21.2,22.0,True
radio_amor_02,1,0.0,90.0,Eb2,39,0.305,0.333,76.21,-35.4,5.7,False
radio_amor_02,1,0.0,90.0,G2,43,0.302,0.689,100.43,42.5,9.1,True
radio_amor_02,2,90.0,96.5,Ab2,44,1.0,1.0,102.95,-14.6,13.2,True
radio_amor_02,2,90.0,96.5,Ab1,32,0.708,0.462,51.67,-8.2,11.8,True
radio_amor_02,2,90.0,96.5,G5,79,0.63,0.846,782.17,-4.0,27.2,True
radio_amor_02,2,90.0,96.5,D6,86,0.352,0.385,1160.68,-20.7,30.0,True
radio_amor_02,2,90.0,96.5,G1,31,0.327,0.462,49.72,25.3,6.8,True
radio_amor_02,2,90.0,96.5,Eb2,39,0.286,0.308,76.98,-18.0,8.2,True
radio_amor_02,2,90.0,96.5,G2,43,0.282,0.615,100.21,38.6,9.0,True
radio_amor_02,2,90.0,96.5,C#2,37,0.282,0.385,69.46,4.0,3.8,False
radio_amor_02,3,96.5,117.5,Ab2,44,1.0,0.929,102.73,-18.3,11.0,True
radio_amor_02,3,96.5,117.5,G5,79,0.61,0.929,779.32,-10.3,25.1,True
radio_amor_02,3,96.5,117.5,G1,31,0.342,0.738,50.0,35.1,7.7,True
radio_amor_02,3,96.5,117.5,G2,43,0.254,0.881,100.1,36.7,5.3,False
radio_amor_02,3,96.5,117.5,Ab1,32,0.24,0.643,51.94,1.0,4.9,False
radio_amor_02,3,96.5,117.5,C6,84,0.23,0.333,1040.02,-10.8,24.6,True
radio_amor_02,3,96.5,117.5,Eb2,39,0.179,0.31,77.77,-0.3,10.3,True
radio_amor_02,3,96.5,117.5,D6,86,0.129,0.357,1160.17,-21.5,21.6,True
radio_amor_02,4,117.5,137.0,G1,31,1.0,0.846,49.71,25.0,8.6,True
radio_amor_02,4,117.5,137.0,Eb2,39,0.689,0.744,76.42,-30.5,9.7,True
radio_amor_02,4,117.5,137.0,G5,79,0.643,0.821,777.76,-13.8,25.9,True
radio_amor_02,4,117.5,137.0,D5,74,0.599,0.692,582.77,-13.5,22.9,True
radio_amor_02,4,117.5,137.0,A1,33,0.519,0.718,54.74,-8.1,4.8,False
radio_amor_02,4,117.5,137.0,D2,38,0.493,0.795,73.51,2.2,7.1,True
radio_amor_02,4,117.5,137.0,Eb1,27,0.488,0.615,39.43,23.9,4.4,False
radio_amor_02,4,117.5,137.0,Ab2,44,0.467,0.795,102.79,-17.4,7.3,True
radio_amor_02,5,137.0,171.5,Ab1,32,1.0,0.725,51.24,-22.7,8.3,True
radio_amor_02,5,137.0,171.5,G5,79,0.766,0.667,778.69,-11.7,25.3,True
radio_amor_02,5,137.0,171.5,Ab2,44,0.61,0.696,102.37,-24.5,8.2,True
radio_amor_02,5,137.0,171.5,Eb2,39,0.587,0.565,77.14,-14.3,10.7,True
radio_amor_02,5,137.0,171.5,F#1,30,0.423,0.348,46.21,-1.5,7.0,True
radio_amor_02,5,137.0,171.5,C6,84,0.404,0.29,1043.24,-5.4,22.2,True
radio_amor_02,5,137.0,171.5,A1,33,0.335,0.435,54.11,-28.2,8.2,True
radio_amor_02,5,137.0,171.5,Eb1,27,0.334,0.29,38.66,-10.1,8.4,True
radio_amor_02,6,171.5,240.5,Ab2,44,1.0,1.0,103.24,-9.8,12.7,True
radio_amor_02,6,171.5,240.5,G5,79,0.411,0.891,778.45,-12.3,27.3,True
radio_amor_02,6,171.5,240.5,Ab1,32,0.391,0.804,51.72,-6.4,5.4,False
radio_amor_02,6,171.5,240.5,G1,31,0.379,0.804,50.03,35.9,8.9,True
radio_amor_02,6,171.5,240.5,G2,43,0.253,0.978,100.43,42.5,10.7,True
radio_amor_02,7,240.5,268.5,G5,79,1.0,0.768,779.23,-10.5,26.8,True
radio_amor_02,7,240.5,268.5,G1,31,0.834,0.929,50.02,35.6,11.4,True
radio_amor_02,7,240.5,268.5,Ab2,44,0.817,1.0,103.64,-3.1,8.0,True
radio_amor_02,7,240.5,268.5,Ab1,32,0.56,0.857,51.03,-29.8,3.7,False
radio_amor_02,7,240.5,268.5,D6,86,0.187,0.25,1166.57,-12.0,22.6,True
radio_amor_02,7,240.5,268.5,C#1,25,0.177,0.071,34.81,8.0,3.0,False
radio_amor_02,7,240.5,268.5,C2,36,0.146,0.375,65.95,14.4,6.0,True
radio_amor_02,8,268.5,292.19,Ab2,44,1.0,0.938,101.63,-37.0,10.9,True
radio_amor_02,8,268.5,292.19,G1,31,0.834,0.938,50.0,35.0,10.8,True
radio_amor_02,8,268.5,292.19,G5,79,0.745,0.938,779.85,-9.2,25.5,True
radio_amor_02,8,268.5,292.19,Ab1,32,0.457,0.812,51.71,-6.9,3.9,False
radio_amor_02,8,268.5,292.19,C#1,25,0.136,0.208,35.36,35.3,4.5,False
radio_amor_02,8,268.5,292.19,G2,43,0.127,0.854,100.18,38.1,6.3,True
radio_amor_03,1,0.0,44.5,D2,38,1.0,1.0,74.97,36.2,15.4,True
radio_amor_03,1,0.0,44.5,D1,26,0.251,0.652,36.96,11.8,5.2,False
radio_amor_03,1,0.0,44.5,A5,81,0.16,0.382,886.88,13.5,20.7,True
radio_amor_03,1,0.0,44.5,G2,43,0.133,0.315,98.05,0.9,10.3,True
radio_amor_03,1,0.0,44.5,C#1,25,0.123,0.461,35.46,40.0,4.7,False
radio_amor_03,1,0.0,44.5,Eb2,39,0.121,0.809,75.87,-43.1,10.6,True
radio_amor_03,2,44.5,83.0,D2,38,1.0,1.0,72.56,-20.2,13.6,True
radio_amor_03,2,44.5,83.0,A5,81,0.291,0.883,881.11,2.2,26.5,True
radio_amor_03,2,44.5,83.0,A2,45,0.191,0.195,109.53,-7.4,16.7,False
radio_amor_03,2,44.5,83.0,C#2,37,0.165,0.805,71.04,43.0,11.6,True
radio_amor_03,2,44.5,83.0,D1,26,0.138,0.221,36.65,-2.7,10.0,False
radio_amor_03,3,83.0,110.5,D2,38,1.0,1.0,73.37,-1.1,33.7,True
radio_amor_03,3,83.0,110.5,D1,26,0.541,0.982,36.68,-1.4,27.2,True
radio_amor_03,3,83.0,110.5,A4,69,0.17,0.691,444.85,19.0,33.1,True
radio_amor_03,4,110.5,133.5,D2,38,1.0,0.848,73.42,0.2,29.2,True
radio_amor_03,4,110.5,133.5,G2,43,0.637,0.478,97.99,-0.2,25.2,True
radio_amor_03,4,110.5,133.5,D1,26,0.373,0.478,36.71,0.0,22.2,True
radio_amor_03,4,110.5,133.5,F#2,42,0.128,0.196,94.4,35.3,3.8,False
radio_amor_03,5,133.5,149.0,D2,38,1.0,1.0,73.43,0.3,39.9,True
radio_amor_03,5,133.5,149.0,D1,26,0.377,0.806,36.72,0.3,29.1,True
radio_amor_03,5,133.5,149.0,A2,45,0.299,0.452,109.98,-0.3,35.9,True
radio_amor_03,6,149.0,164.5,D2,38,1.0,1.0,73.42,0.1,43.1,True
radio_amor_03,6,149.0,164.5,D1,26,0.544,0.968,36.71,0.1,40.6,True
radio_amor_03,7,164.5,206.5,D1,26,1.0,0.798,36.71,0.1,32.9,True
radio_amor_03,7,164.5,206.5,D2,38,0.926,0.976,73.42,0.2,36.8,True
radio_amor_03,7,164.5,206.5,G2,43,0.304,0.571,98.0,0.0,23.4,True
radio_amor_03,7,164.5,206.5,A5,81,0.149,0.095,885.17,10.1,30.4,False
radio_amor_03,8,206.5,247.5,D2,38,1.0,1.0,73.41,-0.2,23.8,True
radio_amor_03,8,206.5,247.5,G2,43,0.371,0.744,98.05,1.0,25.0,True
radio_amor_03,8,206.5,247.5,D1,26,0.357,0.561,36.7,-0.2,18.8,True
radio_amor_03,8,206.5,247.5,A5,81,0.206,0.549,885.21,10.2,29.4,True
radio_amor_03,8,206.5,247.5,C2,36,0.203,0.402,65.68,7.3,14.9,True
radio_amor_03,9,247.5,275.0,D2,38,1.0,1.0,73.43,0.2,25.9,True
radio_amor_03,9,247.5,275.0,C2,36,0.218,0.618,65.56,4.1,16.9,True
radio_amor_03,9,247.5,275.0,D1,26,0.136,0.218,36.53,-8.3,9.9,False
radio_amor_03,9,247.5,275.0,G2,43,0.128,0.327,97.99,-0.2,27.0,True
radio_amor_03,10,275.0,294.5,D2,38,1.0,1.0,73.41,-0.2,31.8,True
radio_amor_03,10,275.0,294.5,D1,26,0.192,0.333,36.71,0.1,23.3,True
radio_amor_03,10,275.0,294.5,A4,69,0.166,0.846,442.47,9.7,36.9,True
radio_amor_03,10,275.0,294.5,G2,43,0.129,0.487,98.0,-0.0,20.5,True
radio_amor_03,11,294.5,384.5,D2,38,1.0,1.0,73.39,-0.7,30.5,True
radio_amor_03,11,294.5,384.5,D1,26,0.563,0.7,36.71,0.1,26.3,True
radio_amor_03,12,384.5,393.5,D2,38,1.0,1.0,73.4,-0.4,29.8,True
radio_amor_03,12,384.5,393.5,A4,69,0.388,1.0,442.26,8.9,47.0,True
radio_amor_03,13,393.5,437.0,D2,38,1.0,1.0,73.4,-0.3,27.5,True
radio_amor_03,14,437.0,472.5,D2,38,1.0,1.0,73.43,0.4,26.0,True
radio_amor_03,14,437.0,472.5,A4,69,0.218,0.746,441.19,4.7,28.9,True
radio_amor_03,15,472.5,489.32,D5,74,1.0,0.912,587.12,-0.6,16.4,True
radio_amor_03,15,472.5,489.32,B4,71,0.626,0.912,481.96,-42.3,19.3,True
radio_amor_03,15,472.5,489.32,Bb4,70,0.572,1.0,478.27,44.4,12.0,True
radio_amor_03,15,472.5,489.32,B5,83,0.373,0.618,989.12,2.4,17.4,True
radio_amor_03,15,472.5,489.32,Bb2,46,0.297,0.412,116.7,2.4,8.0,True
radio_amor_03,15,472.5,489.32,Eb3,51,0.265,0.353,154.47,-12.2,8.3,True
radio_amor_03,15,472.5,489.32,D4,62,0.246,0.353,295.99,13.6,10.0,True
radio_amor_03,15,472.5,489.32,Bb3,58,0.221,0.529,233.94,6.3,10.0,True
radio_amor_04,1,0.0,15.0,D4,62,1.0,0.967,295.31,9.7,29.7,True
radio_amor_04,1,0.0,15.0,Bb2,46,0.462,0.8,118.74,32.4,9.8,True
radio_amor_04,1,0.0,15.0,F3,53,0.387,0.8,174.98,3.6,14.4,True
radio_amor_04,1,0.0,15.0,F4,65,0.365,0.9,352.23,14.8,22.4,True
radio_amor_04,1,0.0,15.0,A3,57,0.258,0.767,219.92,-0.6,7.9,True
radio_amor_04,1,0.0,15.0,G4,67,0.236,0.267,394.45,10.8,25.8,True
radio_amor_04,1,0.0,15.0,Eb3,51,0.131,0.267,156.19,7.0,10.6,True
radio_amor_04,2,15.0,65.5,D4,62,1.0,0.663,295.43,10.4,23.3,True
radio_amor_04,2,15.0,65.5,C4,60,0.738,0.554,263.17,10.2,25.1,True
radio_amor_04,2,15.0,65.5,Bb2,46,0.612,0.604,118.8,33.3,7.5,True
radio_amor_04,2,15.0,65.5,F3,53,0.488,0.584,174.77,1.6,10.0,True
radio_amor_04,2,15.0,65.5,F4,65,0.397,0.644,351.56,11.5,18.2,True
radio_amor_04,2,15.0,65.5,Ab2,44,0.36,0.347,103.61,-3.6,4.8,False
radio_amor_04,2,15.0,65.5,A3,57,0.344,0.545,217.94,-16.3,6.3,True
radio_amor_04,2,15.0,65.5,Eb3,51,0.337,0.436,156.17,6.8,10.3,True
radio_amor_04,3,65.5,98.0,D4,62,1.0,1.0,294.78,6.6,31.3,True
radio_amor_04,3,65.5,98.0,F3,53,0.387,0.892,174.08,-5.3,15.1,True
radio_amor_04,3,65.5,98.0,Bb2,46,0.385,0.908,117.24,10.4,9.3,True
radio_amor_04,3,65.5,98.0,F4,65,0.324,0.954,350.7,7.3,23.3,True
radio_amor_04,3,65.5,98.0,A3,57,0.231,0.877,218.01,-15.7,8.1,True
radio_amor_04,4,98.0,123.0,C4,60,1.0,0.82,263.04,9.3,22.8,True
radio_amor_04,4,98.0,123.0,Ab2,44,0.546,0.7,104.09,4.3,7.9,True
radio_amor_04,4,98.0,123.0,D4,62,0.416,0.36,295.36,10.0,18.8,True
radio_amor_04,4,98.0,123.0,Eb3,51,0.411,0.72,155.34,-2.5,10.0,True
radio_amor_04,4,98.0,123.0,Eb4,63,0.349,0.66,313.23,11.7,15.1,True
radio_amor_04,4,98.0,123.0,Bb2,46,0.27,0.36,116.49,-0.7,5.4,False
radio_amor_04,4,98.0,123.0,F3,53,0.208,0.3,174.44,-1.7,8.8,True
radio_amor_04,4,98.0,123.0,G3,55,0.205,0.52,196.87,7.7,4.2,False
radio_amor_04,5,123.0,157.0,D4,62,1.0,0.926,295.26,9.4,28.5,True
radio_amor_04,5,123.0,157.0,F3,53,0.561,0.985,175.34,7.2,14.4,True
radio_amor_04,5,123.0,157.0,Bb2,46,0.488,0.882,116.79,3.6,8.7,True
radio_amor_04,5,123.0,157.0,F4,65,0.337,0.941,351.98,13.6,18.7,True
radio_amor_04,5,123.0,157.0,A3,57,0.318,0.868,219.19,-6.4,8.7,True
radio_amor_04,5,123.0,157.0,A4,69,0.174,0.897,442.68,10.5,23.3,True
radio_amor_04,6,157.0,189.5,C4,60,1.0,0.615,263.22,10.5,24.5,True
radio_amor_04,6,157.0,189.5,Bb3,58,0.881,0.723,234.42,9.9,28.3,True
radio_amor_04,6,157.0,189.5,Ab2,44,0.56,0.615,105.53,28.2,6.2,True
radio_amor_04,6,157.0,189.5,Eb3,51,0.418,0.569,153.88,-18.9,8.8,True
radio_amor_04,6,157.0,189.5,C#4,61,0.345,0.415,278.48,8.1,15.6,True
radio_amor_04,6,157.0,189.5,Eb4,63,0.316,0.615,313.52,13.2,18.3,True
radio_amor_04,6,157.0,189.5,C#3,49,0.285,0.431,136.26,-29.4,8.6,True
radio_amor_04,6,157.0,189.5,F#2,42,0.213,0.354,94.91,44.5,6.3,True
radio_amor_04,7,189.5,207.0,D4,62,1.0,1.0,295.4,10.2,30.4,True
radio_amor_04,7,189.5,207.0,Bb2,46,0.547,0.914,118.09,22.8,9.4,True
radio_amor_04,7,189.5,207.0,F3,53,0.445,0.943,174.7,0.8,13.7,True
radio_amor_04,7,189.5,207.0,F4,65,0.395,1.0,351.52,11.3,23.2,True
radio_amor_04,7,189.5,207.0,A3,57,0.286,0.914,218.5,-11.9,7.5,True
radio_amor_04,8,207.0,229.0,C4,60,1.0,0.886,263.14,10.0,28.4,True
radio_amor_04,8,207.0,229.0,D4,62,0.535,0.455,295.36,10.0,23.7,True
radio_amor_04,8,207.0,229.0,Ab2,44,0.493,0.75,102.77,-17.8,8.4,True
radio_amor_04,8,207.0,229.0,Eb3,51,0.399,0.659,155.51,-0.6,9.3,True
radio_amor_04,8,207.0,229.0,Eb4,63,0.3,0.614,312.95,10.1,18.5,True
radio_amor_04,8,207.0,229.0,G3,55,0.211,0.432,197.52,13.4,5.1,False
radio_amor_04,8,207.0,229.0,Bb2,46,0.207,0.409,118.9,34.8,4.9,False
radio_amor_04,8,207.0,229.0,F3,53,0.196,0.386,174.37,-2.4,9.4,True
radio_amor_04,9,229.0,264.0,D4,62,1.0,0.9,295.48,10.7,21.3,True
radio_amor_04,9,229.0,264.0,Ab2,44,0.689,0.857,102.62,-20.2,9.5,True
radio_amor_04,9,229.0,264.0,Bb2,46,0.681,0.729,117.41,12.9,8.8,True
radio_amor_04,9,229.0,264.0,C4,60,0.667,0.857,263.21,10.5,20.2,True
radio_amor_04,9,229.0,264.0,F4,65,0.574,0.914,352.2,14.7,19.6,True
radio_amor_04,9,229.0,264.0,F3,53,0.509,0.829,173.38,-12.2,11.9,True
radio_amor_04,9,229.0,264.0,Eb4,63,0.42,0.8,312.8,9.3,23.3,True
radio_amor_04,9,229.0,264.0,Eb3,51,0.404,0.729,157.04,16.4,9.8,True
radio_amor_04,10,264.0,286.0,Ab2,44,1.0,0.886,102.65,-19.8,10.1,True
radio_amor_04,10,264.0,286.0,C4,60,0.608,0.886,263.18,10.3,22.1,True
radio_amor_04,10,264.0,286.0,Eb3,51,0.512,0.727,157.08,16.8,11.1,True
radio_amor_04,10,264.0,286.0,Bb2,46,0.341,0.591,117.4,12.7,8.0,True
radio_amor_04,10,264.0,286.0,F3,53,0.245,0.455,173.39,-12.2,10.6,True
radio_amor_04,10,264.0,286.0,A2,45,0.231,0.705,107.16,-45.3,5.4,False
radio_amor_04,10,264.0,286.0,Ab1,32,0.223,0.25,51.63,-9.5,4.7,False
radio_amor_04,10,264.0,286.0,D4,62,0.213,0.386,295.22,9.1,16.5,True
radio_amor_04,11,286.0,316.67,G1,31,1.0,0.5,50.04,36.3,15.8,True
radio_amor_04,11,286.0,316.67,Ab1,32,0.322,0.452,51.43,-16.2,2.5,False
radio_amor_04,11,286.0,316.67,B4,71,0.293,0.452,499.08,18.1,4.5,False
radio_amor_04,11,286.0,316.67,A4,69,0.238,0.548,450.16,39.5,6.0,False
radio_amor_04,11,286.0,316.67,F5,77,0.231,0.581,707.9,23.3,3.5,False
radio_amor_04,11,286.0,316.67,A5,81,0.151,0.565,875.88,-8.1,5.3,False
radio_amor_04,11,286.0,316.67,C3,48,0.144,0.097,132.2,18.3,3.6,False
radio_amor_04,11,286.0,316.67,Bb2,46,0.139,0.113,118.99,36.1,9.8,False
radio_amor_05,1,0.0,59.5,Eb1,27,1.0,0.882,38.89,-0.0,13.3,True
radio_amor_05,1,0.0,59.5,G1,31,0.353,0.899,49.98,34.2,16.3,True
radio_amor_05,1,0.0,59.5,F4,65,0.169,0.471,353.72,22.1,26.6,True
radio_amor_05,1,0.0,59.5,E1,28,0.161,0.63,41.13,-3.0,3.7,False
radio_amor_05,2,59.5,78.5,F1,29,1.0,0.605,43.13,-21.1,18.5,True
radio_amor_05,2,59.5,78.5,C3,48,0.285,0.474,131.34,7.0,24.6,True
radio_amor_05,2,59.5,78.5,Bb1,34,0.254,0.342,58.03,-7.0,11.5,True
radio_amor_05,2,59.5,78.5,G1,31,0.169,0.526,50.0,34.9,12.6,True
radio_amor_05,2,59.5,78.5,E1,28,0.143,0.5,41.65,18.8,5.4,False
radio_amor_05,2,59.5,78.5,Bb3,58,0.125,0.316,235.79,20.0,23.2,True
radio_amor_05,3,78.5,100.5,F1,29,1.0,0.364,43.15,-20.3,18.7,True
radio_amor_05,3,78.5,100.5,Eb1,27,0.635,0.614,38.98,4.1,14.0,True
radio_amor_05,3,78.5,100.5,Bb1,34,0.333,0.477,58.16,-3.2,14.5,True
radio_amor_05,3,78.5,100.5,C3,48,0.296,0.455,131.35,7.1,26.8,True
radio_amor_05,3,78.5,100.5,Bb3,58,0.207,0.523,235.56,18.3,28.2,True
radio_amor_05,3,78.5,100.5,E1,28,0.206,0.705,41.61,16.8,-2.5,False
radio_amor_05,3,78.5,100.5,F3,53,0.157,0.545,173.79,-8.2,20.2,True
radio_amor_05,3,78.5,100.5,Bb5,82,0.137,0.341,936.7,8.1,18.8,True
radio_amor_05,4,100.5,134.0,F1,29,1.0,0.448,43.28,-14.8,16.2,True
radio_amor_05,4,100.5,134.0,Bb1,34,0.812,0.672,58.03,-7.0,16.5,True
radio_amor_05,4,100.5,134.0,Eb1,27,0.791,0.418,39.1,9.1,13.8,True
radio_amor_05,4,100.5,134.0,F3,53,0.335,0.672,177.35,26.9,20.6,True
radio_amor_05,4,100.5,134.0,Bb3,58,0.316,0.672,235.62,18.8,27.2,True
radio_amor_05,4,100.5,134.0,C3,48,0.289,0.448,131.31,6.5,23.5,True
radio_amor_05,4,100.5,134.0,Eb6,87,0.213,0.567,1254.26,13.5,26.1,True
radio_amor_05,4,100.5,134.0,Eb3,51,0.146,0.463,157.56,22.0,22.3,True
radio_amor_05,5,134.0,177.5,F1,29,1.0,0.253,43.13,-21.1,18.3,True
radio_amor_05,5,134.0,177.5,Bb3,58,0.685,0.736,235.71,19.4,28.9,True
radio_amor_05,5,134.0,177.5,Eb1,27,0.623,0.241,38.97,3.4,15.2,False
radio_amor_05,5,134.0,177.5,F3,53,0.6,0.77,177.31,26.5,19.9,True
radio_amor_05,5,134.0,177.5,Bb1,34,0.462,0.575,58.12,-4.4,12.5,True
radio_amor_05,5,134.0,177.5,C3,48,0.288,0.425,131.46,8.5,25.1,True
radio_amor_05,5,134.0,177.5,Bb2,46,0.263,0.782,118.05,22.3,16.1,True
radio_amor_05,5,134.0,177.5,E1,28,0.22,0.299,41.78,24.1,-2.9,False
radio_amor_05,6,177.5,232.5,Bb1,34,1.0,0.755,58.14,-4.0,14.6,True
radio_amor_05,6,177.5,232.5,Eb1,27,0.9,0.345,38.97,3.3,15.2,True
radio_amor_05,6,177.5,232.5,F1,29,0.821,0.2,43.14,-20.5,17.2,False
radio_amor_05,6,177.5,232.5,F3,53,0.651,0.836,177.35,26.9,18.6,True
radio_amor_05,6,177.5,232.5,Eb6,87,0.547,0.755,1235.93,-12.0,30.1,True
radio_amor_05,6,177.5,232.5,Bb2,46,0.534,0.882,117.91,20.3,19.9,True
radio_amor_05,6,177.5,232.5,C5,72,0.51,0.709,527.48,13.9,32.0,True
radio_amor_05,6,177.5,232.5,Bb3,58,0.431,0.818,235.87,20.6,25.7,True
radio_amor_05,7,232.5,320.5,Eb1,27,1.0,0.972,38.96,3.1,15.8,True
radio_amor_05,7,232.5,320.5,F1,29,0.659,0.818,43.58,-3.1,14.5,True
radio_amor_05,7,232.5,320.5,Bb1,34,0.493,0.864,57.93,-10.2,12.1,True
radio_amor_05,7,232.5,320.5,Eb2,39,0.416,0.989,76.6,-26.4,20.6,True
radio_amor_05,7,232.5,320.5,Bb2,46,0.271,0.938,116.3,-3.6,16.5,True
radio_amor_05,7,232.5,320.5,Eb6,87,0.241,0.841,1235.91,-12.0,27.5,True
radio_amor_05,7,232.5,320.5,Eb3,51,0.239,0.983,158.02,27.1,23.7,True
radio_amor_05,7,232.5,320.5,Bb3,58,0.213,0.96,235.76,19.8,24.2,True
radio_amor_05,8,320.5,343.76,E5,76,1.0,0.851,658.1,-3.0,16.9,True
radio_amor_05,8,320.5,343.76,D5,74,0.558,0.596,589.43,6.2,17.1,True
radio_amor_05,8,320.5,343.76,A4,69,0.538,0.511,445.65,22.1,10.4,True
radio_amor_05,8,320.5,343.76,A5,81,0.389,0.787,877.51,-4.9,14.4,True
radio_amor_05,8,320.5,343.76,E4,64,0.388,0.511,328.94,-3.6,8.0,True
radio_amor_05,8,320.5,343.76,B5,83,0.327,0.723,987.16,-1.1,13.3,True
radio_amor_05,8,320.5,343.76,Bb4,70,0.319,0.638,473.14,25.7,12.5,True
radio_amor_05,8,320.5,343.76,C6,84,0.298,0.66,1021.75,-41.4,8.0,True
radio_amor_06,1,0.0,34.0,Bb3,58,1.0,0.985,233.35,2.0,18.5,True
radio_amor_06,1,0.0,34.0,F3,53,0.693,0.912,173.96,-6.5,17.5,True
radio_amor_06,1,0.0,34.0,Bb2,46,0.154,0.368,116.43,-1.6,8.8,True
radio_amor_06,1,0.0,34.0,F#1,30,0.149,0.088,45.45,-30.3,1.0,False
radio_amor_06,1,0.0,34.0,F#2,42,0.147,0.471,93.49,18.5,6.7,True
radio_amor_06,2,34.0,62.0,Bb3,58,1.0,0.857,232.99,-0.6,21.5,True
radio_amor_06,2,34.0,62.0,F3,53,0.897,0.839,173.95,-6.6,16.3,True
radio_amor_06,2,34.0,62.0,F#2,42,0.312,0.482,92.69,3.6,9.3,True
radio_amor_06,2,34.0,62.0,F#1,30,0.256,0.143,45.51,-27.8,5.2,False
radio_amor_06,2,34.0,62.0,C#1,25,0.247,0.196,35.2,27.2,1.8,False
radio_amor_06,2,34.0,62.0,C#2,37,0.215,0.214,69.55,6.4,8.7,False
radio_amor_06,2,34.0,62.0,F1,29,0.202,0.232,44.92,49.4,2.7,False
radio_amor_06,2,34.0,62.0,F4,65,0.187,0.482,348.9,-1.6,19.8,True
radio_amor_06,3,62.0,116.07,D3,50,1.0,0.972,148.45,18.9,14.2,True
radio_amor_06,3,62.0,116.07,G1,31,0.647,0.899,49.57,20.1,9.9,True
radio_amor_06,3,62.0,116.07,Eb3,51,0.557,0.972,152.36,-36.0,16.7,True
radio_amor_06,3,62.0,116.07,Ab1,32,0.392,0.697,50.64,-42.9,12.7,True
radio_amor_06,3,62.0,116.07,Eb2,39,0.161,0.248,77.35,-9.6,10.3,False
radio_amor_06,3,62.0,116.07,F3,53,0.158,0.477,174.02,-5.9,10.0,True
radio_amor_06,3,62.0,116.07,Bb3,58,0.121,0.477,232.93,-1.1,15.8,True
radio_amor_07,1,0.0,90.0,D3,50,1.0,1.0,148.46,19.0,14.3,True
radio_amor_07,1,0.0,90.0,Eb3,51,0.585,1.0,152.36,-36.1,15.9,True
radio_amor_07,1,0.0,90.0,G1,31,0.245,0.328,49.57,19.9,9.9,True
radio_amor_07,1,0.0,90.0,D2,38,0.172,0.261,72.89,-12.4,5.0,False
radio_amor_07,1,0.0,90.0,Ab1,32,0.131,0.283,50.64,-43.1,11.4,True
radio_amor_07,2,90.0,109.5,D3,50,1.0,0.949,148.38,18.1,14.1,True
radio_amor_07,2,90.0,109.5,D2,38,0.683,0.846,72.93,-11.4,6.7,True
radio_amor_07,2,90.0,109.5,Eb3,51,0.589,1.0,152.33,-36.3,15.8,True
radio_amor_07,2,90.0,109.5,Eb2,39,0.202,0.41,76.63,-25.8,7.4,True
radio_amor_07,2,90.0,109.5,Bb3,58,0.15,0.564,231.8,-9.5,15.1,True
radio_amor_07,2,90.0,109.5,G1,31,0.14,0.0,50.3,45.4,0.8,False
radio_amor_07,2,90.0,109.5,C#2,37,0.132,0.538,71.16,46.0,7.3,True
radio_amor_07,3,109.5,147.0,Bb3,58,1.0,1.0,231.83,-9.3,21.1,True
radio_amor_07,3,109.5,147.0,C#4,61,0.339,0.973,276.9,-1.8,22.1,True
radio_amor_07,3,109.5,147.0,F#1,30,0.167,0.2,47.07,30.4,3.4,False
radio_amor_07,3,109.5,147.0,D2,38,0.159,0.36,73.0,-9.8,4.7,False
radio_amor_07,4,147.0,183.0,G3,55,1.0,0.694,195.14,-7.6,21.7,True
radio_amor_07,4,147.0,183.0,Bb3,58,0.835,0.931,232.01,-8.0,19.2,True
radio_amor_07,4,147.0,183.0,Eb3,51,0.62,0.639,154.78,-8.7,21.1,True
radio_amor_07,4,147.0,183.0,F#1,30,0.359,0.278,47.16,33.6,3.3,False
radio_amor_07,4,147.0,183.0,C#1,25,0.284,0.431,35.48,41.0,1.0,False
radio_amor_07,4,147.0,183.0,Eb1,27,0.265,0.194,38.19,-31.6,2.2,False
radio_amor_07,4,147.0,183.0,G1,31,0.245,0.597,50.3,45.4,4.4,False
radio_amor_07,4,147.0,183.0,Ab1,32,0.227,0.528,50.64,-43.1,4.3,False
radio_amor_07,5,183.0,200.0,Eb3,51,1.0,1.0,157.47,21.1,41.3,True
radio_amor_07,5,183.0,200.0,F#1,30,0.788,0.941,46.5,9.2,15.4,True
radio_amor_07,5,183.0,200.0,C3,48,0.721,0.5,132.42,21.1,39.2,True
radio_amor_07,5,183.0,200.0,Eb2,39,0.561,0.588,77.87,1.9,21.8,True
radio_amor_07,5,183.0,200.0,D1,26,0.445,0.618,37.05,15.9,20.2,True
radio_amor_07,5,183.0,200.0,Eb1,27,0.428,0.441,38.93,1.8,16.8,True
radio_amor_07,5,183.0,200.0,A1,33,0.281,0.588,54.49,-16.0,9.6,True
radio_amor_07,5,183.0,200.0,B1,35,0.181,0.294,62.23,13.7,8.7,True
radio_amor_07,6,200.0,233.0,Bb3,58,1.0,0.773,231.63,-10.8,18.4,True
radio_amor_07,6,200.0,233.0,G1,31,0.676,0.682,49.86,30.3,3.2,False
radio_amor_07,6,200.0,233.0,Ab1,32,0.653,0.788,50.64,-43.1,5.1,False
radio_amor_07,6,200.0,233.0,F#1,30,0.562,0.667,45.46,-29.9,0.9,False
radio_amor_07,6,200.0,233.0,C#1,25,0.465,0.636,34.55,-4.9,3.0,False
radio_amor_07,6,200.0,233.0,Bb1,34,0.396,0.591,59.43,34.2,3.1,False
radio_amor_07,6,200.0,233.0,D1,26,0.339,0.621,36.89,8.6,1.1,False
radio_amor_07,6,200.0,233.0,Eb1,27,0.329,0.515,38.93,1.7,0.1,False
radio_amor_07,7,233.0,253.5,Bb3,58,1.0,0.854,233.36,2.0,22.3,True
radio_amor_07,7,233.0,253.5,E1,28,0.469,0.61,40.43,-33.0,3.2,False
radio_amor_07,7,233.0,253.5,C#1,25,0.403,0.537,34.53,-5.8,3.3,False
radio_amor_07,7,233.0,253.5,D1,26,0.4,0.463,36.91,9.3,2.3,False
radio_amor_07,7,233.0,253.5,F#1,30,0.37,0.512,45.9,-13.0,2.9,False
radio_amor_07,7,233.0,253.5,G3,55,0.338,0.463,195.82,-1.6,15.6,True
radio_amor_07,7,233.0,253.5,C#4,61,0.32,0.585,279.48,14.3,14.9,True
radio_amor_07,7,233.0,253.5,F1,29,0.293,0.463,42.56,-43.9,0.6,False
radio_amor_07,8,253.5,280.0,C#1,25,1.0,0.774,34.44,-10.6,1.7,False
radio_amor_07,8,253.5,280.0,F#1,30,0.795,0.642,46.56,11.7,1.9,False
radio_amor_07,8,253.5,280.0,Eb1,27,0.605,0.642,38.19,-31.6,1.2,False
radio_amor_07,8,253.5,280.0,F1,29,0.591,0.736,42.9,-30.2,0.7,False
radio_amor_07,8,253.5,280.0,D1,26,0.586,0.642,36.95,11.4,0.4,False
radio_amor_07,8,253.5,280.0,Ab1,32,0.565,0.736,52.12,6.9,2.6,False
radio_amor_07,8,253.5,280.0,E1,28,0.527,0.679,42.19,41.1,1.2,False
radio_amor_07,8,253.5,280.0,G1,31,0.458,0.642,49.73,25.7,1.0,False
radio_amor_07,9,280.0,311.31,C#1,25,1.0,0.714,34.44,-10.2,2.0,False
radio_amor_07,9,280.0,311.31,D1,26,0.737,0.698,36.93,10.5,1.1,False
radio_amor_07,9,280.0,311.31,F#1,30,0.654,0.683,47.61,50.1,1.3,False
radio_amor_07,9,280.0,311.31,E1,28,0.59,0.698,42.23,42.4,0.7,False
radio_amor_07,9,280.0,311.31,G1,31,0.566,0.683,47.73,-45.4,1.5,False
radio_amor_07,9,280.0,311.31,F1,29,0.495,0.683,43.81,6.2,0.3,False
radio_amor_07,9,280.0,311.31,Bb1,34,0.475,0.683,59.08,23.8,3.1,False
radio_amor_07,9,280.0,311.31,Eb1,27,0.456,0.603,38.36,-23.6,0.2,False
radio_amor_08,1,0.0,36.0,C#1,25,1.0,0.722,35.5,41.9,1.9,False
radio_amor_08,1,0.0,36.0,E1,28,0.77,0.694,40.54,-28.2,1.3,False
radio_amor_08,1,0.0,36.0,D1,26,0.709,0.694,36.87,7.8,1.4,False
radio_amor_08,1,0.0,36.0,C#5,73,0.644,0.444,549.31,-15.9,16.0,True
radio_amor_08,1,0.0,36.0,Eb1,27,0.621,0.667,38.63,-11.5,0.5,False
radio_amor_08,1,0.0,36.0,G1,31,0.567,0.639,47.98,-36.2,1.0,False
radio_amor_08,1,0.0,36.0,Ab1,32,0.553,0.569,51.68,-7.6,0.7,False
radio_amor_08,1,0.0,36.0,Bb1,34,0.55,0.681,58.92,19.1,2.7,False
radio_amor_08,2,36.0,79.0,C#5,73,1.0,0.907,548.99,-16.9,23.4,True
radio_amor_08,2,36.0,79.0,F#4,66,0.672,0.779,366.71,-15.4,20.3,True
radio_amor_08,2,36.0,79.0,F5,77,0.671,0.837,699.99,3.8,25.8,True
radio_amor_08,2,36.0,79.0,Bb4,70,0.551,0.837,462.68,-13.0,22.4,True
radio_amor_08,2,36.0,79.0,Ab1,32,0.287,0.535,51.9,-0.5,2.9,False
radio_amor_08,2,36.0,79.0,Ab4,68,0.236,0.267,411.45,-16.2,21.1,True
radio_amor_08,2,36.0,79.0,Eb4,63,0.218,0.651,309.31,-10.1,19.5,True
radio_amor_08,2,36.0,79.0,Eb2,39,0.201,0.488,79.1,29.0,5.4,False
radio_amor_08,3,79.0,100.5,Eb1,27,1.0,0.651,39.26,16.3,2.1,False
radio_amor_08,3,79.0,100.5,C#4,61,0.867,0.419,274.78,-15.1,20.7,True
radio_amor_08,3,79.0,100.5,F#5,78,0.764,0.767,733.5,-15.3,24.0,True
radio_amor_08,3,79.0,100.5,Bb5,82,0.747,0.721,924.06,-15.4,24.8,True
radio_amor_08,3,79.0,100.5,C#1,25,0.743,0.628,34.78,6.8,1.3,False
radio_amor_08,3,79.0,100.5,F#4,66,0.73,0.442,366.56,-16.1,17.7,True
radio_amor_08,3,79.0,100.5,Bb1,34,0.706,0.628,58.49,6.6,1.5,False
radio_amor_08,3,79.0,100.5,C#5,73,0.683,0.488,549.42,-15.5,25.0,True
radio_amor_08,4,100.5,118.5,C#5,73,1.0,1.0,549.31,-15.8,29.0,True
radio_amor_08,4,100.5,118.5,F5,77,0.484,0.944,692.76,-14.2,26.2,True
radio_amor_08,4,100.5,118.5,C#4,61,0.39,0.806,274.7,-15.6,24.7,True
radio_amor_08,4,100.5,118.5,Eb2,39,0.306,0.611,76.95,-18.7,3.6,False
radio_amor_08,4,100.5,118.5,Bb3,58,0.25,0.806,231.47,-12.0,17.7,True
radio_amor_08,4,100.5,118.5,C#1,25,0.242,0.639,34.29,-18.0,2.6,False
radio_amor_08,4,100.5,118.5,Bb4,70,0.198,0.861,463.31,-10.6,21.6,True
radio_amor_08,4,100.5,118.5,F#2,42,0.197,0.528,92.6,2.0,1.9,False
radio_amor_08,5,118.5,134.5,F#4,66,1.0,0.781,366.77,-15.2,27.4,True
radio_amor_08,5,118.5,134.5,F#5,78,0.732,0.875,733.45,-15.4,32.9,True
radio_amor_08,5,118.5,134.5,C#5,73,0.726,0.594,549.52,-15.2,29.9,True
radio_amor_08,5,118.5,134.5,Eb1,27,0.696,0.812,37.99,-40.6,1.7,False
radio_amor_08,5,118.5,134.5,Bb4,70,0.675,0.812,462.65,-13.1,22.8,True
radio_amor_08,5,118.5,134.5,E1,28,0.398,0.594,41.9,28.9,2.1,False
radio_amor_08,5,118.5,134.5,Ab1,32,0.292,0.656,52.58,21.9,2.9,False
radio_amor_08,5,118.5,134.5,A1,33,0.272,0.562,55.46,14.6,2.0,False
radio_amor_08,6,134.5,161.0,Ab4,68,1.0,0.566,411.62,-15.4,30.5,True
radio_amor_08,6,134.5,161.0,F#5,78,0.915,0.623,733.19,-16.0,25.6,True
radio_amor_08,6,134.5,161.0,F#4,66,0.726,0.396,366.85,-14.8,25.1,True
radio_amor_08,6,134.5,161.0,Bb1,34,0.632,0.736,58.55,8.2,2.9,False
radio_amor_08,6,134.5,161.0,F1,29,0.572,0.698,42.61,-42.0,2.1,False
radio_amor_08,6,134.5,161.0,Ab5,80,0.558,0.453,823.16,-15.6,28.3,True
radio_amor_08,6,134.5,161.0,Bb4,70,0.426,0.528,462.59,-13.3,19.5,True
radio_amor_08,6,134.5,161.0,Bb5,82,0.405,0.528,923.15,-17.1,20.6,True
radio_amor_08,7,161.0,179.0,Ab4,68,1.0,1.0,411.65,-15.3,34.8,True
radio_amor_08,7,161.0,179.0,C5,72,0.425,0.972,519.44,-12.6,25.6,True
radio_amor_08,7,161.0,179.0,Bb1,34,0.402,0.861,58.71,13.0,3.7,False
radio_amor_08,7,161.0,179.0,F1,29,0.401,0.722,44.45,31.5,4.9,False
radio_amor_08,7,161.0,179.0,F4,65,0.314,0.889,346.2,-15.1,23.5,True
radio_amor_08,7,161.0,179.0,F#1,30,0.22,0.694,46.0,-9.4,2.3,False
radio_amor_08,7,161.0,179.0,F3,53,0.177,0.889,172.1,-25.2,14.3,True
radio_amor_08,7,161.0,179.0,Eb1,27,0.136,0.444,37.95,-42.3,1.0,False
radio_amor_08,8,179.0,216.5,F#4,66,1.0,0.507,366.76,-15.2,27.7,True
radio_amor_08,8,179.0,216.5,C#4,61,0.952,0.6,274.86,-14.6,25.0,True
radio_amor_08,8,179.0,216.5,E1,28,0.671,0.773,40.43,-32.6,2.9,False
radio_amor_08,8,179.0,216.5,Eb1,27,0.618,0.693,39.38,21.7,1.2,False
radio_amor_08,8,179.0,216.5,C#5,73,0.55,0.667,549.47,-15.4,29.0,True
radio_amor_08,8,179.0,216.5,Ab1,32,0.546,0.68,51.98,2.3,3.3,False
radio_amor_08,8,179.0,216.5,Bb4,70,0.463,0.56,462.53,-13.5,22.3,True
radio_amor_08,8,179.0,216.5,Eb2,39,0.427,0.733,79.51,38.0,2.8,False
radio_amor_08,9,216.5,289.32,F3,53,1.0,0.842,175.34,7.2,10.2,True
radio_amor_08,9,216.5,289.32,C#4,61,0.959,0.753,274.8,-14.9,21.2,True
radio_amor_08,9,216.5,289.32,Bb1,34,0.867,0.747,59.68,41.4,4.5,False
radio_amor_08,9,216.5,289.32,E2,40,0.813,0.767,82.45,0.9,4.6,False
radio_amor_08,9,216.5,289.32,Bb2,46,0.699,0.842,115.13,-21.0,4.7,False
radio_amor_08,9,216.5,289.32,Ab4,68,0.662,0.829,411.49,-16.0,15.2,True
radio_amor_08,9,216.5,289.32,F#6,90,0.548,0.651,1459.91,-23.6,30.1,True
radio_amor_08,9,216.5,289.32,Eb2,39,0.512,0.753,79.4,35.7,5.1,False
radio_amor_09,1,0.0,50.0,Eb2,39,1.0,0.94,79.34,34.3,14.0,True
radio_amor_09,1,0.0,50.0,G2,43,0.98,0.91,97.32,-11.9,12.0,True
radio_amor_09,1,0.0,50.0,C#2,37,0.653,0.5,70.02,18.1,14.9,True
radio_amor_09,1,0.0,50.0,Ab2,44,0.62,0.78,102.75,-18.0,9.9,True
radio_amor_09,1,0.0,50.0,D2,38,0.586,0.77,74.5,25.3,7.2,True
radio_amor_09,1,0.0,50.0,E2,40,0.34,0.78,81.06,-28.5,7.1,True
radio_amor_09,1,0.0,50.0,C2,36,0.228,0.32,65.38,-0.6,9.7,True
radio_amor_09,1,0.0,50.0,C#1,25,0.149,0.12,34.05,-30.1,3.8,False
radio_amor_09,2,50.0,77.5,Eb2,39,1.0,0.909,79.37,35.0,22.6,True
radio_amor_09,2,50.0,77.5,C2,36,0.893,0.818,65.29,-3.0,15.8,True
radio_amor_09,2,50.0,77.5,E2,40,0.468,0.836,83.98,32.6,10.4,True
radio_amor_09,2,50.0,77.5,Ab2,44,0.357,0.618,101.26,-43.4,15.9,True
radio_amor_09,2,50.0,77.5,G2,43,0.232,0.6,98.03,0.6,10.4,True
radio_amor_09,2,50.0,77.5,C#2,37,0.204,0.364,69.96,16.6,11.1,True
radio_amor_09,3,77.5,105.5,C#2,37,1.0,0.768,70.02,18.1,18.2,True
radio_amor_09,3,77.5,105.5,Eb2,39,0.93,0.857,79.35,34.5,21.9,True
radio_amor_09,3,77.5,105.5,C2,36,0.875,0.857,65.38,-0.7,15.4,True
radio_amor_09,3,77.5,105.5,E2,40,0.661,0.786,83.98,32.8,16.9,True
radio_amor_09,3,77.5,105.5,G2,43,0.613,0.589,98.06,1.0,16.7,True
radio_amor_09,3,77.5,105.5,Ab2,44,0.401,0.589,102.7,-18.9,15.9,True
radio_amor_09,4,105.5,120.5,C2,36,1.0,0.833,65.35,-1.5,21.0,True
radio_amor_09,4,105.5,120.5,Eb2,39,0.557,0.9,79.34,34.3,19.9,True
radio_amor_09,4,105.5,120.5,C#2,37,0.299,0.567,69.97,16.7,14.9,True
radio_amor_09,4,105.5,120.5,Ab2,44,0.205,0.467,101.28,-43.0,15.0,True
radio_amor_09,4,105.5,120.5,E2,40,0.182,0.567,80.31,-44.6,10.4,True
radio_amor_09,4,105.5,120.5,G2,43,0.175,0.467,98.01,0.2,11.7,True
radio_amor_09,4,105.5,120.5,D2,38,0.153,0.433,74.73,30.6,14.6,True
radio_amor_09,5,120.5,139.0,C2,36,1.0,0.757,65.33,-2.1,11.4,True
radio_amor_09,5,120.5,139.0,Eb2,39,0.961,0.946,79.41,35.9,15.5,True
radio_amor_09,5,120.5,139.0,Eb1,27,0.465,0.703,39.73,37.0,8.9,True
radio_amor_09,5,120.5,139.0,C#2,37,0.4,0.784,67.62,-42.3,10.8,True
radio_amor_09,5,120.5,139.0,E2,40,0.376,0.73,80.41,-42.5,13.9,True
radio_amor_09,5,120.5,139.0,E1,28,0.217,0.297,40.54,-28.0,6.9,True
radio_amor_09,5,120.5,139.0,C#1,25,0.192,0.27,33.89,-38.3,4.8,False
radio_amor_09,5,120.5,139.0,D2,38,0.151,0.541,74.77,31.7,6.1,True
radio_amor_09,6,139.0,183.5,G2,43,1.0,0.831,100.43,42.4,13.1,True
radio_amor_09,6,139.0,183.5,Ab2,44,0.745,0.854,101.18,-44.7,18.7,True
radio_amor_09,6,139.0,183.5,Eb2,39,0.67,0.82,79.57,39.4,8.1,True
radio_amor_09,6,139.0,183.5,D2,38,0.387,0.551,75.2,41.5,8.6,True
radio_amor_09,6,139.0,183.5,Eb1,27,0.356,0.36,39.53,28.4,5.3,False
radio_amor_09,6,139.0,183.5,D1,26,0.206,0.247,37.18,22.0,2.4,False
radio_amor_09,6,139.0,183.5,E1,28,0.201,0.281,40.21,-42.4,9.7,True
radio_amor_09,6,139.0,183.5,C#2,37,0.178,0.36,67.46,-46.5,11.2,True
radio_amor_09,7,183.5,201.0,Eb2,39,1.0,0.829,79.86,45.6,11.9,True
radio_amor_09,7,183.5,201.0,Ab2,44,0.954,0.8,101.21,-44.1,19.1,True
radio_amor_09,7,183.5,201.0,Eb1,27,0.585,0.314,39.53,28.4,6.0,False
radio_amor_09,7,183.5,201.0,G2,43,0.559,0.714,100.1,36.7,7.7,True
radio_amor_09,7,183.5,201.0,E1,28,0.491,0.286,40.21,-42.4,14.6,True
radio_amor_09,7,183.5,201.0,C2,36,0.417,0.571,67.12,44.9,13.7,True
radio_amor_09,7,183.5,201.0,C#2,37,0.396,0.629,67.49,-45.7,14.4,True
radio_amor_09,7,183.5,201.0,E2,40,0.362,0.457,80.26,-45.7,16.0,True
radio_amor_09,8,201.0,252.5,Eb2,39,1.0,0.961,79.41,35.8,16.0,True
radio_amor_09,8,201.0,252.5,C2,36,0.702,0.835,65.35,-1.4,12.3,True
radio_amor_09,8,201.0,252.5,C#2,37,0.545,0.748,70.0,17.5,7.9,True
radio_amor_09,8,201.0,252.5,E2,40,0.429,0.825,80.97,-30.4,11.5,True
radio_amor_09,8,201.0,252.5,Ab2,44,0.339,0.689,101.11,-46.0,16.3,True
radio_amor_09,8,201.0,252.5,G2,43,0.326,0.67,98.01,0.2,9.2,True
radio_amor_09,8,201.0,252.5,Eb1,27,0.285,0.408,39.53,28.4,4.3,False
radio_amor_09,8,201.0,252.5,E1,28,0.193,0.291,40.21,-42.4,6.3,True
radio_amor_09,9,252.5,342.5,Eb4,63,1.0,1.0,303.01,-45.8,25.6,True
radio_amor_09,9,252.5,342.5,D4,62,0.659,1.0,296.31,15.5,17.3,True
radio_amor_09,9,252.5,342.5,G3,55,0.33,0.917,199.81,33.4,20.7,True
radio_amor_09,9,252.5,342.5,Ab3,56,0.236,0.917,202.71,-41.7,19.4,True
radio_amor_09,9,252.5,342.5,Ab2,44,0.199,0.139,102.67,-19.4,19.7,False
radio_amor_09,9,252.5,342.5,B1,35,0.179,0.4,60.06,-47.7,19.4,True
radio_amor_09,9,252.5,342.5,Eb3,51,0.163,0.361,152.01,-40.0,19.0,True
radio_amor_09,9,252.5,342.5,G2,43,0.127,0.072,97.98,-0.3,7.7,False
radio_amor_09,10,342.5,432.5,Eb4,63,1.0,1.0,303.01,-45.8,23.6,True
radio_amor_09,10,342.5,432.5,D4,62,0.643,1.0,296.3,15.5,16.5,True
radio_amor_09,10,342.5,432.5,G3,55,0.341,0.928,199.81,33.4,19.1,True
radio_amor_09,10,342.5,432.5,B1,35,0.29,0.844,60.06,-47.7,21.4,True
radio_amor_09,10,342.5,432.5,Ab3,56,0.248,0.894,203.15,-38.0,16.8,True
radio_amor_09,10,342.5,432.5,Bb1,34,0.192,0.822,59.38,32.8,11.1,True
radio_amor_09,10,342.5,432.5,Eb3,51,0.191,0.472,151.97,-40.5,17.9,True
radio_amor_09,11,432.5,522.5,Eb4,63,1.0,1.0,305.71,-30.4,28.3,True
radio_amor_09,11,432.5,522.5,D4,62,0.55,1.0,293.91,1.5,13.7,True
radio_amor_09,11,432.5,522.5,Ab3,56,0.21,0.883,203.24,-37.2,25.1,True
radio_amor_09,11,432.5,522.5,G3,55,0.189,0.867,199.57,31.3,18.8,True
radio_amor_09,11,432.5,522.5,Eb3,51,0.154,0.339,152.05,-39.5,21.1,True
radio_amor_09,12,522.5,612.5,Eb4,63,1.0,1.0,305.71,-30.4,26.0,True
radio_amor_09,12,522.5,612.5,D4,62,0.494,1.0,293.92,1.5,12.6,True
radio_amor_09,12,522.5,612.5,C2,36,0.447,0.883,66.69,33.7,19.3,True
radio_amor_09,12,522.5,612.5,Ab2,44,0.263,0.583,101.35,-41.8,21.6,True
radio_amor_09,12,522.5,612.5,C#2,37,0.224,0.661,67.46,-46.5,12.8,True
radio_amor_09,12,522.5,612.5,Ab3,56,0.187,0.961,203.15,-38.0,19.1,True
radio_amor_09,12,522.5,612.5,G2,43,0.128,0.417,100.1,36.7,3.1,False
radio_amor_09,12,522.5,612.5,G3,55,0.123,0.917,200.28,37.4,14.1,True
radio_amor_09,13,612.5,634.28,C#1,25,1.0,0.568,35.15,24.7,29.2,True
radio_amor_09,13,612.5,634.28,E1,28,0.253,0.5,40.53,-28.5,27.5,True
radio_amor_09,13,612.5,634.28,Eb1,27,0.21,0.523,37.85,-46.9,28.7,True
radio_amor_09,13,612.5,634.28,D1,26,0.189,0.545,37.51,37.6,12.3,True
radio_amor_10,1,0.0,13.0,C#1,25,1.0,1.0,35.15,24.9,32.4,True
radio_amor_10,1,0.0,13.0,Eb3,51,0.35,0.731,155.29,-3.0,28.3,True
radio_amor_10,1,0.0,13.0,E1,28,0.307,1.0,40.54,-28.2,28.1,True
radio_amor_10,1,0.0,13.0,Eb1,27,0.273,1.0,37.85,-46.9,31.6,True
radio_amor_10,1,0.0,13.0,D1,26,0.23,1.0,37.51,37.6,13.5,True
radio_amor_10,1,0.0,13.0,F#3,54,0.159,0.462,184.59,-3.8,27.3,True
radio_amor_10,1,0.0,13.0,F#1,30,0.148,0.077,45.93,-11.8,18.9,False
radio_amor_10,2,13.0,38.5,F#3,54,1.0,1.0,184.7,-2.8,37.4,True
radio_amor_10,2,13.0,38.5,Eb3,51,0.267,0.863,155.34,-2.5,29.4,True
radio_amor_10,3,38.5,116.0,F#3,54,1.0,0.948,184.8,-1.8,32.4,True
radio_amor_10,3,38.5,116.0,Eb3,51,0.886,0.865,155.44,-1.3,32.3,True
radio_amor_10,3,38.5,116.0,B3,59,0.634,0.884,246.95,0.1,30.9,True
radio_amor_10,3,38.5,116.0,C#4,61,0.476,0.871,277.04,-0.9,31.4,True
radio_amor_10,3,38.5,116.0,Bb3,58,0.435,0.69,233.09,0.0,25.4,True
radio_amor_10,3,38.5,116.0,F4,65,0.359,0.671,349.02,-1.0,28.6,True
radio_amor_10,3,38.5,116.0,F#4,66,0.323,0.923,370.09,0.4,29.9,True
radio_amor_10,3,38.5,116.0,Eb4,63,0.309,0.781,311.13,0.0,32.1,True
radio_amor_10,4,116.0,149.5,F#3,54,1.0,0.925,184.91,-0.8,34.1,True
radio_amor_10,4,116.0,149.5,Eb3,51,0.756,0.91,155.51,-0.6,31.3,True
radio_amor_10,4,116.0,149.5,Bb3,58,0.618,0.821,233.08,0.0,30.8,True
radio_amor_10,4,116.0,149.5,Ab2,44,0.332,0.552,103.83,0.0,28.2,True
radio_amor_10,4,116.0,149.5,C#4,61,0.33,0.731,277.07,-0.7,31.7,True
radio_amor_10,4,116.0,149.5,F#4,66,0.257,0.687,370.03,0.1,31.5,True
radio_amor_10,4,116.0,149.5,B3,59,0.234,0.537,246.91,-0.2,28.5,True
radio_amor_10,4,116.0,149.5,Eb4,63,0.18,0.672,311.12,-0.0,32.3,True
radio_amor_10,5,149.5,171.0,B3,59,1.0,0.628,246.96,0.1,33.4,True
radio_amor_10,5,149.5,171.0,F#3,54,0.846,0.837,184.81,-1.8,30.9,True
radio_amor_10,5,149.5,171.0,B2,47,0.715,0.512,123.43,-0.5,33.5,True
radio_amor_10,5,149.5,171.0,Eb3,51,0.597,0.744,155.43,-1.4,29.5,True
radio_amor_10,5,149.5,171.0,Ab3,56,0.543,0.558,207.59,-0.5,31.4,True
radio_amor_10,5,149.5,171.0,C#4,61,0.472,0.674,277.03,-1.0,29.7,True
radio_amor_10,5,149.5,171.0,Ab2,44,0.396,0.442,103.95,2.1,20.4,True
radio_amor_10,5,149.5,171.0,F#4,66,0.305,0.814,370.23,1.1,31.0,True
radio_amor_10,6,171.0,188.5,Eb3,51,1.0,0.943,155.37,-2.2,35.2,True
radio_amor_10,6,171.0,188.5,F#3,54,0.813,1.0,184.77,-2.1,34.9,True
radio_amor_10,6,171.0,188.5,Ab3,56,0.409,0.886,207.34,-2.6,33.3,True
radio_amor_10,6,171.0,188.5,B2,47,0.239,0.371,123.26,-3.0,26.0,True
radio_amor_10,6,171.0,188.5,B3,59,0.239,0.886,246.73,-1.5,30.4,True
radio_amor_10,6,171.0,188.5,Eb1,27,0.131,0.171,39.19,13.3,15.3,False
radio_amor_10,6,171.0,188.5,B1,35,0.123,0.0,61.86,3.4,3.6,False
radio_amor_10,7,188.5,205.0,B2,47,1.0,0.879,123.3,-2.4,29.9,True
radio_amor_10,7,188.5,205.0,Eb3,51,0.528,0.909,155.45,-1.3,30.3,True
radio_amor_10,7,188.5,205.0,Eb4,63,0.461,0.97,311.13,0.0,35.8,True
radio_amor_10,7,188.5,205.0,B3,59,0.292,0.879,246.63,-2.2,30.7,True
radio_amor_10,7,188.5,205.0,F#3,54,0.221,0.727,184.94,-0.5,23.9,True
radio_amor_10,7,188.5,205.0,Ab3,56,0.17,0.727,207.43,-1.8,27.4,True
radio_amor_10,7,188.5,205.0,B1,35,0.151,0.0,60.46,-36.2,2.3,False
radio_amor_10,7,188.5,205.0,Bb3,58,0.151,0.758,233.1,0.1,27.2,True
radio_amor_10,8,205.0,232.0,F#3,54,1.0,1.0,184.76,-2.2,36.4,True
radio_amor_10,8,205.0,232.0,Eb3,51,0.382,0.944,155.48,-0.9,30.5,True
radio_amor_10,8,205.0,232.0,B3,59,0.184,0.833,246.89,-0.4,27.0,True
radio_amor_10,9,232.0,264.3,F#4,66,1.0,0.815,369.63,-1.7,34.5,True
radio_amor_10,9,232.0,264.3,B3,59,0.75,0.908,246.5,-3.1,31.3,True
radio_amor_10,9,232.0,264.3,B2,47,0.223,0.277,120.62,-40.4,9.8,True
radio_amor_10,9,232.0,264.3,A5,81,0.203,0.892,862.69,-34.4,38.3,True
mirages_01,1,0.0,27.5,A1,33,1.0,0.709,55.82,25.5,5.8,False
mirages_01,1,0.0,27.5,B1,35,0.533,0.618,60.18,-44.2,3.0,False
mirages_01,1,0.0,27.5,Bb1,34,0.493,0.8,56.99,-38.4,0.5,False
mirages_01,1,0.0,27.5,B2,47,0.442,0.691,126.1,36.5,5.6,False
mirages_01,1,0.0,27.5,C3,48,0.424,0.727,127.35,-46.5,8.1,True
mirages_01,1,0.0,27.5,E3,52,0.415,0.655,165.81,10.5,8.5,True
mirages_01,1,0.0,27.5,C#6,85,0.396,0.691,1101.56,-11.2,9.4,True
mirages_01,1,0.0,27.5,C6,84,0.287,0.618,1034.67,-19.7,7.8,True
mirages_01,2,27.5,95.5,A1,33,1.0,0.816,54.4,-19.1,9.6,True
mirages_01,2,27.5,95.5,D2,38,0.494,0.632,72.14,-30.4,10.8,True
mirages_01,2,27.5,95.5,Ab1,32,0.245,0.662,53.0,35.8,9.1,True
mirages_01,2,27.5,95.5,E2,40,0.143,0.515,82.48,1.5,6.1,True
mirages_01,2,27.5,95.5,Bb1,34,0.136,0.471,57.11,-34.8,5.6,False
mirages_01,2,27.5,95.5,E6,88,0.121,0.456,1309.31,-12.1,11.3,True
mirages_01,3,95.5,131.0,A1,33,1.0,0.746,55.69,21.4,2.7,False
mirages_01,3,95.5,131.0,D2,38,0.632,0.704,73.46,1.0,7.3,True
mirages_01,3,95.5,131.0,B1,35,0.498,0.62,61.05,-19.4,1.4,False
mirages_01,3,95.5,131.0,C2,36,0.378,0.606,66.27,22.6,1.7,False
mirages_01,3,95.5,131.0,B2,47,0.342,0.69,123.38,-1.3,4.7,False
mirages_01,3,95.5,131.0,Ab1,32,0.293,0.62,52.94,33.8,3.9,False
mirages_01,3,95.5,131.0,Bb1,34,0.26,0.606,59.38,32.8,0.4,False
mirages_01,3,95.5,131.0,E5,76,0.237,0.592,655.4,-10.2,17.1,True
mirages_01,4,131.0,168.0,A1,33,1.0,0.865,55.54,16.8,4.7,False
mirages_01,4,131.0,168.0,B1,35,0.365,0.473,60.06,-47.7,2.5,False
mirages_01,4,131.0,168.0,Bb1,34,0.289,0.608,59.37,32.4,1.7,False
mirages_01,4,131.0,168.0,F#5,78,0.278,0.595,739.47,-1.2,11.4,True
mirages_01,4,131.0,168.0,G2,43,0.233,0.338,97.44,-9.8,5.0,False
mirages_01,4,131.0,168.0,A2,45,0.223,0.595,110.08,1.3,6.0,True
mirages_01,4,131.0,168.0,B2,47,0.21,0.432,123.48,0.2,6.1,True
mirages_01,4,131.0,168.0,Ab1,32,0.202,0.608,53.33,46.6,5.8,False
mirages_01,5,168.0,240.5,A1,33,1.0,0.938,55.82,25.6,9.7,True
mirages_01,5,168.0,240.5,D2,38,0.454,0.683,72.01,-33.4,13.1,True
mirages_01,5,168.0,240.5,Ab1,32,0.149,0.669,53.02,36.4,7.8,True
mirages_01,5,168.0,240.5,Bb1,34,0.129,0.579,57.28,-29.8,7.4,True
mirages_01,5,168.0,240.5,E2,40,0.125,0.469,83.64,25.6,7.2,True
mirages_01,6,240.5,257.0,A1,33,1.0,0.879,54.53,-14.8,6.0,False
mirages_01,6,240.5,257.0,Ab1,32,0.399,0.788,52.84,30.6,5.7,False
mirages_01,6,240.5,257.0,D2,38,0.313,0.576,73.58,4.0,10.8,True
mirages_01,6,240.5,257.0,B1,35,0.284,0.273,62.22,13.5,6.0,True
mirages_01,6,240.5,257.0,A3,57,0.272,0.545,219.09,-7.2,20.9,True
mirages_01,6,240.5,257.0,B2,47,0.271,0.485,124.85,19.2,11.0,True
mirages_01,6,240.5,257.0,E4,64,0.263,0.818,327.88,-9.2,15.3,True
mirages_01,6,240.5,257.0,E3,52,0.229,0.727,166.2,14.5,13.3,True
mirages_01,7,257.0,276.0,A1,33,1.0,1.0,54.93,-2.2,5.6,False
mirages_01,7,257.0,276.0,D2,38,0.438,0.789,74.96,36.0,13.5,True
mirages_01,7,257.0,276.0,E4,64,0.286,0.763,327.9,-9.1,15.0,True
mirages_01,7,257.0,276.0,Ab1,32,0.226,0.842,52.93,33.7,6.0,False
mirages_01,7,257.0,276.0,Bb1,34,0.16,0.684,57.14,-34.0,8.3,True
mirages_01,7,257.0,276.0,G1,31,0.123,0.474,49.78,27.4,2.8,False
mirages_01,8,276.0,297.89,E4,64,1.0,0.977,327.87,-9.3,15.2,True
mirages_01,8,276.0,297.89,F#6,90,0.3,0.864,1484.76,5.6,15.4,True
mirages_01,8,276.0,297.89,B4,71,0.238,0.682,493.72,-0.6,10.0,True
mirages_01,8,276.0,297.89,D2,38,0.217,0.386,72.35,-25.4,13.7,True
mirages_01,8,276.0,297.89,E6,88,0.183,0.841,1316.56,-2.6,12.8,True
mirages_01,8,276.0,297.89,C#1,25,0.161,0.636,35.11,23.0,6.7,True
mirages_01,8,276.0,297.89,D4,62,0.161,0.682,293.74,0.4,8.6,True
mirages_01,8,276.0,297.89,G1,31,0.144,0.432,49.61,21.6,7.2,True
mirages_02,1,0.0,71.5,F2,41,1.0,0.874,86.78,-10.6,11.1,True
mirages_02,1,0.0,71.5,C3,48,0.332,0.762,131.26,5.9,9.9,True
mirages_02,1,0.0,71.5,F5,77,0.304,0.685,702.73,10.5,33.5,True
mirages_02,1,0.0,71.5,G2,43,0.275,0.51,96.65,-24.0,9.2,True
mirages_02,1,0.0,71.5,C5,72,0.21,0.685,526.54,10.8,29.7,True
mirages_02,1,0.0,71.5,Bb4,70,0.182,0.531,469.12,11.0,26.1,True
mirages_02,1,0.0,71.5,A4,69,0.139,0.336,442.76,10.8,19.6,True
mirages_02,1,0.0,71.5,D5,74,0.12,0.455,591.85,13.3,22.6,True
mirages_02,2,71.5,88.0,F2,41,1.0,0.909,87.8,9.7,10.6,True
mirages_02,2,71.5,88.0,C3,48,0.594,0.909,132.0,15.7,14.6,True
mirages_02,2,71.5,88.0,C5,72,0.458,1.0,526.07,9.3,35.7,True
mirages_02,2,71.5,88.0,G2,43,0.37,0.758,96.5,-26.7,8.5,True
mirages_02,2,71.5,88.0,F5,77,0.307,0.636,702.72,10.5,36.7,True
mirages_02,2,71.5,88.0,G1,31,0.293,0.515,49.53,18.5,9.4,True
mirages_02,2,71.5,88.0,Bb4,70,0.293,0.667,468.56,8.9,32.2,True
mirages_02,2,71.5,88.0,D3,50,0.188,0.636,147.95,13.1,13.0,True
mirages_02,3,88.0,109.0,F2,41,1.0,0.833,86.78,-10.4,9.3,True
mirages_02,3,88.0,109.0,G2,43,0.863,0.857,96.33,-29.7,10.2,True
mirages_02,3,88.0,109.0,C3,48,0.851,0.833,131.96,15.1,14.0,True
mirages_02,3,88.0,109.0,G1,31,0.497,0.524,49.51,17.8,10.8,True
mirages_02,3,88.0,109.0,C5,72,0.488,0.881,525.89,8.7,37.4,True
mirages_02,3,88.0,109.0,Bb4,70,0.452,0.619,468.59,9.0,33.7,True
mirages_02,3,88.0,109.0,F5,77,0.335,0.643,702.13,9.1,32.8,True
mirages_02,3,88.0,109.0,D3,50,0.3,0.738,147.51,8.0,13.6,True
mirages_02,4,109.0,190.11,C2,36,1.0,0.933,65.72,8.3,12.2,True
mirages_02,4,109.0,190.11,D2,38,0.461,0.663,73.46,1.1,12.1,True
mirages_02,4,109.0,190.11,G2,43,0.303,0.828,97.22,-13.9,10.4,True
mirages_02,4,109.0,190.11,Ab2,44,0.244,0.564,104.51,11.3,11.9,True
mirages_02,4,109.0,190.11,G1,31,0.213,0.626,49.94,33.0,10.2,True
mirages_02,4,109.0,190.11,C5,72,0.21,0.423,526.01,9.1,43.2,True
mirages_02,4,109.0,190.11,F2,41,0.161,0.644,86.39,-18.3,6.7,True
mirages_02,4,109.0,190.11,F1,29,0.151,0.436,43.47,-7.4,6.5,True
mirages_03,1,0.0,23.0,C2,36,1.0,0.826,65.73,8.5,10.6,True
mirages_03,1,0.0,23.0,Eb1,27,0.355,0.5,39.6,31.3,9.5,True
mirages_03,1,0.0,23.0,D2,38,0.338,0.304,73.47,1.4,10.2,True
mirages_03,1,0.0,23.0,C#2,37,0.308,0.63,67.57,-43.7,6.2,True
mirages_03,1,0.0,23.0,C#1,25,0.25,0.435,34.92,13.3,4.4,False
mirages_03,1,0.0,23.0,E1,28,0.233,0.565,40.21,-42.4,1.5,False
mirages_03,1,0.0,23.0,G2,43,0.227,0.457,97.35,-11.5,9.7,True
mirages_03,1,0.0,23.0,F1,29,0.207,0.304,44.89,48.2,4.6,False
mirages_03,2,23.0,39.5,Ab1,32,1.0,0.788,50.66,-42.4,19.9,True
mirages_03,2,23.0,39.5,G1,31,0.55,0.697,49.96,33.7,9.6,True
mirages_03,2,23.0,39.5,B1,35,0.42,0.545,60.16,-44.8,13.0,True
mirages_03,2,23.0,39.5,C#2,37,0.337,0.485,67.62,-42.4,18.2,True
mirages_03,2,23.0,39.5,Bb1,34,0.277,0.485,59.72,42.6,7.8,True
mirages_03,2,23.0,39.5,C#1,25,0.191,0.303,34.15,-25.0,2.8,False
mirages_03,2,23.0,39.5,C2,36,0.176,0.333,67.12,44.9,9.9,True
mirages_03,3,39.5,58.0,Ab1,32,1.0,0.973,50.64,-43.1,20.3,True
mirages_03,3,39.5,58.0,G1,31,0.712,0.946,50.3,45.4,14.2,True
mirages_03,3,39.5,58.0,B1,35,0.329,0.459,60.23,-42.7,14.8,True
mirages_03,3,39.5,58.0,A4,69,0.238,0.351,442.98,11.7,31.3,True
mirages_03,3,39.5,58.0,Bb1,34,0.196,0.486,59.72,42.6,7.1,True
mirages_03,3,39.5,58.0,E1,28,0.137,0.297,42.01,33.5,4.1,False
mirages_03,3,39.5,58.0,C#1,25,0.123,0.486,34.64,-0.6,6.0,True
mirages_03,4,58.0,90.0,Ab1,32,1.0,0.984,50.64,-43.0,21.9,True
mirages_03,4,58.0,90.0,G1,31,0.641,1.0,49.96,33.7,12.1,True
mirages_03,4,58.0,90.0,C#2,37,0.147,0.484,67.7,-40.4,13.7,True
mirages_03,5,90.0,119.0,Ab1,32,1.0,1.0,50.64,-42.9,21.2,True
mirages_03,5,90.0,119.0,G1,31,0.651,0.983,49.96,33.7,12.3,True
mirages_03,5,90.0,119.0,B1,35,0.358,0.638,60.15,-45.1,19.6,True
mirages_03,5,90.0,119.0,Bb1,34,0.294,0.621,59.38,32.8,7.4,True
mirages_03,6,119.0,157.0,Ab1,32,1.0,0.987,50.64,-43.0,16.6,True
mirages_03,6,119.0,157.0,G1,31,0.944,0.961,49.96,33.7,11.0,True
mirages_03,6,119.0,157.0,C#2,37,0.536,0.658,67.63,-42.2,22.2,True
mirages_03,6,119.0,157.0,Bb1,34,0.344,0.447,58.57,8.8,9.8,True
mirages_03,6,119.0,157.0,C2,36,0.294,0.553,66.79,36.2,12.3,True
mirages_03,6,119.0,157.0,D3,50,0.289,0.645,147.69,10.1,17.5,True
mirages_03,6,119.0,157.0,Bb2,46,0.128,0.368,117.36,12.1,16.4,True
mirages_03,6,119.0,157.0,F2,41,0.125,0.342,88.41,21.8,10.4,True
mirages_03,7,157.0,177.0,C#2,37,1.0,1.0,67.6,-42.8,24.2,True
mirages_03,7,157.0,177.0,C2,36,0.612,0.95,66.79,36.2,11.0,True
mirages_03,7,157.0,177.0,G1,31,0.398,0.725,49.91,31.8,11.2,True
mirages_03,7,157.0,177.0,Ab1,32,0.314,0.55,50.64,-43.1,12.1,True
mirages_03,7,157.0,177.0,Bb1,34,0.305,0.575,58.7,12.8,5.9,False
mirages_03,7,157.0,177.0,C#1,25,0.194,0.275,34.15,-24.9,3.8,False
mirages_03,7,157.0,177.0,B1,35,0.176,0.4,60.29,-41.1,8.8,True
mirages_03,8,177.0,217.97,Ab1,32,1.0,1.0,51.78,-4.3,24.5,True
mirages_03,8,177.0,217.97,G1,31,0.227,0.817,49.96,33.7,15.5,True
mirages_04,1,0.0,90.0,G2,43,1.0,0.911,98.26,4.6,31.4,True
mirages_04,1,0.0,90.0,G1,31,0.522,0.5,50.3,45.4,18.9,True
mirages_04,1,0.0,90.0,Ab1,32,0.38,0.406,50.64,-43.1,21.2,True
mirages_04,1,0.0,90.0,A4,69,0.372,0.611,442.18,8.6,31.7,True
mirages_04,1,0.0,90.0,F3,53,0.27,0.539,175.07,4.5,27.5,True
mirages_04,1,0.0,90.0,Bb2,46,0.229,0.311,116.83,4.3,22.1,True
mirages_04,1,0.0,90.0,D5,74,0.227,0.483,590.05,8.0,36.1,True
mirages_04,1,0.0,90.0,D3,50,0.188,0.461,147.39,6.5,25.5,True
mirages_04,2,90.0,93.5,G2,43,1.0,1.0,97.9,-1.8,20.4,True
mirages_04,2,90.0,93.5,A4,69,0.534,1.0,442.19,8.6,32.4,True
mirages_04,2,90.0,93.5,G1,31,0.324,0.429,49.51,18.1,25.4,True
mirages_04,2,90.0,93.5,D3,50,0.143,0.857,147.31,5.7,24.4,True
mirages_04,3,93.5,114.0,G2,43,1.0,0.805,98.22,3.8,21.0,True
mirages_04,3,93.5,114.0,F3,53,0.65,0.902,175.15,5.3,26.2,True
mirages_04,3,93.5,114.0,F2,41,0.535,0.61,87.6,5.8,17.9,True
mirages_04,3,93.5,114.0,G5,79,0.495,0.854,787.86,8.5,36.3,True
mirages_04,3,93.5,114.0,A4,69,0.344,0.585,442.17,8.5,25.6,True
mirages_04,3,93.5,114.0,A5,81,0.335,0.829,884.2,8.2,39.0,True
mirages_04,3,93.5,114.0,D3,50,0.25,0.463,147.4,6.6,21.9,True
mirages_04,3,93.5,114.0,Bb2,46,0.249,0.39,116.89,5.2,17.7,True
mirages_04,4,114.0,162.5,F1,29,1.0,0.969,43.09,-22.7,11.5,True
mirages_04,4,114.0,162.5,D3,50,0.554,0.835,147.55,8.4,19.7,True
mirages_04,4,114.0,162.5,G2,43,0.391,0.753,98.27,4.8,14.5,True
mirages_04,4,114.0,162.5,A5,81,0.22,0.691,884.31,8.5,34.2,True
mirages_04,4,114.0,162.5,E1,28,0.18,0.67,41.89,28.6,2.9,False
mirages_04,4,114.0,162.5,F3,53,0.18,0.526,175.13,5.1,18.8,True
mirages_04,4,114.0,162.5,G3,55,0.157,0.649,196.64,5.7,20.0,True
mirages_04,4,114.0,162.5,A4,69,0.153,0.546,442.26,8.9,25.7,True
mirages_04,5,162.5,198.5,D3,50,1.0,0.986,147.6,9.1,22.8,True
mirages_04,5,162.5,198.5,G2,43,0.35,0.903,99.98,34.7,11.2,True
mirages_04,5,162.5,198.5,F1,29,0.297,0.611,43.0,-26.1,5.8,False
mirages_04,5,162.5,198.5,G1,31,0.216,0.556,49.81,28.5,3.6,False
mirages_04,5,162.5,198.5,F3,53,0.194,0.556,175.51,8.8,15.7,True
mirages_04,5,162.5,198.5,A5,81,0.191,0.75,884.32,8.5,35.4,True
mirages_04,5,162.5,198.5,D1,26,0.18,0.528,36.75,2.1,5.1,False
mirages_04,5,162.5,198.5,A4,69,0.168,0.639,442.17,8.5,25.2,True
mirages_04,6,198.5,234.0,G2,43,1.0,0.873,98.12,2.2,16.4,True
mirages_04,6,198.5,234.0,F1,29,0.636,0.479,43.13,-20.8,7.1,True
mirages_04,6,198.5,234.0,C3,48,0.591,0.831,130.76,-0.7,20.6,True
mirages_04,6,198.5,234.0,F2,41,0.545,0.408,86.54,-15.4,16.4,True
mirages_04,6,198.5,234.0,D3,50,0.484,0.718,147.54,8.4,19.3,True
mirages_04,6,198.5,234.0,C2,36,0.411,0.648,65.56,4.1,7.4,True
mirages_04,6,198.5,234.0,G1,31,0.38,0.592,49.47,16.7,3.2,False
mirages_04,6,198.5,234.0,F3,53,0.261,0.465,175.09,4.7,20.6,True
mirages_04,7,234.0,271.97,C3,48,1.0,1.0,130.72,-1.2,30.9,True
mirages_04,7,234.0,271.97,C2,36,0.509,0.724,65.55,3.7,13.6,True
mirages_04,7,234.0,271.97,F1,29,0.273,0.368,44.02,14.4,7.9,True
mirages_05,1,0.0,90.0,D2,38,1.0,0.794,73.93,12.2,10.4,True
mirages_05,1,0.0,90.0,D1,26,0.991,0.867,36.95,11.2,2.4,False
mirages_05,1,0.0,90.0,C#1,25,0.816,0.75,34.78,6.4,2.4,False
mirages_05,1,0.0,90.0,E2,40,0.746,0.539,83.21,16.8,14.2,True
mirages_05,1,0.0,90.0,Eb1,27,0.376,0.522,37.98,-41.2,10.0,True
mirages_05,1,0.0,90.0,Eb2,39,0.206,0.6,75.87,-43.1,5.4,False
mirages_05,1,0.0,90.0,E3,52,0.18,0.55,166.05,13.0,17.5,True
mirages_05,1,0.0,90.0,F#2,42,0.126,0.328,92.45,-0.9,7.7,True
mirages_05,2,90.0,95.5,C#1,25,1.0,1.0,34.77,5.9,7.6,True
mirages_05,2,90.0,95.5,D2,38,0.615,0.818,75.13,39.8,5.2,False
mirages_05,2,90.0,95.5,D1,26,0.579,0.909,35.89,-39.1,4.9,False
mirages_05,2,90.0,95.5,E2,40,0.493,0.818,83.41,21.0,10.2,True
mirages_05,2,90.0,95.5,D3,50,0.328,0.818,146.16,-8.0,13.5,True
mirages_05,2,90.0,95.5,Eb2,39,0.261,0.636,78.41,14.0,3.0,False
mirages_05,2,90.0,95.5,A1,33,0.237,0.545,54.8,-6.4,14.2,True
mirages_05,2,90.0,95.5,F#2,42,0.164,0.364,93.29,14.7,7.3,True
mirages_05,3,95.5,133.37,A1,33,1.0,0.526,54.86,-4.3,17.8,True
mirages_05,3,95.5,133.37,D2,38,0.975,0.645,73.97,13.0,9.1,True
mirages_05,3,95.5,133.37,Eb2,39,0.721,0.553,77.67,-2.4,10.1,True
mirages_05,3,95.5,133.37,D1,26,0.467,0.592,37.35,29.9,4.0,False
mirages_05,3,95.5,133.37,C#1,25,0.459,0.5,34.91,13.0,4.6,False
mirages_05,3,95.5,133.37,G2,43,0.437,0.592,97.18,-14.6,6.2,True
mirages_05,3,95.5,133.37,G1,31,0.365,0.526,50.19,41.6,6.8,True
mirages_05,3,95.5,133.37,Eb1,27,0.32,0.303,37.89,-45.1,6.8,True
mirages_06,1,0.0,84.5,A1,33,1.0,0.473,53.66,-42.5,12.9,True
mirages_06,1,0.0,84.5,E1,28,0.973,0.633,40.21,-42.4,13.0,True
mirages_06,1,0.0,84.5,Eb2,39,0.973,0.864,79.91,46.7,16.2,True
mirages_06,1,0.0,84.5,Ab1,32,0.928,0.521,53.33,46.6,12.8,True
mirages_06,1,0.0,84.5,B1,35,0.875,0.675,63.42,46.7,7.5,True
mirages_06,1,0.0,84.5,E2,40,0.861,0.846,80.24,-46.0,20.4,True
mirages_06,1,0.0,84.5,Eb1,27,0.588,0.473,39.87,43.0,8.0,True
mirages_06,1,0.0,84.5,C#1,25,0.56,0.444,35.45,39.8,6.2,True
mirages_06,2,84.5,117.0,G1,31,1.0,0.831,49.75,26.3,6.1,True
mirages_06,2,84.5,117.0,B1,35,0.836,0.754,60.3,-40.6,5.2,False
mirages_06,2,84.5,117.0,E1,28,0.754,0.646,41.92,29.8,6.8,True
mirages_06,2,84.5,117.0,Eb2,39,0.748,0.646,79.8,44.4,10.2,True
mirages_06,2,84.5,117.0,C#1,25,0.62,0.677,35.16,25.4,2.9,False
mirages_06,2,84.5,117.0,Ab1,32,0.528,0.631,52.99,35.6,4.6,False
mirages_06,2,84.5,117.0,C#3,49,0.463,0.646,141.08,30.8,12.0,True
mirages_06,2,84.5,117.0,G2,43,0.445,0.769,95.72,-40.7,6.5,True
mirages_06,3,117.0,141.13,D4,62,1.0,0.816,296.0,13.7,27.2,True
mirages_06,3,117.0,141.13,C4,60,0.972,0.612,263.69,13.6,25.9,True
mirages_06,3,117.0,141.13,C5,72,0.615,0.51,527.39,13.6,26.3,True
mirages_06,3,117.0,141.13,E5,76,0.511,0.408,664.56,13.9,25.2,True
mirages_06,3,117.0,141.13,Bb2,46,0.476,0.531,118.44,28.0,15.8,True
mirages_06,3,117.0,141.13,E4,64,0.472,0.51,332.22,13.6,23.4,True
mirages_06,3,117.0,141.13,Eb2,39,0.419,0.429,78.81,22.8,9.1,True
mirages_06,3,117.0,141.13,A4,69,0.394,0.204,443.47,13.6,24.7,False
mirages_07,1,0.0,26.0,C4,60,1.0,0.865,263.73,13.9,27.0,True
mirages_07,1,0.0,26.0,D4,62,0.813,0.788,295.97,13.5,28.4,True
mirages_07,1,0.0,26.0,D5,74,0.54,0.885,591.95,13.6,30.2,True
mirages_07,1,0.0,26.0,E4,64,0.416,0.462,332.2,13.5,27.5,True
mirages_07,1,0.0,26.0,C5,72,0.378,0.635,527.4,13.7,31.0,True
mirages_07,1,0.0,26.0,Bb1,34,0.317,0.538,59.2,27.5,13.9,True
mirages_07,1,0.0,26.0,D3,50,0.259,0.5,149.31,29.0,11.5,True
mirages_07,1,0.0,26.0,G4,67,0.242,0.269,395.14,13.8,29.0,True
mirages_07,2,26.0,47.5,F3,53,1.0,0.907,174.77,1.5,27.4,True
mirages_07,2,26.0,47.5,C4,60,0.965,0.884,263.63,13.2,29.3,True
mirages_07,2,26.0,47.5,E5,76,0.927,0.884,664.5,13.7,33.4,True
mirages_07,2,26.0,47.5,D5,74,0.838,0.86,591.98,13.6,30.1,True
mirages_07,2,26.0,47.5,Bb1,34,0.703,0.628,59.3,30.3,13.9,True
mirages_07,2,26.0,47.5,D3,50,0.611,0.698,146.94,1.3,15.6,True
mirages_07,2,26.0,47.5,D4,62,0.535,0.814,295.96,13.5,29.4,True
mirages_07,2,26.0,47.5,E4,64,0.533,0.581,332.27,13.8,27.2,True
mirages_07,3,47.5,65.0,E5,76,1.0,0.829,664.56,13.9,32.2,True
mirages_07,3,47.5,65.0,D5,74,0.974,0.857,592.0,13.7,31.5,True
mirages_07,3,47.5,65.0,Bb1,34,0.885,0.686,59.23,28.3,15.4,True
mirages_07,3,47.5,65.0,D4,62,0.853,0.771,296.01,13.8,31.5,True
mirages_07,3,47.5,65.0,G4,67,0.569,0.543,395.16,13.9,33.6,True
mirages_07,3,47.5,65.0,C4,60,0.566,0.6,263.67,13.5,26.8,True
mirages_07,3,47.5,65.0,D3,50,0.505,0.686,146.92,1.1,16.5,True
mirages_07,3,47.5,65.0,A3,57,0.472,0.257,220.27,2.1,25.2,True
mirages_07,4,65.0,132.5,Bb2,46,1.0,0.948,116.49,-0.8,33.4,True
mirages_07,4,65.0,132.5,G2,43,0.606,0.911,97.93,-1.3,26.1,True
mirages_07,4,65.0,132.5,D3,50,0.575,0.978,146.9,0.8,30.8,True
mirages_07,4,65.0,132.5,F3,53,0.162,0.696,174.81,2.0,27.8,True
mirages_07,4,65.0,132.5,Bb1,34,0.16,0.267,59.23,28.3,16.2,True
mirages_07,4,65.0,132.5,E5,76,0.13,0.378,664.59,13.9,30.9,True
mirages_07,5,132.5,169.0,G2,43,1.0,0.986,97.89,-1.9,26.6,True
mirages_07,5,132.5,169.0,Bb2,46,0.792,0.986,116.47,-1.0,27.5,True
mirages_07,5,132.5,169.0,D3,50,0.422,0.932,146.93,1.2,27.6,True
mirages_07,5,132.5,169.0,Bb1,34,0.169,0.219,59.28,29.8,15.4,False
mirages_07,5,132.5,169.0,G1,31,0.122,0.096,49.42,14.9,11.6,False
mirages_07,6,169.0,189.88,G2,43,1.0,0.881,97.98,-0.3,25.2,True
mirages_07,6,169.0,189.88,Bb2,46,0.769,0.929,116.5,-0.6,26.7,True
mirages_07,6,169.0,189.88,A4,69,0.704,1.0,439.94,-0.2,29.7,True
mirages_07,6,169.0,189.88,D3,50,0.57,0.881,146.86,0.3,26.5,True
mirages_07,6,169.0,189.88,Bb1,34,0.241,0.381,59.28,29.8,14.8,True
mirages_07,6,169.0,189.88,E4,64,0.214,0.405,331.4,9.3,18.7,True
mirages_07,6,169.0,189.88,E5,76,0.203,0.786,664.7,14.2,23.8,True
mirages_08,1,0.0,70.49,A4,69,1.0,0.879,441.25,4.9,29.4,True
mirages_08,1,0.0,70.49,E2,40,0.447,0.589,82.5,1.9,10.7,True
mirages_08,1,0.0,70.49,E3,52,0.245,0.674,165.29,5.0,15.7,True
mirages_08,1,0.0,70.49,A1,33,0.232,0.326,55.02,0.5,6.4,True
mirages_08,1,0.0,70.49,F2,41,0.187,0.241,87.49,3.6,10.8,False
mirages_08,1,0.0,70.49,B1,35,0.166,0.319,61.77,1.0,4.8,False
mirages_08,1,0.0,70.49,E1,28,0.154,0.369,40.74,-19.6,1.8,False
mirages_08,1,0.0,70.49,A2,45,0.153,0.383,110.23,3.6,9.5,True
mirages_09,1,0.0,52.0,D2,38,1.0,0.99,73.53,2.7,21.1,True
mirages_09,1,0.0,52.0,B1,35,0.572,0.76,61.78,1.2,13.9,True
mirages_09,1,0.0,52.0,B2,47,0.374,0.817,123.73,3.6,25.6,True
mirages_09,1,0.0,52.0,D3,50,0.27,1.0,146.97,1.6,28.0,True
mirages_09,1,0.0,52.0,F#2,42,0.15,0.365,92.55,0.9,18.4,True
mirages_09,2,52.0,69.0,D2,38,1.0,0.971,73.57,3.6,21.6,True
mirages_09,2,52.0,69.0,B2,47,0.911,1.0,123.71,3.3,26.6,True
mirages_09,2,52.0,69.0,B1,35,0.834,0.824,61.39,-9.8,16.6,True
mirages_09,2,52.0,69.0,F#2,42,0.462,0.765,92.55,0.9,19.7,True
mirages_09,2,52.0,69.0,D3,50,0.24,0.971,146.39,-5.2,24.1,True
mirages_09,2,52.0,69.0,D1,26,0.225,0.353,37.51,37.6,2.1,False
mirages_09,2,52.0,69.0,E1,28,0.216,0.529,40.61,-25.1,5.9,False
mirages_09,3,69.0,100.5,D2,38,1.0,0.952,73.55,3.1,21.6,True
mirages_09,3,69.0,100.5,B1,35,0.614,0.683,61.75,0.5,15.4,True
mirages_09,3,69.0,100.5,D3,50,0.47,0.937,147.02,2.3,28.0,True
mirages_09,3,69.0,100.5,B2,47,0.371,0.857,123.67,2.8,22.3,True
mirages_09,3,69.0,100.5,F#2,42,0.199,0.413,92.52,0.5,18.2,True
mirages_09,3,69.0,100.5,D1,26,0.166,0.492,35.83,-41.8,5.5,False
mirages_09,3,69.0,100.5,A2,45,0.153,0.571,109.96,-0.6,18.2,True
mirages_09,3,69.0,100.5,C#1,25,0.136,0.46,34.63,-0.7,4.1,False
mirages_09,4,100.5,130.5,A2,45,1.0,1.0,109.97,-0.5,23.6,True
mirages_09,4,100.5,130.5,A3,57,0.512,0.983,219.86,-1.1,29.1,True
mirages_09,4,100.5,130.5,F#3,54,0.371,0.9,185.03,0.3,24.0,True
mirages_09,4,100.5,130.5,F#4,66,0.259,0.917,369.93,-0.3,27.7,True
mirages_09,4,100.5,130.5,F#2,42,0.242,0.517,92.55,0.9,14.7,True
mirages_09,4,100.5,130.5,F#1,30,0.188,0.65,44.92,-50.6,9.4,True
mirages_09,4,100.5,130.5,F1,29,0.179,0.667,44.84,46.3,8.4,True
mirages_09,4,100.5,130.5,C3,48,0.165,0.9,129.25,-20.8,20.4,True
mirages_09,5,130.5,155.5,C2,36,1.0,0.72,65.24,-4.3,25.4,True
mirages_09,5,130.5,155.5,Eb2,39,0.863,0.98,77.61,-3.7,23.4,True
mirages_09,5,130.5,155.5,C3,48,0.505,1.0,129.27,-20.5,19.8,True
mirages_09,5,130.5,155.5,Eb1,27,0.482,0.46,39.08,8.4,8.9,True
mirages_09,5,130.5,155.5,F#1,30,0.22,0.5,47.47,45.0,13.7,True
mirages_09,5,130.5,155.5,G2,43,0.211,0.9,97.79,-3.7,20.1,True
mirages_09,5,130.5,155.5,G1,31,0.146,0.4,47.61,-49.9,15.6,True
mirages_09,6,155.5,188.29,Eb2,39,1.0,1.0,77.61,-3.8,44.8,True
mirages_09,6,155.5,188.29,C2,36,0.726,0.97,65.28,-3.5,42.9,True
mirages_09,6,155.5,188.29,Bb2,46,0.485,1.0,116.37,-2.6,43.4,True
mirages_09,6,155.5,188.29,G2,43,0.322,0.879,97.78,-3.8,37.4,True
mirages_09,6,155.5,188.29,Eb1,27,0.121,0.0,38.75,-6.1,15.4,False
mirages_10,1,0.0,21.0,C2,36,1.0,0.333,65.2,-5.5,17.3,True
mirages_10,1,0.0,21.0,F1,29,0.935,0.69,44.81,45.1,9.7,True
mirages_10,1,0.0,21.0,F#1,30,0.728,0.619,44.92,-50.6,7.1,True
mirages_10,1,0.0,21.0,Eb2,39,0.531,0.524,77.59,-4.2,14.1,True
mirages_10,1,0.0,21.0,C#3,49,0.487,0.786,135.1,-44.2,18.5,True
mirages_10,1,0.0,21.0,Eb1,27,0.464,0.333,39.87,43.0,8.6,True
mirages_10,1,0.0,21.0,Bb2,46,0.412,0.714,119.61,45.0,17.9,True
mirages_10,1,0.0,21.0,G2,43,0.372,0.357,97.78,-3.8,15.3,True
mirages_10,2,21.0,37.0,F1,29,1.0,0.469,44.89,48.2,8.9,True
mirages_10,2,21.0,37.0,F#1,30,0.912,0.594,44.92,-50.6,8.4,True
mirages_10,2,21.0,37.0,G1,31,0.761,0.375,49.93,32.6,4.6,False
mirages_10,2,21.0,37.0,Eb1,27,0.693,0.375,39.78,39.1,13.6,True
mirages_10,2,21.0,37.0,Ab1,32,0.667,0.5,51.09,-27.5,10.7,True
mirages_10,2,21.0,37.0,Bb1,34,0.588,0.281,59.39,32.9,7.1,True
mirages_10,2,21.0,37.0,E1,28,0.497,0.25,41.15,-2.3,2.4,False
mirages_10,2,21.0,37.0,C2,36,0.448,0.344,66.3,23.5,8.2,True
mirages_10,3,37.0,67.0,G1,31,1.0,0.7,49.96,33.7,11.3,True
mirages_10,3,37.0,67.0,Ab1,32,0.769,0.617,51.28,-21.4,7.7,True
mirages_10,3,37.0,67.0,Bb1,34,0.572,0.467,58.98,21.0,7.3,True
mirages_10,3,37.0,67.0,C2,36,0.379,0.383,66.77,35.8,8.2,True
mirages_10,3,37.0,67.0,B1,35,0.341,0.467,60.18,-44.3,6.7,True
mirages_10,3,37.0,67.0,C#2,37,0.23,0.317,67.5,-45.4,10.1,True
mirages_10,3,37.0,67.0,F3,53,0.176,0.467,176.74,21.0,14.5,True
mirages_10,3,37.0,67.0,Eb3,51,0.164,0.617,151.57,-45.0,18.5,True
mirages_10,4,67.0,98.0,G1,31,1.0,0.823,49.52,18.1,7.3,True
mirages_10,4,67.0,98.0,Ab1,32,0.997,0.887,51.53,-12.8,8.3,True
mirages_10,4,67.0,98.0,Bb1,34,0.397,0.484,59.38,32.8,7.1,True
mirages_10,4,67.0,98.0,B1,35,0.392,0.5,60.15,-45.0,9.1,True
mirages_10,4,67.0,98.0,Eb2,39,0.23,0.29,79.76,43.5,10.7,True
mirages_10,4,67.0,98.0,D3,50,0.218,0.823,150.23,39.6,14.3,True
mirages_10,4,67.0,98.0,Eb3,51,0.213,0.806,151.57,-45.0,21.3,True
mirages_10,4,67.0,98.0,C#2,37,0.145,0.226,67.64,-41.9,7.5,False
mirages_10,5,98.0,114.0,G1,31,1.0,0.75,49.72,25.2,9.6,True
mirages_10,5,98.0,114.0,Bb1,34,0.746,0.844,57.84,-12.9,4.6,False
mirages_10,5,98.0,114.0,B1,35,0.611,0.688,60.2,-43.7,8.9,True
mirages_10,5,98.0,114.0,Ab1,32,0.496,0.562,50.64,-43.1,9.8,True
mirages_10,5,98.0,114.0,C2,36,0.129,0.406,64.97,-11.6,3.1,False
mirages_10,6,114.0,146.5,Bb1,34,1.0,0.677,58.72,13.3,10.0,True
mirages_10,6,114.0,146.5,F1,29,0.722,0.538,44.58,36.2,9.3,True
mirages_10,6,114.0,146.5,F#1,30,0.646,0.477,45.0,-47.3,7.5,True
mirages_10,6,114.0,146.5,B1,35,0.551,0.508,60.39,-38.0,8.9,True
mirages_10,6,114.0,146.5,G1,31,0.504,0.569,50.3,45.4,4.4,False
mirages_10,6,114.0,146.5,Ab1,32,0.43,0.585,50.64,-43.1,6.6,True
mirages_10,6,114.0,146.5,Eb1,27,0.147,0.169,38.85,-1.9,2.6,False
mirages_10,6,114.0,146.5,Bb2,46,0.132,0.2,118.74,32.3,10.5,False
mirages_10,7,146.5,167.5,Ab1,32,1.0,0.929,50.67,-42.1,10.9,True
mirages_10,7,146.5,167.5,E1,28,0.844,0.905,40.21,-42.4,10.0,True
mirages_10,7,146.5,167.5,Eb1,27,0.573,0.881,39.87,43.0,14.4,True
mirages_10,7,146.5,167.5,G1,31,0.525,0.786,49.96,33.7,7.4,True
mirages_10,7,146.5,167.5,Bb2,46,0.304,0.69,117.56,15.0,11.7,True
mirages_10,7,146.5,167.5,F1,29,0.136,0.333,44.44,30.7,4.5,False
mirages_10,8,167.5,191.0,Bb1,34,1.0,0.617,59.18,26.9,4.6,False
mirages_10,8,167.5,191.0,G1,31,0.789,0.745,49.2,7.0,6.5,True
mirages_10,8,167.5,191.0,D3,50,0.557,0.574,149.16,27.3,12.8,True
mirages_10,8,167.5,191.0,B1,35,0.549,0.596,60.36,-39.0,3.6,False
mirages_10,8,167.5,191.0,Ab1,32,0.443,0.489,52.89,32.2,1.7,False
mirages_10,8,167.5,191.0,C2,36,0.422,0.447,66.01,15.9,3.4,False
mirages_10,8,167.5,191.0,F3,53,0.408,0.447,174.73,1.1,10.5,True
mirages_10,8,167.5,191.0,C#2,37,0.361,0.532,67.68,-40.9,8.6,True
mirages_10,9,191.0,281.0,G1,31,1.0,0.994,49.55,19.2,9.8,True
mirages_10,9,191.0,281.0,Ab1,32,0.666,0.95,50.64,-43.1,12.6,True
mirages_10,9,191.0,281.0,D3,50,0.266,0.867,148.46,19.1,14.3,True
mirages_10,10,281.0,371.0,D3,50,1.0,1.0,149.04,25.9,14.1,True
mirages_10,10,281.0,371.0,G1,31,0.66,0.833,49.55,19.5,11.8,True
mirages_10,10,281.0,371.0,Eb3,51,0.485,1.0,152.36,-36.0,15.8,True
mirages_10,10,281.0,371.0,Ab1,32,0.365,0.672,50.64,-42.9,13.3,True
mirages_10,10,281.0,371.0,Eb2,39,0.164,0.328,77.35,-9.6,10.6,True
mirages_10,11,371.0,442.5,D3,50,1.0,0.986,149.06,26.1,14.9,True
mirages_10,11,371.0,442.5,Eb3,51,0.452,0.937,152.35,-36.2,14.6,True
mirages_10,11,371.0,442.5,G1,31,0.225,0.371,49.56,19.5,9.2,True
mirages_10,12,442.5,481.5,G3,55,1.0,0.564,196.1,0.9,22.8,True
mirages_10,12,442.5,481.5,F3,53,0.882,0.59,174.72,1.1,18.7,True
mirages_10,12,442.5,481.5,B2,47,0.83,0.615,123.41,-0.8,13.7,True
mirages_10,12,442.5,481.5,A2,45,0.756,0.577,110.35,5.5,10.9,True
mirages_10,12,442.5,481.5,E3,52,0.56,0.615,165.76,9.9,10.8,True
mirages_10,12,442.5,481.5,G1,31,0.451,0.731,48.5,-17.9,5.8,False
mirages_10,12,442.5,481.5,D5,74,0.445,0.705,589.52,6.4,33.7,True
mirages_10,12,442.5,481.5,A5,81,0.258,0.462,883.54,7.0,31.6,True
mirages_10,13,481.5,519.17,G1,31,1.0,0.921,49.5,17.6,10.5,True
mirages_10,13,481.5,519.17,D5,74,0.743,0.711,589.57,6.6,32.0,True
mirages_10,13,481.5,519.17,G3,55,0.712,0.447,196.1,0.9,21.8,True
mirages_10,13,481.5,519.17,F3,53,0.675,0.474,174.74,1.3,19.2,True
mirages_10,13,481.5,519.17,B2,47,0.656,0.395,123.42,-0.7,13.8,True
mirages_10,13,481.5,519.17,A2,45,0.636,0.408,110.32,5.0,11.3,True
mirages_10,13,481.5,519.17,Ab1,32,0.618,0.882,50.64,-43.1,10.6,True
mirages_10,13,481.5,519.17,E3,52,0.477,0.539,164.96,1.6,11.3,True
mirages_11,1,0.0,51.0,Eb3,51,1.0,0.735,158.14,28.5,14.6,True
mirages_11,1,0.0,51.0,Bb4,70,0.845,0.824,477.14,40.3,15.5,True
mirages_11,1,0.0,51.0,G3,55,0.657,0.637,200.17,36.4,15.1,True
mirages_11,1,0.0,51.0,B5,83,0.654,0.912,1000.15,21.6,22.3,True
mirages_11,1,0.0,51.0,G4,67,0.443,0.775,398.7,29.4,15.1,True
mirages_11,1,0.0,51.0,Ab3,56,0.367,0.657,202.38,-44.5,13.1,True
mirages_11,1,0.0,51.0,Bb3,58,0.289,0.48,238.58,40.4,13.4,True
mirages_11,1,0.0,51.0,Eb4,63,0.289,0.735,317.22,33.6,11.0,True
mirages_11,2,51.0,108.5,C3,48,1.0,0.974,130.84,0.4,32.0,True
mirages_11,2,51.0,108.5,Eb3,51,0.38,0.93,155.55,-0.2,21.6,True
mirages_11,2,51.0,108.5,Bb3,58,0.244,0.791,233.05,-0.2,24.8,True
mirages_11,2,51.0,108.5,Bb2,46,0.224,0.591,116.52,-0.4,22.3,True
mirages_11,2,51.0,108.5,Ab2,44,0.187,0.496,103.9,1.2,19.3,True
mirages_11,2,51.0,108.5,Eb2,39,0.18,0.383,77.78,-0.1,7.5,True
mirages_11,2,51.0,108.5,G3,55,0.156,0.609,196.0,-0.0,16.9,True
mirages_11,3,108.5,142.5,C3,48,1.0,1.0,130.83,0.2,32.5,True
mirages_11,3,108.5,142.5,Eb3,51,0.355,0.794,155.55,-0.2,30.4,True
mirages_11,3,108.5,142.5,Bb3,58,0.244,0.882,233.02,-0.4,30.6,True
mirages_11,3,108.5,142.5,Bb2,46,0.232,0.662,116.51,-0.4,23.6,True
mirages_11,3,108.5,142.5,Ab2,44,0.162,0.456,103.86,0.6,21.7,True
mirages_11,4,142.5,165.5,C3,48,1.0,1.0,130.82,0.1,35.9,True
mirages_11,4,142.5,165.5,Eb3,51,0.434,0.978,155.55,-0.1,32.7,True
mirages_11,4,142.5,165.5,Bb2,46,0.366,0.848,116.51,-0.4,28.0,True
mirages_11,4,142.5,165.5,Bb3,58,0.171,0.783,233.03,-0.4,34.6,True
mirages_11,4,142.5,165.5,Ab2,44,0.158,0.435,103.87,0.7,23.5,True
mirages_11,5,165.5,207.0,C3,48,1.0,0.831,130.84,0.4,33.6,True
mirages_11,5,165.5,207.0,Bb2,46,0.73,0.964,116.52,-0.4,30.4,True
mirages_11,5,165.5,207.0,Eb3,51,0.426,0.807,155.55,-0.1,31.2,True
mirages_11,5,165.5,207.0,Ab2,44,0.176,0.41,103.87,0.8,22.8,True
mirages_11,5,165.5,207.0,Bb3,58,0.155,0.867,233.03,-0.4,35.0,True
mirages_11,5,165.5,207.0,D3,50,0.146,0.241,146.88,0.5,24.2,False
mirages_11,6,207.0,272.5,C3,48,1.0,0.878,130.83,0.2,34.8,True
mirages_11,6,207.0,272.5,Eb3,51,0.774,0.992,155.56,-0.1,33.3,True
mirages_11,6,207.0,272.5,Bb2,46,0.269,0.641,116.52,-0.4,26.6,True
mirages_11,6,207.0,272.5,Bb3,58,0.224,0.672,233.05,-0.2,35.2,True
mirages_11,6,207.0,272.5,Ab2,44,0.155,0.397,103.88,1.0,23.3,True
mirages_11,6,207.0,272.5,Eb2,39,0.153,0.099,77.84,1.2,18.5,False
mirages_11,7,272.5,362.5,C3,48,1.0,0.983,130.82,0.1,28.9,True
mirages_11,7,272.5,362.5,Bb3,58,0.329,0.828,233.06,-0.1,31.3,True
mirages_11,7,272.5,362.5,Eb3,51,0.314,0.933,155.54,-0.3,24.4,True
mirages_11,7,272.5,362.5,Ab2,44,0.235,0.5,103.87,0.7,19.8,True
mirages_11,7,272.5,362.5,Bb2,46,0.173,0.522,116.51,-0.4,18.7,True
mirages_11,7,272.5,362.5,Eb2,39,0.136,0.056,77.84,1.3,13.1,False
mirages_11,8,362.5,366.0,C3,48,1.0,1.0,130.82,0.1,31.6,True
mirages_11,8,362.5,366.0,Eb3,51,0.225,0.857,155.57,0.0,26.2,True
mirages_11,8,362.5,366.0,G3,55,0.194,1.0,195.95,-0.5,28.7,True
mirages_11,8,362.5,366.0,C2,36,0.148,0.143,65.22,-4.9,20.8,False
mirages_11,8,362.5,366.0,Bb2,46,0.121,0.429,116.57,0.4,21.0,True
mirages_11,9,366.0,387.5,Eb3,51,1.0,1.0,155.55,-0.1,31.0,True
mirages_11,9,366.0,387.5,C3,48,0.574,0.837,130.87,0.7,28.2,True
mirages_11,9,366.0,387.5,G3,55,0.387,0.93,195.99,-0.0,32.1,True
mirages_11,9,366.0,387.5,C2,36,0.187,0.419,65.36,-1.2,21.6,True
mirages_11,10,387.5,432.5,C3,48,1.0,1.0,130.81,-0.0,31.4,True
mirages_11,10,387.5,432.5,Eb3,51,0.595,1.0,155.56,-0.1,30.4,True
mirages_11,10,387.5,432.5,Bb2,46,0.361,0.911,116.51,-0.4,26.5,True
mirages_11,10,387.5,432.5,G2,43,0.269,0.667,97.98,-0.3,18.4,True
mirages_11,10,387.5,432.5,Ab2,44,0.203,0.656,103.81,-0.3,21.4,True
mirages_11,10,387.5,432.5,Eb2,39,0.182,0.2,77.78,-0.1,16.4,False
mirages_11,10,387.5,432.5,Bb3,58,0.156,0.8,233.02,-0.5,31.2,True
mirages_11,10,387.5,432.5,F1,29,0.154,0.333,43.11,-21.8,7.5,True
mirages_11,11,432.5,459.0,G3,55,1.0,1.0,195.99,-0.0,31.3,True
mirages_11,11,432.5,459.0,Eb3,51,0.521,0.962,155.55,-0.2,22.2,True
mirages_11,11,432.5,459.0,C3,48,0.381,0.792,130.87,0.7,20.1,True
mirages_11,11,432.5,459.0,C2,36,0.378,0.736,65.36,-1.2,20.6,True
mirages_11,11,432.5,459.0,Bb3,58,0.284,0.811,233.04,-0.3,26.1,True
mirages_11,11,432.5,459.0,G2,43,0.273,0.623,97.96,-0.7,14.7,True
mirages_11,11,432.5,459.0,Ab2,44,0.17,0.491,103.89,1.1,15.3,True
mirages_11,11,432.5,459.0,Eb2,39,0.14,0.132,77.77,-0.3,11.1,False
mirages_11,12,459.0,476.5,C3,48,1.0,0.886,130.85,0.5,21.0,True
mirages_11,12,459.0,476.5,Eb3,51,0.935,1.0,155.54,-0.2,21.5,True
mirages_11,12,459.0,476.5,D4,62,0.609,0.857,293.7,0.2,20.5,True
mirages_11,12,459.0,476.5,Bb2,46,0.58,0.714,116.51,-0.4,16.2,True
mirages_11,12,459.0,476.5,G2,43,0.467,0.571,98.02,0.4,12.0,True
mirages_11,12,459.0,476.5,Bb3,58,0.425,0.914,233.05,-0.3,23.5,True
mirages_11,12,459.0,476.5,Eb2,39,0.258,0.171,77.78,0.1,9.2,False
mirages_11,12,459.0,476.5,G4,67,0.221,0.971,391.29,-3.1,25.2,True
mirages_11,13,476.5,512.5,F1,29,1.0,0.917,43.09,-22.4,8.0,True
mirages_11,13,476.5,512.5,C3,48,0.614,0.736,130.85,0.5,23.2,True
mirages_11,13,476.5,512.5,E1,28,0.491,0.944,41.88,28.3,6.0,False
mirages_11,13,476.5,512.5,Eb3,51,0.468,0.903,155.54,-0.2,20.2,True
mirages_11,13,476.5,512.5,Bb3,58,0.319,0.764,233.04,-0.3,24.1,True
mirages_11,13,476.5,512.5,G4,67,0.277,0.903,391.28,-3.2,24.7,True
mirages_11,13,476.5,512.5,G2,43,0.248,0.417,98.02,0.3,11.8,True
mirages_11,13,476.5,512.5,Bb2,46,0.239,0.486,116.51,-0.4,15.3,True
mirages_11,14,512.5,537.0,C3,48,1.0,0.878,130.86,0.6,20.7,True
mirages_11,14,512.5,537.0,Eb3,51,0.543,0.939,155.55,-0.2,21.0,True
mirages_11,14,512.5,537.0,Bb2,46,0.388,0.673,116.52,-0.4,15.5,True
mirages_11,14,512.5,537.0,Bb3,58,0.271,0.857,233.06,-0.2,23.3,True
mirages_11,14,512.5,537.0,G2,43,0.263,0.49,98.09,1.6,11.7,True
mirages_11,14,512.5,537.0,Ab2,44,0.202,0.429,103.89,1.1,13.3,True
mirages_11,14,512.5,537.0,G4,67,0.186,0.98,391.3,-3.1,23.5,True
mirages_11,14,512.5,537.0,Eb2,39,0.181,0.122,77.77,-0.3,9.7,False
mirages_11,15,537.0,607.5,C3,48,1.0,0.879,130.84,0.4,21.0,True
mirages_11,15,537.0,607.5,Eb3,51,0.787,0.965,155.55,-0.2,19.7,True
mirages_11,15,537.0,607.5,Bb3,58,0.353,0.858,233.04,-0.3,22.3,True
mirages_11,15,537.0,607.5,D4,62,0.291,0.674,293.68,0.1,18.4,True
mirages_11,15,537.0,607.5,G2,43,0.264,0.489,97.95,-0.8,11.5,True
mirages_11,15,537.0,607.5,Bb2,46,0.259,0.518,116.52,-0.3,14.2,True
mirages_11,15,537.0,607.5,Eb2,39,0.236,0.17,77.76,-0.4,9.4,False
mirages_11,15,537.0,607.5,G4,67,0.2,0.922,391.3,-3.1,24.3,True
mirages_11,16,607.5,645.21,G4,67,1.0,0.763,391.27,-3.2,22.8,True
mirages_11,16,607.5,645.21,Eb3,51,0.928,0.908,155.54,-0.2,14.8,True
mirages_11,16,607.5,645.21,C3,48,0.849,0.882,130.84,0.3,14.1,True
mirages_11,16,607.5,645.21,Eb4,63,0.393,0.908,310.51,-3.4,18.7,True
mirages_11,16,607.5,645.21,Bb3,58,0.259,0.816,232.97,-0.9,15.5,True
mirages_11,16,607.5,645.21,D4,62,0.217,0.579,293.28,-2.2,13.1,True
mirages_11,16,607.5,645.21,Eb2,39,0.198,0.079,77.99,4.5,3.9,False
mirages_11,16,607.5,645.21,G2,43,0.188,0.421,97.87,-2.2,7.5,True
mort_aux_vaches_01,1,0.0,90.0,G5,79,1.0,0.611,787.79,8.4,23.4,True
mort_aux_vaches_01,1,0.0,90.0,C#1,25,0.831,0.756,33.86,-40.1,4.0,False
mort_aux_vaches_01,1,0.0,90.0,B1,35,0.638,0.672,60.06,-47.7,5.7,False
mort_aux_vaches_01,1,0.0,90.0,Eb1,27,0.597,0.606,38.19,-31.6,2.8,False
mort_aux_vaches_01,1,0.0,90.0,G1,31,0.568,0.717,49.38,13.4,2.0,False
mort_aux_vaches_01,1,0.0,90.0,Bb1,34,0.516,0.672,59.38,32.8,3.3,False
mort_aux_vaches_01,1,0.0,90.0,E1,28,0.487,0.567,41.27,2.8,2.4,False
mort_aux_vaches_01,1,0.0,90.0,Bb2,46,0.419,0.867,114.1,-36.7,3.7,False
mort_aux_vaches_01,2,90.0,134.5,B1,35,1.0,0.933,60.06,-47.7,8.3,True
mort_aux_vaches_01,2,90.0,134.5,C#1,25,0.765,0.798,33.81,-42.2,4.1,False
mort_aux_vaches_01,2,90.0,134.5,Bb1,34,0.668,0.843,59.38,32.8,3.7,False
mort_aux_vaches_01,2,90.0,134.5,Eb1,27,0.65,0.708,38.32,-25.6,3.4,False
mort_aux_vaches_01,2,90.0,134.5,G1,31,0.465,0.674,49.85,29.7,4.7,False
mort_aux_vaches_01,2,90.0,134.5,Bb2,46,0.408,1.0,119.27,40.1,4.4,False
mort_aux_vaches_01,2,90.0,134.5,Ab1,32,0.296,0.551,51.37,-18.0,2.8,False
mort_aux_vaches_01,2,90.0,134.5,C1,24,0.276,0.517,33.14,23.0,2.0,False
mort_aux_vaches_01,3,134.5,178.5,G2,43,1.0,0.932,96.55,-25.8,10.9,True
mort_aux_vaches_01,3,134.5,178.5,C5,72,0.639,0.92,525.98,9.0,26.3,True
mort_aux_vaches_01,3,134.5,178.5,F2,41,0.628,0.807,87.51,4.0,7.9,True
mort_aux_vaches_01,3,134.5,178.5,C2,36,0.571,0.58,65.67,7.0,8.3,True
mort_aux_vaches_01,3,134.5,178.5,G1,31,0.349,0.614,49.68,24.0,7.1,True
mort_aux_vaches_01,3,134.5,178.5,F5,77,0.338,0.795,702.18,9.2,21.9,True
mort_aux_vaches_01,3,134.5,178.5,D2,38,0.308,0.5,73.5,1.9,11.7,True
mort_aux_vaches_01,3,134.5,178.5,Bb4,70,0.251,0.739,468.57,8.9,22.8,True
mort_aux_vaches_01,4,178.5,216.0,C2,36,1.0,0.653,64.71,-18.5,10.8,True
mort_aux_vaches_01,4,178.5,216.0,G2,43,0.901,0.827,98.14,2.5,10.6,True
mort_aux_vaches_01,4,178.5,216.0,F2,41,0.719,0.747,86.24,-21.3,8.6,True
mort_aux_vaches_01,4,178.5,216.0,F5,77,0.596,0.92,702.22,9.3,24.9,True
mort_aux_vaches_01,4,178.5,216.0,D2,38,0.483,0.56,73.49,1.7,12.7,True
mort_aux_vaches_01,4,178.5,216.0,C3,48,0.471,0.88,131.45,8.4,13.8,True
mort_aux_vaches_01,4,178.5,216.0,Bb4,70,0.429,0.84,468.78,9.7,23.2,True
mort_aux_vaches_01,4,178.5,216.0,C5,72,0.399,0.84,525.97,9.0,24.0,True
mort_aux_vaches_01,5,216.0,242.0,F2,41,1.0,0.865,87.62,6.2,16.7,True
mort_aux_vaches_01,5,216.0,242.0,G2,43,0.552,0.827,98.21,3.7,13.2,True
mort_aux_vaches_01,5,216.0,242.0,Bb4,70,0.335,0.846,468.71,9.4,24.5,True
mort_aux_vaches_01,5,216.0,242.0,C2,36,0.258,0.365,64.63,-20.7,9.8,True
mort_aux_vaches_01,5,216.0,242.0,F5,77,0.252,0.75,702.27,9.4,26.5,True
mort_aux_vaches_01,5,216.0,242.0,C3,48,0.236,0.654,131.32,6.8,11.0,True
mort_aux_vaches_01,5,216.0,242.0,C5,72,0.169,0.827,526.05,9.2,22.9,True
mort_aux_vaches_01,5,216.0,242.0,Bb3,58,0.165,0.308,234.96,13.9,13.0,True
mort_aux_vaches_01,6,242.0,269.0,C2,36,1.0,0.889,64.7,-18.7,14.3,True
mort_aux_vaches_01,6,242.0,269.0,D2,38,0.601,0.704,73.46,0.9,15.4,True
mort_aux_vaches_01,6,242.0,269.0,G1,31,0.389,0.907,49.91,31.9,12.9,True
mort_aux_vaches_01,6,242.0,269.0,G2,43,0.371,0.833,97.24,-13.5,12.0,True
mort_aux_vaches_01,6,242.0,269.0,Ab2,44,0.249,0.574,104.53,11.7,12.7,True
mort_aux_vaches_01,6,242.0,269.0,G3,55,0.199,0.926,198.07,18.2,21.1,True
mort_aux_vaches_01,6,242.0,269.0,F1,29,0.145,0.333,43.45,-8.3,6.2,True
mort_aux_vaches_01,6,242.0,269.0,Bb2,46,0.128,0.444,117.32,11.6,12.0,True
mort_aux_vaches_01,7,269.0,317.5,Bb4,70,1.0,0.887,469.1,10.9,26.4,True
mort_aux_vaches_01,7,269.0,317.5,F5,77,0.956,0.907,702.74,10.6,32.2,True
mort_aux_vaches_01,7,269.0,317.5,C5,72,0.648,0.814,526.55,10.9,25.9,True
mort_aux_vaches_01,7,269.0,317.5,G4,67,0.541,0.866,395.05,13.4,18.8,True
mort_aux_vaches_01,7,269.0,317.5,F2,41,0.406,0.443,89.67,46.1,7.9,True
mort_aux_vaches_01,7,269.0,317.5,C3,48,0.392,0.505,131.24,5.7,9.8,True
mort_aux_vaches_01,7,269.0,317.5,G2,43,0.368,0.423,97.13,-15.4,7.4,True
mort_aux_vaches_01,7,269.0,317.5,A4,69,0.224,0.247,443.42,13.4,14.4,False
mort_aux_vaches_01,8,317.5,348.5,C2,36,1.0,0.952,64.59,-21.8,10.1,True
mort_aux_vaches_01,8,317.5,348.5,F2,41,0.502,0.952,89.67,46.1,9.3,True
mort_aux_vaches_01,8,317.5,348.5,G1,31,0.38,0.661,49.82,28.6,8.0,True
mort_aux_vaches_01,8,317.5,348.5,C#1,25,0.362,0.645,34.69,2.2,5.4,False
mort_aux_vaches_01,8,317.5,348.5,G2,43,0.342,0.806,98.03,0.6,7.2,True
mort_aux_vaches_01,8,317.5,348.5,D2,38,0.329,0.581,73.48,1.5,8.8,True
mort_aux_vaches_01,8,317.5,348.5,Eb1,27,0.248,0.629,38.7,-8.6,3.4,False
mort_aux_vaches_01,8,317.5,348.5,F1,29,0.245,0.532,43.28,-14.9,3.7,False
mort_aux_vaches_01,9,348.5,425.5,G1,31,1.0,0.779,49.74,25.8,9.4,True
mort_aux_vaches_01,9,348.5,425.5,F2,41,0.988,0.896,85.04,-45.5,6.4,True
mort_aux_vaches_01,9,348.5,425.5,C2,36,0.934,0.857,64.43,-26.1,8.7,True
mort_aux_vaches_01,9,348.5,425.5,C#1,25,0.693,0.721,34.66,0.6,5.5,False
mort_aux_vaches_01,9,348.5,425.5,G2,43,0.625,0.76,97.1,-16.0,7.1,True
mort_aux_vaches_01,9,348.5,425.5,F1,29,0.434,0.5,43.33,-12.8,4.6,False
mort_aux_vaches_01,9,348.5,425.5,E1,28,0.427,0.61,41.8,25.0,3.0,False
mort_aux_vaches_01,9,348.5,425.5,E2,40,0.369,0.675,82.62,4.4,2.2,False
mort_aux_vaches_01,10,425.5,451.0,F3,53,1.0,0.843,177.71,30.4,19.9,True
mort_aux_vaches_01,10,425.5,451.0,C#1,25,0.691,0.725,35.31,33.0,3.8,False
mort_aux_vaches_01,10,425.5,451.0,F#1,30,0.654,0.608,45.9,-13.3,5.2,False
mort_aux_vaches_01,10,425.5,451.0,D1,26,0.449,0.549,35.87,-39.9,3.7,False
mort_aux_vaches_01,10,425.5,451.0,Eb1,27,0.434,0.51,38.84,-2.2,3.1,False
mort_aux_vaches_01,10,425.5,451.0,D2,38,0.384,0.706,73.89,11.1,8.9,True
mort_aux_vaches_01,10,425.5,451.0,C#3,49,0.289,0.686,141.26,33.0,12.1,True
mort_aux_vaches_01,10,425.5,451.0,F2,41,0.282,0.686,87.02,-5.7,4.0,False
mort_aux_vaches_01,11,451.0,509.0,Ab1,32,1.0,0.983,50.64,-43.0,12.9,True
mort_aux_vaches_01,11,451.0,509.0,G1,31,0.738,0.931,50.3,45.4,9.5,True
mort_aux_vaches_01,11,451.0,509.0,Eb1,27,0.235,0.491,38.34,-24.7,3.5,False
mort_aux_vaches_01,11,451.0,509.0,B1,35,0.211,0.56,60.18,-44.3,10.3,True
mort_aux_vaches_01,11,451.0,509.0,F#1,30,0.132,0.44,45.01,-46.8,4.1,False
mort_aux_vaches_01,11,451.0,509.0,G2,43,0.123,0.81,99.25,22.0,8.1,True
mort_aux_vaches_01,12,509.0,599.0,G1,31,1.0,0.983,50.3,45.4,15.2,True
mort_aux_vaches_01,12,509.0,599.0,Ab1,32,0.871,0.989,50.64,-43.1,12.6,True
mort_aux_vaches_01,12,509.0,599.0,B1,35,0.13,0.289,60.08,-47.1,10.7,True
mort_aux_vaches_01,12,509.0,599.0,Eb3,51,0.127,0.756,151.57,-45.0,18.1,True
mort_aux_vaches_01,13,599.0,600.5,Ab1,32,1.0,1.0,50.85,-35.9,17.8,True
mort_aux_vaches_01,13,599.0,600.5,G1,31,0.571,1.0,49.62,21.7,5.4,False
mort_aux_vaches_01,13,599.0,600.5,Bb1,34,0.16,0.667,59.72,42.6,13.8,True
mort_aux_vaches_01,13,599.0,600.5,B1,35,0.152,0.667,60.06,-47.7,14.3,True
mort_aux_vaches_01,14,600.5,617.5,Ab1,32,1.0,0.971,50.64,-43.1,19.6,True
mort_aux_vaches_01,14,600.5,617.5,B1,35,0.489,0.882,60.18,-44.2,15.8,True
mort_aux_vaches_01,14,600.5,617.5,G1,31,0.459,0.794,49.96,33.7,9.0,True
mort_aux_vaches_01,14,600.5,617.5,F#1,30,0.388,0.647,45.0,-47.3,10.9,True
mort_aux_vaches_01,14,600.5,617.5,Bb1,34,0.235,0.794,58.9,18.5,5.0,False
mort_aux_vaches_01,14,600.5,617.5,F1,29,0.194,0.618,44.92,49.4,10.8,True
mort_aux_vaches_01,15,617.5,650.0,G1,31,1.0,0.985,50.3,45.4,16.8,True
mort_aux_vaches_01,15,617.5,650.0,Ab1,32,0.894,1.0,50.64,-43.1,17.6,True
mort_aux_vaches_01,15,617.5,650.0,B1,35,0.225,0.4,60.06,-47.6,15.4,True
mort_aux_vaches_01,15,617.5,650.0,Bb1,34,0.126,0.354,59.38,32.8,8.1,True
mort_aux_vaches_01,16,650.0,740.0,Ab1,32,1.0,1.0,50.64,-43.1,12.7,True
mort_aux_vaches_01,16,650.0,740.0,G1,31,0.787,0.95,50.23,43.1,13.2,True
mort_aux_vaches_01,16,650.0,740.0,B1,35,0.131,0.233,60.08,-47.0,13.2,False
mort_aux_vaches_01,17,740.0,755.5,Ab1,32,1.0,0.968,50.64,-43.1,13.1,True
mort_aux_vaches_01,17,740.0,755.5,G1,31,0.935,0.968,50.3,45.4,11.7,True
mort_aux_vaches_01,17,740.0,755.5,B1,35,0.897,0.774,60.06,-47.7,17.4,True
mort_aux_vaches_01,17,740.0,755.5,Bb1,34,0.503,0.839,59.72,42.6,12.0,True
mort_aux_vaches_01,17,740.0,755.5,F#1,30,0.177,0.452,45.14,-42.0,6.7,True
mort_aux_vaches_01,17,740.0,755.5,F1,29,0.12,0.387,44.92,49.4,6.3,True
mort_aux_vaches_01,18,755.5,773.5,B1,35,1.0,0.944,60.06,-47.7,17.3,True
mort_aux_vaches_01,18,755.5,773.5,Ab1,32,0.89,0.806,50.64,-43.1,10.6,True
mort_aux_vaches_01,18,755.5,773.5,G1,31,0.535,0.861,50.3,45.4,10.3,True
mort_aux_vaches_01,18,755.5,773.5,Bb1,34,0.524,0.889,59.72,42.6,11.5,True
mort_aux_vaches_01,18,755.5,773.5,F#1,30,0.233,0.75,45.05,-45.5,7.2,True
mort_aux_vaches_01,18,755.5,773.5,F1,29,0.136,0.5,44.92,49.4,9.6,True
mort_aux_vaches_01,18,755.5,773.5,C#1,25,0.134,0.583,34.03,-31.2,6.7,True
mort_aux_vaches_01,19,773.5,826.0,G1,31,1.0,0.8,49.97,34.0,4.8,False
mort_aux_vaches_01,19,773.5,826.0,B5,83,0.796,0.61,1000.22,21.7,17.3,True
mort_aux_vaches_01,19,773.5,826.0,Bb6,94,0.791,0.819,1912.78,44.1,5.6,False
mort_aux_vaches_01,19,773.5,826.0,C6,84,0.482,0.362,1035.2,-18.8,3.1,False
mort_aux_vaches_01,19,773.5,826.0,Ab5,80,0.443,0.467,832.69,4.3,7.2,True
mort_aux_vaches_01,19,773.5,826.0,A6,93,0.426,0.724,1794.01,33.1,7.5,True
mort_aux_vaches_01,19,773.5,826.0,D1,26,0.425,0.59,36.0,-33.5,1.3,False
mort_aux_vaches_01,19,773.5,826.0,F5,77,0.422,0.362,681.74,-41.9,4.8,False
mort_aux_vaches_01,20,826.0,860.5,Bb6,94,1.0,0.957,1912.75,44.1,6.4,True
mort_aux_vaches_01,20,826.0,860.5,F5,77,0.748,0.681,681.71,-42.0,10.4,True
mort_aux_vaches_01,20,826.0,860.5,A4,69,0.645,0.87,451.45,44.5,14.5,True
mort_aux_vaches_01,20,826.0,860.5,Bb4,70,0.505,0.855,455.92,-38.5,12.1,True
mort_aux_vaches_01,20,826.0,860.5,C6,84,0.466,0.42,1053.24,11.1,5.8,False
mort_aux_vaches_01,20,826.0,860.5,C#6,85,0.435,0.58,1135.21,40.9,7.7,True
mort_aux_vaches_01,20,826.0,860.5,G6,91,0.43,0.783,1571.14,3.5,6.0,True
mort_aux_vaches_01,20,826.0,860.5,A6,93,0.349,0.812,1794.0,33.1,9.8,True
mort_aux_vaches_01,21,860.5,890.5,G2,43,1.0,0.833,98.26,4.7,24.1,True
mort_aux_vaches_01,21,860.5,890.5,A5,81,0.593,0.933,884.3,8.4,30.2,True
mort_aux_vaches_01,21,860.5,890.5,G5,79,0.572,0.75,787.91,8.6,29.9,True
mort_aux_vaches_01,21,860.5,890.5,F3,53,0.568,0.633,175.05,4.3,25.3,True
mort_aux_vaches_01,21,860.5,890.5,D5,74,0.413,0.633,590.11,8.2,30.0,True
mort_aux_vaches_01,21,860.5,890.5,D3,50,0.395,0.567,147.36,6.2,20.0,True
mort_aux_vaches_01,21,860.5,890.5,A4,69,0.35,0.75,442.25,8.8,22.4,True
mort_aux_vaches_01,21,860.5,890.5,C3,48,0.307,0.25,131.15,4.4,21.1,True
mort_aux_vaches_01,22,890.5,980.5,G2,43,1.0,0.85,98.26,4.7,24.7,True
mort_aux_vaches_01,22,890.5,980.5,G5,79,0.819,0.889,787.85,8.5,36.0,True
mort_aux_vaches_01,22,890.5,980.5,F3,53,0.667,0.744,175.15,5.3,23.3,True
mort_aux_vaches_01,22,890.5,980.5,D3,50,0.474,0.7,147.45,7.3,19.0,True
mort_aux_vaches_01,22,890.5,980.5,A4,69,0.33,0.717,442.28,9.0,22.8,True
mort_aux_vaches_01,22,890.5,980.5,Bb2,46,0.327,0.456,116.8,3.9,16.7,True
mort_aux_vaches_01,22,890.5,980.5,A5,81,0.3,0.772,884.31,8.5,32.8,True
mort_aux_vaches_01,22,890.5,980.5,C5,72,0.288,0.694,525.81,8.5,31.8,True
mort_aux_vaches_01,23,980.5,1055.0,F1,29,1.0,0.899,43.08,-22.9,13.1,True
mort_aux_vaches_01,23,980.5,1055.0,D3,50,0.694,0.819,147.63,9.4,19.1,True
mort_aux_vaches_01,23,980.5,1055.0,G5,79,0.416,0.826,787.91,8.6,32.2,True
mort_aux_vaches_01,23,980.5,1055.0,A5,81,0.396,0.906,884.94,9.7,30.9,True
mort_aux_vaches_01,23,980.5,1055.0,A4,69,0.34,0.779,442.23,8.8,20.7,True
mort_aux_vaches_01,23,980.5,1055.0,G2,43,0.288,0.638,98.27,4.8,9.0,True
mort_aux_vaches_01,23,980.5,1055.0,F3,53,0.183,0.55,175.28,6.6,14.1,True
mort_aux_vaches_01,23,980.5,1055.0,E1,28,0.168,0.55,41.33,5.4,2.5,False
mort_aux_vaches_01,24,1055.0,1145.0,D3,50,1.0,1.0,147.64,9.5,18.5,True
mort_aux_vaches_01,24,1055.0,1145.0,G2,43,0.386,0.944,100.01,35.2,11.0,True
mort_aux_vaches_01,24,1055.0,1145.0,F3,53,0.316,0.756,175.54,9.1,16.1,True
mort_aux_vaches_01,24,1055.0,1145.0,G1,31,0.219,0.561,49.79,27.6,6.7,True
mort_aux_vaches_01,24,1055.0,1145.0,G5,79,0.197,0.778,787.95,8.7,34.3,True
mort_aux_vaches_01,24,1055.0,1145.0,D2,38,0.177,0.656,73.53,2.7,4.7,False
mort_aux_vaches_01,24,1055.0,1145.0,A5,81,0.145,0.85,885.06,9.9,31.5,True
mort_aux_vaches_01,25,1145.0,1186.5,D3,50,1.0,0.988,147.53,8.3,13.5,True
mort_aux_vaches_01,25,1145.0,1186.5,B1,35,0.594,0.843,60.06,-47.7,5.6,False
mort_aux_vaches_01,25,1145.0,1186.5,Bb1,34,0.441,0.819,59.63,40.0,6.4,True
mort_aux_vaches_01,25,1145.0,1186.5,Bb2,46,0.235,0.88,119.21,39.3,12.6,True
mort_aux_vaches_01,25,1145.0,1186.5,F#2,42,0.214,0.867,90.81,-31.8,5.9,False
mort_aux_vaches_01,25,1145.0,1186.5,G2,43,0.209,0.783,100.02,35.4,8.0,True
mort_aux_vaches_01,25,1145.0,1186.5,D2,38,0.185,0.639,73.59,4.0,5.2,False
mort_aux_vaches_01,25,1145.0,1186.5,C#1,25,0.159,0.494,33.94,-35.8,3.9,False
mort_aux_vaches_01,26,1186.5,1230.5,B1,35,1.0,0.977,60.06,-47.7,8.9,True
mort_aux_vaches_01,26,1186.5,1230.5,D3,50,0.784,0.966,146.07,-9.0,10.3,True
mort_aux_vaches_01,26,1186.5,1230.5,Bb1,34,0.686,0.943,59.72,42.6,7.3,True
mort_aux_vaches_01,26,1186.5,1230.5,F#2,42,0.685,0.818,90.48,-38.2,7.1,True
mort_aux_vaches_01,26,1186.5,1230.5,F#3,54,0.396,0.807,188.18,29.5,13.4,True
mort_aux_vaches_01,26,1186.5,1230.5,F2,41,0.33,0.807,88.43,22.1,6.3,True
mort_aux_vaches_01,26,1186.5,1230.5,C#1,25,0.248,0.523,34.23,-20.9,4.0,False
mort_aux_vaches_01,26,1186.5,1230.5,Ab3,56,0.185,0.625,209.09,12.0,8.9,True
mort_aux_vaches_01,27,1230.5,1257.5,F#3,54,1.0,1.0,189.15,38.5,17.3,True
mort_aux_vaches_01,27,1230.5,1257.5,D3,50,0.533,0.944,147.91,12.6,11.4,True
mort_aux_vaches_01,27,1230.5,1257.5,F#2,42,0.465,0.852,91.46,-19.5,5.8,False
mort_aux_vaches_01,27,1230.5,1257.5,B1,35,0.412,0.778,60.06,-47.7,8.4,True
mort_aux_vaches_01,27,1230.5,1257.5,Bb1,34,0.282,0.648,59.72,42.6,9.7,True
mort_aux_vaches_01,27,1230.5,1257.5,G1,31,0.199,0.333,49.14,4.8,4.3,False
mort_aux_vaches_01,27,1230.5,1257.5,D1,26,0.197,0.37,37.31,28.4,1.1,False
mort_aux_vaches_01,27,1230.5,1257.5,F2,41,0.177,0.704,88.12,15.9,7.8,True
mort_aux_vaches_01,28,1257.5,1316.0,C#1,25,1.0,0.718,34.36,-14.7,5.0,False
mort_aux_vaches_01,28,1257.5,1316.0,B1,35,0.883,0.889,60.39,-38.0,8.3,True
mort_aux_vaches_01,28,1257.5,1316.0,F#2,42,0.782,0.846,91.17,-25.1,6.7,True
mort_aux_vaches_01,28,1257.5,1316.0,Bb1,34,0.697,0.838,59.72,42.6,10.2,True
mort_aux_vaches_01,28,1257.5,1316.0,G1,31,0.413,0.607,49.23,8.0,3.7,False
mort_aux_vaches_01,28,1257.5,1316.0,D1,26,0.403,0.624,37.36,30.4,1.7,False
mort_aux_vaches_01,28,1257.5,1316.0,F2,41,0.249,0.735,89.02,33.6,5.7,False
mort_aux_vaches_01,28,1257.5,1316.0,D3,50,0.243,0.667,145.99,-9.9,12.0,True
mort_aux_vaches_01,29,1316.0,1406.0,D2,38,1.0,0.956,73.94,12.2,11.9,True
mort_aux_vaches_01,29,1316.0,1406.0,C#1,25,0.469,0.778,34.77,5.9,4.6,False
mort_aux_vaches_01,29,1316.0,1406.0,D1,26,0.399,0.794,37.12,19.5,0.3,False
mort_aux_vaches_01,29,1316.0,1406.0,Eb1,27,0.295,0.561,37.95,-42.3,12.0,True
mort_aux_vaches_01,29,1316.0,1406.0,G1,31,0.173,0.433,49.42,14.7,8.3,True
mort_aux_vaches_01,29,1316.0,1406.0,E3,52,0.136,0.389,166.06,13.1,14.5,True
mort_aux_vaches_01,29,1316.0,1406.0,E2,40,0.133,0.317,83.23,17.3,11.2,True
mort_aux_vaches_01,30,1406.0,1459.5,D2,38,1.0,0.963,73.93,12.1,13.7,True
mort_aux_vaches_01,30,1406.0,1459.5,C#1,25,0.366,0.729,35.2,27.3,1.8,False
mort_aux_vaches_01,30,1406.0,1459.5,D1,26,0.356,0.804,36.67,-1.9,-0.4,False
mort_aux_vaches_01,30,1406.0,1459.5,G1,31,0.263,0.402,49.4,14.0,11.0,True
mort_aux_vaches_01,30,1406.0,1459.5,Eb1,27,0.208,0.523,37.88,-45.6,10.9,True
mort_aux_vaches_01,30,1406.0,1459.5,E2,40,0.199,0.374,83.23,17.3,10.6,True
mort_aux_vaches_01,30,1406.0,1459.5,E3,52,0.143,0.561,164.31,-5.3,13.9,True
mort_aux_vaches_01,30,1406.0,1459.5,Eb2,39,0.13,0.664,76.21,-35.4,5.7,False
mort_aux_vaches_01,31,1459.5,1474.5,D2,38,1.0,0.967,73.93,12.1,11.9,True
mort_aux_vaches_01,31,1459.5,1474.5,Eb2,39,0.207,0.767,75.91,-42.1,6.2,True
mort_aux_vaches_01,31,1459.5,1474.5,E2,40,0.187,0.467,83.3,18.6,9.2,True
mort_aux_vaches_01,31,1459.5,1474.5,E3,52,0.177,0.6,164.37,-4.7,14.0,True
mort_aux_vaches_01,31,1459.5,1474.5,D1,26,0.154,0.533,36.76,2.3,1.3,False
mort_aux_vaches_01,31,1459.5,1474.5,C#1,25,0.153,0.4,35.34,34.3,2.2,False
mort_aux_vaches_01,31,1459.5,1474.5,G2,43,0.126,0.4,97.17,-14.7,7.6,True
mort_aux_vaches_01,32,1474.5,1491.0,D2,38,1.0,0.939,73.96,12.8,11.1,True
mort_aux_vaches_01,32,1474.5,1491.0,Eb2,39,0.213,0.727,75.87,-43.1,6.4,True
mort_aux_vaches_01,32,1474.5,1491.0,G2,43,0.203,0.606,97.31,-12.3,7.6,True
mort_aux_vaches_01,32,1474.5,1491.0,G1,31,0.195,0.667,50.1,38.5,7.8,True
mort_aux_vaches_01,32,1474.5,1491.0,D1,26,0.145,0.394,36.79,3.6,0.1,False
mort_aux_vaches_01,32,1474.5,1491.0,E3,52,0.128,0.364,166.02,12.7,11.0,True
mort_aux_vaches_01,33,1491.0,1521.0,D2,38,1.0,0.883,73.95,12.6,11.4,True
mort_aux_vaches_01,33,1491.0,1521.0,E2,40,0.276,0.4,83.22,17.0,13.3,True
mort_aux_vaches_01,33,1491.0,1521.0,D1,26,0.25,0.567,37.18,22.0,1.5,False
mort_aux_vaches_01,33,1491.0,1521.0,Eb1,27,0.213,0.55,37.95,-42.3,9.8,True
mort_aux_vaches_01,33,1491.0,1521.0,C#1,25,0.213,0.55,34.83,9.0,2.9,False
mort_aux_vaches_01,33,1491.0,1521.0,E3,52,0.162,0.517,166.06,13.1,16.0,True
mort_aux_vaches_01,33,1491.0,1521.0,Eb2,39,0.151,0.733,75.87,-43.1,4.9,False
mort_aux_vaches_01,34,1521.0,1574.0,F#1,30,1.0,0.679,45.05,-45.6,8.0,True
mort_aux_vaches_01,34,1521.0,1574.0,F1,29,0.63,0.575,44.92,49.4,6.9,True
mort_aux_vaches_01,34,1521.0,1574.0,Eb1,27,0.608,0.594,39.87,43.0,8.6,True
mort_aux_vaches_01,34,1521.0,1574.0,Ab1,32,0.572,0.632,50.99,-31.1,9.7,True
mort_aux_vaches_01,34,1521.0,1574.0,Bb2,46,0.551,0.84,119.61,45.0,16.2,True
mort_aux_vaches_01,34,1521.0,1574.0,E1,28,0.386,0.509,41.01,-8.1,2.9,False
mort_aux_vaches_01,34,1521.0,1574.0,G1,31,0.369,0.575,50.21,42.4,5.9,False
mort_aux_vaches_01,34,1521.0,1574.0,B2,47,0.348,0.708,120.37,-44.0,14.1,True
mort_aux_vaches_01,35,1574.0,1591.5,F#1,30,1.0,0.743,45.01,-46.9,10.1,True
mort_aux_vaches_01,35,1574.0,1591.5,Eb1,27,0.579,0.686,39.79,39.5,9.9,True
mort_aux_vaches_01,35,1574.0,1591.5,F1,29,0.485,0.657,44.92,49.4,9.7,True
mort_aux_vaches_01,35,1574.0,1591.5,B1,35,0.393,0.371,61.13,-17.1,5.4,False
mort_aux_vaches_01,35,1574.0,1591.5,Bb1,34,0.373,0.286,59.42,33.9,8.4,True
mort_aux_vaches_01,35,1574.0,1591.5,Bb2,46,0.368,0.914,119.5,43.5,15.6,True
mort_aux_vaches_01,35,1574.0,1591.5,Ab1,32,0.345,0.514,50.91,-33.9,8.6,True
mort_aux_vaches_01,35,1574.0,1591.5,G1,31,0.29,0.543,49.86,30.1,6.3,True
mort_aux_vaches_01,36,1591.5,1621.5,G1,31,1.0,0.8,49.88,30.9,10.7,True
mort_aux_vaches_01,36,1591.5,1621.5,Ab1,32,0.924,0.683,51.09,-27.5,9.6,True
mort_aux_vaches_01,36,1591.5,1621.5,Bb1,34,0.563,0.583,59.01,21.7,7.2,True
mort_aux_vaches_01,36,1591.5,1621.5,B1,35,0.512,0.55,60.2,-43.7,7.7,True
mort_aux_vaches_01,36,1591.5,1621.5,Eb1,27,0.343,0.45,39.85,42.4,5.2,False
mort_aux_vaches_01,36,1591.5,1621.5,C2,36,0.326,0.35,66.77,35.8,7.2,True
mort_aux_vaches_01,36,1591.5,1621.5,F#1,30,0.318,0.55,44.99,-47.8,6.5,True
mort_aux_vaches_01,36,1591.5,1621.5,F1,29,0.27,0.65,44.92,49.4,6.2,True
mort_aux_vaches_01,37,1621.5,1652.5,Ab1,32,1.0,0.935,50.64,-43.1,9.7,True
mort_aux_vaches_01,37,1621.5,1652.5,G1,31,0.778,0.79,50.3,45.4,7.2,True
mort_aux_vaches_01,37,1621.5,1652.5,B1,35,0.529,0.677,60.15,-45.1,10.4,True
mort_aux_vaches_01,37,1621.5,1652.5,Bb1,34,0.445,0.597,59.38,32.8,8.0,True
mort_aux_vaches_01,37,1621.5,1652.5,Eb1,27,0.309,0.597,39.83,41.2,7.8,True
mort_aux_vaches_01,37,1621.5,1652.5,Eb3,51,0.229,0.871,151.57,-45.0,20.7,True
mort_aux_vaches_01,37,1621.5,1652.5,D3,50,0.168,0.903,150.23,39.6,12.2,True
mort_aux_vaches_01,37,1621.5,1652.5,F#1,30,0.165,0.581,45.04,-46.0,4.7,False
mort_aux_vaches_01,38,1652.5,1668.5,G1,31,1.0,0.719,49.61,21.6,12.5,True
mort_aux_vaches_01,38,1652.5,1668.5,B1,35,0.804,0.781,60.2,-43.5,11.0,True
mort_aux_vaches_01,38,1652.5,1668.5,Ab1,32,0.722,0.688,50.66,-42.4,13.5,True
mort_aux_vaches_01,38,1652.5,1668.5,Bb1,34,0.638,0.75,59.38,32.8,5.3,False
mort_aux_vaches_01,39,1668.5,1699.5,Bb1,34,1.0,0.774,58.64,11.1,10.5,True
mort_aux_vaches_01,39,1668.5,1699.5,B1,35,0.718,0.806,60.93,-22.6,10.3,True
mort_aux_vaches_01,39,1668.5,1699.5,G1,31,0.329,0.661,49.96,33.7,6.9,True
mort_aux_vaches_01,39,1668.5,1699.5,Ab1,32,0.298,0.677,50.74,-39.5,8.2,True
mort_aux_vaches_01,39,1668.5,1699.5,F#1,30,0.209,0.484,44.92,-50.6,7.1,True
mort_aux_vaches_01,39,1668.5,1699.5,F1,29,0.14,0.419,44.86,47.2,8.2,True
mort_aux_vaches_01,40,1699.5,1728.0,Ab1,32,1.0,0.842,50.67,-42.0,10.9,True
mort_aux_vaches_01,40,1699.5,1728.0,G1,31,0.932,0.842,49.95,33.2,8.4,True
mort_aux_vaches_01,40,1699.5,1728.0,E1,28,0.584,0.825,40.21,-42.4,9.9,True
mort_aux_vaches_01,40,1699.5,1728.0,Bb1,34,0.566,0.544,59.72,42.6,6.2,True
mort_aux_vaches_01,40,1699.5,1728.0,B1,35,0.444,0.649,60.14,-45.4,7.4,True
mort_aux_vaches_01,40,1699.5,1728.0,Eb1,27,0.441,0.807,39.87,43.0,9.1,True
mort_aux_vaches_01,40,1699.5,1728.0,Bb2,46,0.186,0.667,118.69,31.6,10.1,True
mort_aux_vaches_01,40,1699.5,1728.0,F#1,30,0.18,0.368,46.04,-7.9,2.0,False
mort_aux_vaches_01,41,1728.0,1744.5,G1,31,1.0,0.788,49.25,8.8,8.7,True
mort_aux_vaches_01,41,1728.0,1744.5,Bb1,34,0.723,0.576,59.47,35.2,5.9,False
mort_aux_vaches_01,41,1728.0,1744.5,B1,35,0.611,0.606,60.85,-24.9,6.6,True
mort_aux_vaches_01,41,1728.0,1744.5,D3,50,0.588,0.727,149.15,27.1,15.2,True
mort_aux_vaches_01,41,1728.0,1744.5,Ab1,32,0.405,0.485,52.81,29.8,1.1,False
mort_aux_vaches_01,41,1728.0,1744.5,Eb2,39,0.317,0.394,77.09,-15.5,6.8,True
mort_aux_vaches_01,41,1728.0,1744.5,C#1,25,0.203,0.394,34.32,-16.6,4.9,False
mort_aux_vaches_01,41,1728.0,1744.5,F3,53,0.156,0.242,175.44,8.2,9.0,False
mort_aux_vaches_01,42,1744.5,1834.5,G1,31,1.0,0.978,49.57,20.1,10.4,True
mort_aux_vaches_01,42,1744.5,1834.5,Ab1,32,0.677,0.95,50.64,-43.1,13.3,True
mort_aux_vaches_01,43,1834.5,1862.5,G1,31,1.0,1.0,49.57,20.1,14.0,True
mort_aux_vaches_01,43,1834.5,1862.5,Ab1,32,0.623,0.893,50.64,-43.0,15.8,True
mort_aux_vaches_01,43,1834.5,1862.5,D3,50,0.572,1.0,148.86,23.7,14.5,True
mort_aux_vaches_01,43,1834.5,1862.5,Eb3,51,0.326,1.0,151.57,-45.0,16.5,True
mort_aux_vaches_01,43,1834.5,1862.5,Eb2,39,0.223,0.446,77.36,-9.4,13.1,True
mort_aux_vaches_01,43,1834.5,1862.5,D2,38,0.158,0.286,75.09,39.0,8.6,True
mort_aux_vaches_01,44,1862.5,1894.0,D3,50,1.0,0.952,148.83,23.4,9.2,True
mort_aux_vaches_01,44,1862.5,1894.0,G1,31,0.64,0.698,49.72,25.4,7.0,True
mort_aux_vaches_01,44,1862.5,1894.0,Eb3,51,0.618,0.857,152.24,-37.4,7.6,True
mort_aux_vaches_01,44,1862.5,1894.0,B1,35,0.566,0.937,60.06,-47.7,12.6,True
mort_aux_vaches_01,44,1862.5,1894.0,C#1,25,0.541,0.714,34.93,13.8,5.4,False
mort_aux_vaches_01,44,1862.5,1894.0,Bb1,34,0.478,0.889,59.35,31.9,3.6,False
mort_aux_vaches_01,44,1862.5,1894.0,Ab1,32,0.29,0.603,50.82,-36.9,4.3,False
mort_aux_vaches_01,44,1862.5,1894.0,Eb1,27,0.288,0.444,38.5,-17.7,1.9,False
mort_aux_vaches_01,45,1894.0,1921.5,D3,50,1.0,0.964,149.69,33.4,10.2,True
mort_aux_vaches_01,45,1894.0,1921.5,Eb3,51,0.755,0.982,152.22,-37.6,9.8,True
mort_aux_vaches_01,45,1894.0,1921.5,F#5,78,0.687,0.927,740.5,1.2,9.7,True
mort_aux_vaches_01,45,1894.0,1921.5,A5,81,0.524,0.855,901.04,40.9,7.6,True
mort_aux_vaches_01,45,1894.0,1921.5,G1,31,0.428,0.636,49.86,30.3,8.1,True
mort_aux_vaches_01,45,1894.0,1921.5,D6,86,0.347,0.855,1183.35,12.8,11.1,True
mort_aux_vaches_01,45,1894.0,1921.5,C6,84,0.25,0.8,1034.69,-19.7,9.4,True
mort_aux_vaches_01,45,1894.0,1921.5,D5,74,0.238,0.8,597.23,28.9,8.4,True
mort_aux_vaches_01,46,1921.5,1969.5,C2,36,1.0,0.198,65.5,2.4,23.1,False
mort_aux_vaches_01,46,1921.5,1969.5,Eb2,39,0.683,0.281,77.83,1.1,23.1,True
mort_aux_vaches_01,46,1921.5,1969.5,Ab2,44,0.549,0.271,103.85,0.4,24.1,True
mort_aux_vaches_01,46,1921.5,1969.5,Bb2,46,0.495,0.438,116.57,0.4,21.0,True
mort_aux_vaches_01,46,1921.5,1969.5,B5,83,0.167,0.573,1000.24,21.7,21.5,True
mort_aux_vaches_01,47,1969.5,1988.0,Ab2,44,1.0,0.568,103.81,-0.2,25.6,True
mort_aux_vaches_01,47,1969.5,1988.0,G3,55,0.29,0.297,196.02,0.2,23.1,True
mort_aux_vaches_01,47,1969.5,1988.0,C2,36,0.172,0.27,65.53,3.2,15.6,True
mort_aux_vaches_01,48,1988.0,2021.5,C2,36,1.0,0.239,65.43,0.5,24.2,False
mort_aux_vaches_01,48,1988.0,2021.5,Eb3,51,0.371,0.358,155.61,0.5,20.6,True
mort_aux_vaches_01,48,1988.0,2021.5,G2,43,0.299,0.343,98.04,0.7,14.2,True
mort_aux_vaches_01,48,1988.0,2021.5,Ab2,44,0.28,0.567,103.83,0.1,10.9,True
mort_aux_vaches_01,48,1988.0,2021.5,Bb2,46,0.247,0.224,116.58,0.6,15.2,False
mort_aux_vaches_01,48,1988.0,2021.5,G4,67,0.213,0.552,392.0,0.0,27.9,True
mort_aux_vaches_01,49,2021.5,2040.0,G2,43,1.0,0.568,98.07,1.2,13.6,True
mort_aux_vaches_01,49,2021.5,2040.0,Ab2,44,0.994,0.811,103.85,0.4,16.4,True
mort_aux_vaches_01,49,2021.5,2040.0,Bb3,58,0.186,0.27,233.12,0.3,25.1,True
mort_aux_vaches_01,49,2021.5,2040.0,F3,53,0.123,0.135,174.7,0.9,22.6,False
mort_aux_vaches_01,50,2040.0,2074.0,C2,36,1.0,0.721,65.28,-3.3,15.9,True
mort_aux_vaches_01,50,2040.0,2074.0,C3,48,0.546,0.765,130.65,-2.1,20.7,True
mort_aux_vaches_01,50,2040.0,2074.0,G2,43,0.485,0.294,98.04,0.8,15.2,True
mort_aux_vaches_01,50,2040.0,2074.0,Ab2,44,0.361,0.706,103.81,-0.3,13.5,True
mort_aux_vaches_01,50,2040.0,2074.0,F2,41,0.331,0.397,87.32,0.3,13.4,True
mort_aux_vaches_01,50,2040.0,2074.0,G4,67,0.259,0.75,391.45,-2.4,28.2,True
mort_aux_vaches_01,50,2040.0,2074.0,Eb1,27,0.221,0.221,38.61,-12.8,7.7,False
mort_aux_vaches_01,50,2040.0,2074.0,Eb2,39,0.178,0.235,77.82,0.8,12.8,False
mort_aux_vaches_01,51,2074.0,2102.5,F1,29,1.0,0.895,43.22,-17.3,8.2,True
mort_aux_vaches_01,51,2074.0,2102.5,Eb2,39,0.376,0.737,78.28,11.0,15.7,True
mort_aux_vaches_01,51,2074.0,2102.5,C2,36,0.229,0.596,65.16,-6.5,15.4,True
mort_aux_vaches_01,51,2074.0,2102.5,E1,28,0.175,0.719,41.56,15.1,2.6,False
mort_aux_vaches_01,51,2074.0,2102.5,F2,41,0.149,0.825,86.35,-19.1,18.6,True
mort_aux_vaches_01,51,2074.0,2102.5,F#1,30,0.122,0.544,44.92,-50.6,6.0,True
mort_aux_vaches_01,52,2102.5,2145.5,C2,36,1.0,0.988,65.4,-0.1,18.2,True
mort_aux_vaches_01,52,2102.5,2145.5,G2,43,0.577,0.884,97.72,-5.0,25.7,True
mort_aux_vaches_01,52,2102.5,2145.5,F1,29,0.268,0.593,43.97,12.6,7.3,True
mort_aux_vaches_01,52,2102.5,2145.5,Bb1,34,0.238,0.477,58.61,10.1,10.9,True
mort_aux_vaches_01,52,2102.5,2145.5,Eb2,39,0.162,0.512,77.87,2.0,14.0,True
mort_aux_vaches_01,53,2145.5,2166.5,F1,29,1.0,0.976,43.96,12.0,5.9,False
mort_aux_vaches_01,53,2145.5,2166.5,C2,36,0.685,0.857,65.57,4.4,15.0,True
mort_aux_vaches_01,53,2145.5,2166.5,E1,28,0.63,0.738,41.79,24.6,8.1,True
mort_aux_vaches_01,53,2145.5,2166.5,Eb2,39,0.441,0.786,78.31,11.7,13.2,True
mort_aux_vaches_01,53,2145.5,2166.5,F2,41,0.413,0.881,87.26,-1.0,13.3,True
mort_aux_vaches_01,53,2145.5,2166.5,G2,43,0.41,0.595,97.88,-2.0,15.0,True
mort_aux_vaches_01,53,2145.5,2166.5,F#2,42,0.261,0.762,90.3,-41.6,11.6,True
mort_aux_vaches_01,53,2145.5,2166.5,Eb5,75,0.187,0.476,622.07,-0.5,30.1,True
mort_aux_vaches_01,54,2166.5,2185.5,Eb1,27,1.0,0.974,38.87,-0.9,16.7,True
mort_aux_vaches_01,54,2166.5,2185.5,Eb2,39,0.585,0.947,77.84,1.4,23.0,True
mort_aux_vaches_01,54,2166.5,2185.5,C2,36,0.557,0.605,65.68,7.1,14.3,True
mort_aux_vaches_01,54,2166.5,2185.5,Eb5,75,0.367,0.868,622.58,0.9,33.9,True
mort_aux_vaches_01,54,2166.5,2185.5,C3,48,0.19,0.526,130.69,-1.6,20.4,True
mort_aux_vaches_01,54,2166.5,2185.5,Eb4,63,0.162,0.684,311.18,0.3,25.0,True
mort_aux_vaches_01,54,2166.5,2185.5,Bb1,34,0.152,0.237,58.65,11.1,7.2,False
mort_aux_vaches_01,54,2166.5,2185.5,G4,67,0.126,0.605,391.91,-0.4,26.8,True
mort_aux_vaches_01,55,2185.5,2208.0,F1,29,1.0,0.689,44.92,49.4,11.2,True
mort_aux_vaches_01,55,2185.5,2208.0,F#1,30,0.857,0.8,44.96,-48.8,15.3,True
mort_aux_vaches_01,55,2185.5,2208.0,F2,41,0.778,0.911,89.67,46.1,12.8,True
mort_aux_vaches_01,55,2185.5,2208.0,F#2,42,0.337,0.778,90.0,-47.4,14.8,True
mort_aux_vaches_01,55,2185.5,2208.0,Eb2,39,0.308,0.489,78.12,7.6,7.5,True
mort_aux_vaches_01,55,2185.5,2208.0,Eb1,27,0.24,0.378,38.56,-14.9,6.6,True
mort_aux_vaches_01,55,2185.5,2208.0,E1,28,0.225,0.267,41.96,31.6,2.8,False
mort_aux_vaches_01,55,2185.5,2208.0,Ab6,92,0.168,0.356,1659.4,-1.9,26.3,True
mort_aux_vaches_01,56,2208.0,2223.0,C2,36,1.0,1.0,65.28,-3.4,16.4,True
mort_aux_vaches_01,56,2208.0,2223.0,G2,43,0.35,0.733,98.01,0.2,17.7,True
mort_aux_vaches_01,57,2223.0,2240.0,G2,43,1.0,0.794,97.85,-2.6,19.4,True
mort_aux_vaches_01,57,2223.0,2240.0,Eb5,75,0.911,0.971,621.46,-2.2,25.6,True
mort_aux_vaches_01,57,2223.0,2240.0,Eb6,87,0.704,1.0,1242.52,-2.8,25.8,True
mort_aux_vaches_01,57,2223.0,2240.0,C2,36,0.7,0.353,65.21,-5.2,15.8,True
mort_aux_vaches_01,57,2223.0,2240.0,C3,48,0.646,0.794,131.6,10.4,16.5,True
mort_aux_vaches_01,57,2223.0,2240.0,Eb3,51,0.488,0.324,155.68,1.3,17.1,True
mort_aux_vaches_01,57,2223.0,2240.0,Eb4,63,0.438,0.765,312.91,9.9,16.5,True
mort_aux_vaches_01,57,2223.0,2240.0,B5,83,0.421,0.765,1000.2,21.7,25.2,True
mort_aux_vaches_01,58,2240.0,2324.5,G2,43,1.0,1.0,97.99,-0.1,24.2,True
mort_aux_vaches_01,58,2240.0,2324.5,C3,48,0.415,0.97,129.02,-23.8,17.4,True
mort_aux_vaches_01,58,2240.0,2324.5,C2,36,0.286,0.751,65.28,-3.3,12.2,True
mort_aux_vaches_01,58,2240.0,2324.5,F1,29,0.198,0.479,44.92,49.4,11.7,True
mort_aux_vaches_01,58,2240.0,2324.5,Eb2,39,0.19,0.408,78.04,5.8,15.0,True
mort_aux_vaches_01,58,2240.0,2324.5,Eb4,63,0.181,0.728,310.98,-0.8,12.9,True
mort_aux_vaches_01,58,2240.0,2324.5,Eb5,75,0.152,0.698,621.17,-3.0,23.5,True
mort_aux_vaches_01,58,2240.0,2324.5,F2,41,0.141,0.864,89.67,46.1,15.5,True
mort_aux_vaches_01,59,2324.5,2371.5,G2,43,1.0,1.0,98.0,-0.0,21.7,True
mort_aux_vaches_01,59,2324.5,2371.5,C3,48,0.329,0.968,129.03,-23.8,16.8,True
mort_aux_vaches_01,59,2324.5,2371.5,Eb2,39,0.208,0.755,78.06,6.1,15.7,True
mort_aux_vaches_01,60,2371.5,2443.91,G2,43,1.0,0.972,97.99,-0.2,22.4,True
mort_aux_vaches_01,60,2371.5,2443.91,F1,29,0.451,0.779,44.92,49.4,7.5,True
mort_aux_vaches_01,60,2371.5,2443.91,Eb2,39,0.309,0.89,78.02,5.3,15.0,True
mort_aux_vaches_01,60,2371.5,2443.91,F#1,30,0.262,0.848,45.01,-47.0,12.2,True
mort_aux_vaches_01,60,2371.5,2443.91,C2,36,0.259,0.772,65.35,-1.4,7.6,True
mort_aux_vaches_01,60,2371.5,2443.91,C1,24,0.125,0.048,31.83,-46.8,-3.6,False
